name,price,odometer,is_dealer,link,condition,fuel,paint color,title status,transmission,type,cylinders,drive,location,VIN,est. monthly pmt
2018 Toyota Prius – Excellent Condition!,20500,"100,514",0,https://www.craigslist.org/view/d/north-vancouver-southwest-2018-toyota/nYERSDL4B3tfLju4FpNz8H,excellent,hybrid,white,clean,automatic,hatchback,,,North Vancouver,,
2010 Dodge Grand Caravan // Minivan // 7-Seater // Second-family owned,5100,"213,000",0,https://www.craigslist.org/view/d/new-westminster-2010-dodge-grand/7z2VTukMR4hqtKgcyWmmy7,excellent,gas,red,clean,automatic,minivan,6 cylinders,fwd,New Westminster,,
2008 Saturn Astra XR,3650,"183,000",0,https://www.craigslist.org/view/d/burnaby-2008-saturn-astra-xr/tdXhJbGh5neaboLu8hLZ9F,good,gas,,clean,manual,,4 cylinders,,Burnaby,,
🚗 2006 Lexus ES330 – Clean & Reliable Luxury Sedan,6800,"192,000",0,https://www.craigslist.org/view/d/surrey-upper-west-lexus-es330-clean/dknai4WdgqP8Xe6Zk1Wj4N,like new,gas,,clean,automatic,sedan,6 cylinders,,Surrey,,
1997 Suzuki Sidekick 4x4,2000,"329,250",0,https://www.craigslist.org/view/d/vancouver-1997-suzuki-sidekick-4x4/dpvqTQziZzqQJDuCTcY6od,fair,gas,white,clean,automatic,SUV,4 cylinders,4wd,Vancouver,,
"1993 Audi 80, manual transmission, 58.000km",8500,"58,000",0,https://www.craigslist.org/view/d/west-vancouver-west-1993-audi-80-manual/qYtMmiMUhuwS4qCEnWuHdc,excellent,gas,white,clean,manual,sedan,4 cylinders,fwd,West Vancouver,,
1996 Toyota Chaser (diesel) 83.000km,12800,"83,000",0,https://www.craigslist.org/view/d/west-vancouver-west-1996-toyota-chaser/fU91YxUBEddBRVkKyjAnqC,excellent,diesel,white,clean,automatic,sedan,4 cylinders,rwd,West Vancouver,,
2009 Mercedes Benz b200,1750,"140,000",0,https://www.craigslist.org/view/d/burnaby-2009-mercedes-benz-b200/wQ8yCjShnw41LHFfjrCiJh,,gas,,clean,automatic,,,,Burnaby,,
1996 Dodge Caravan V3.0L,700,"192,179",0,https://www.craigslist.org/view/d/vancouver-1996-dodge-caravan-v30l/hpCeXqHsYKeLQQ3tNp66VB,good,gas,brown,clean,automatic,minivan,6 cylinders,fwd,Vancouver,,
2016 FORD FOCUS SE 4 DOOR 4 CYL // NO ACCIDENTS // SERVICE RECORDS,4900,167,0,https://www.craigslist.org/view/d/surrey-upper-west-2016-ford-focus-se/epZHyKDGisRcqgtKDMfB9r,excellent,gas,,clean,automatic,hatchback,4 cylinders,fwd,Surrey,,
Volkswagen Jetta GLI,10000,"182,000",0,https://www.craigslist.org/view/d/new-westminster-volkswagen-jetta-gli/5yZj2kmx5DVStEPatsYMQT,like new,gas,white,clean,automatic,,4 cylinders,fwd,New Westminster,,
"2010 Ford Escape - AWD -Back up Camera, Apple Car Play",4500,"250,082",0,https://www.craigslist.org/view/d/surrey-upper-west-2010-ford-escape-awd/64fGAzuGWa6Qkcm9897xZu,excellent,gas,grey,clean,automatic,SUV,4 cylinders,4wd,Surrey,1FMCU9D73AKC86506,
"2010 Ford Escape - AWD -Back up Camera, Apple Car Play",4500,"250,000",0,https://www.craigslist.org/view/d/surrey-upper-west-2010-ford-escape-awd/sBGVPJpUcdjvpp89eNQwdt,excellent,gas,grey,clean,automatic,SUV,4 cylinders,4wd,Surrey,1FMCU9D73AKC86506,
2015 Ford Escape SE 4WD 1.6L EcoBoost,7500,"186,000",0,https://www.craigslist.org/view/d/surrey-2015-ford-escape-se-4wd-16l/waWk999Xrx8ktuXRWN1Ui2,good,gas,white,clean,automatic,SUV,4 cylinders,4wd,Surrey,1FMCU9GX1FUB14773,
Mercedes GL 350 Grey Diesel 2011,3900,"170,000",0,https://www.craigslist.org/view/d/vancouver-mercedes-gl-350-grey-diesel/xugYv73stLUhMBiFSdfPbD,fair,diesel,grey,clean,automatic,SUV,6 cylinders,4wd,Vancouver,4JGBF2FE2BA663133,
2008 Tahoe 4x4 hybrid,5200,246,0,https://www.craigslist.org/view/d/surrey-2008-tahoe-4x4-hybrid/bHmCF7x71pyh2zaf1CKjd2,like new,hybrid,grey,clean,automatic,SUV,8 cylinders,4wd,Surrey,,
2021 VW JETTA HIGH LINE PERFECT CONDITION,18500,"81,000",0,https://www.craigslist.org/view/d/burnaby-2021-vw-jetta-high-line-perfect/st3GevoCXju3naAfMNQ7nG,excellent,gas,white,clean,automatic,sedan,4 cylinders,fwd,Burnaby,,
2021 VW JETTA HIGH LINE PERFECT CONDITION,18500,"81,000",0,https://www.craigslist.org/view/d/burnaby-2021-vw-jetta-high-line-perfect/mzGfDbAjGe8cGdAYnkbVAz,excellent,gas,white,clean,automatic,sedan,4 cylinders,fwd,Burnaby,,
"2005 Honda Civic, Only 194k original kms",2800,"194,000",0,https://www.craigslist.org/view/d/maple-ridge-northwest-2005-honda-civic/3u4cgTGrbXLWpKpCDG9hT3,good,gas,black,clean,automatic,sedan,4 cylinders,fwd,Maple Ridge,,
VERY LOW KM (58k) AWD TURBO 230 hp Subaru Forester,10999,"58,000",0,https://www.craigslist.org/view/d/white-rock-very-low-km-58k-awd-turbo/5sPPp7kdubfyi4GoC83DBe,like new,gas,black,clean,automatic,SUV,4 cylinders,4wd,White Rock,,
REDUCED: FAST. RELIABLE. LOW KM. AWD Subaru Legacy GT B4 3.0R,9999,"92,000",0,https://www.craigslist.org/view/d/surrey-reduced-fast-reliable-low-km-awd/7uDGWmdHSQ5swhdFYm8jA7,like new,gas,blue,clean,automatic,sedan,6 cylinders,4wd,Surrey,,
"2003 VW Volkswagen Passat W8 Wagon, 4 Motion",8950,"140,067",0,https://www.craigslist.org/view/d/langley-2003-vw-volkswagen-passat-w8/q3fvcTT18BZ17GN65xKY76,excellent,gas,grey,clean,automatic,wagon,8 cylinders,4wd,Langley,,
TESLA GEN 3 WALL CHARGER CONNECTOR  … LIKE NEW IN BOX,500,"12,334",0,https://www.craigslist.org/view/d/surrey-tesla-gen-wall-charger-connector/1ChvzB86CuFjmnNq2V82ht,,other,,clean,other,,,,Surrey,,
1999 Honda Civic SE,2999,"265,000",0,https://www.craigslist.org/view/d/burnaby-1999-honda-civic-se/8fZKaBefxr9WfuCcPpp9YP,,gas,,clean,automatic,,,,Burnaby,,
Mercedes Benz G63 AMG matte black,85900,"79,500",0,https://www.craigslist.org/view/d/vancouver-mercedes-benz-g63-amg-matte/r91ogRUt5M9Xjf4gUh55QC,like new,gas,black,clean,automatic,,8 cylinders,,Vancouver,,
2003 Nissan Altima,3400,"184,000",0,https://www.craigslist.org/view/d/mission-east-2003-nissan-altima/mY5Wie8y9UHGB4FNiDnfuG,excellent,gas,grey,clean,automatic,sedan,4 cylinders,,Mission,,
1979 Dodge -Rebuilt 360 engine,1500,"1,000",0,https://www.craigslist.org/view/d/surrey-1979-dodge-rebuilt-360-engine/49wuxdTFok2CrdW1oAgpRe,,gas,,parts only,other,,,,Surrey,,
"2008 Lexus RX 350 AWD – 210,000 km",7800,"210,000",0,https://www.craigslist.org/view/d/burnaby-2008-lexus-rx-350-awd-km/drwokCGyf79Lu6cGbaaaGU,good,gas,black,clean,automatic,SUV,,4wd,Burnaby,,
2012 Nissan altima,1950,"160,000",0,https://www.craigslist.org/view/d/burnaby-2012-nissan-altima/5ecNcPhqWtUKMFzid3aYf2,,gas,,clean,automatic,sedan,,,Burnaby,,
W.T.B. 2005 -2006 silverado ss intimidator,123456,1,0,https://www.craigslist.org/view/d/burnaby-wtb-silverado-ss-intimidator/c9Gm64QXVgbpWgZLvw6p7M,,gas,,clean,automatic,,,,Burnaby,,
WTB 2005  to 2006 Silverado SS RWD Pickup,-1,"100,000",0,https://www.craigslist.org/view/d/burnaby-wtb-2005-to-2006-silverado-ss/8kpRdkTtGz9oKdwNyn4nu5,new,gas,,clean,automatic,,,,Burnaby,,
2008 Chevy cobolt,8000,"57,402",0,https://www.craigslist.org/view/d/vancouver-2008-chevy-cobolt/mDGuYggPUZ7bUUzgLfTcRV,like new,gas,,clean,automatic,sedan,,,Vancouver,,
2010 Ford Fusion SEL - Runs & Drives Excellent!!,4500,"203,000",0,https://www.craigslist.org/view/d/surrey-upper-west-2010-ford-fusion-sel/uVbueUupcgEqcZNaPn1eEb,good,gas,grey,rebuilt,automatic,sedan,4 cylinders,fwd,Surrey,,
Toyota Prius 2007,6500,"319,000",0,https://www.craigslist.org/view/d/new-westminster-northeast-toyota-prius/cGDb4RYht7QpwNfwSHQfpY,good,gas,blue,clean,automatic,sedan,4 cylinders,,New Westminster,,
1972 TR6 Restoration Project Vehicle,8000,111,0,https://www.craigslist.org/view/d/surrey-1972-tr6-restoration-project/rgWgbDwHb14AsUYQBzD2Jo,good,gas,,clean,manual,convertible,4 cylinders,,Surrey,,
2009 Toyota Corolla,2950,"179,000",0,https://www.craigslist.org/view/d/vancouver-2009-toyota-corolla/d3Fv86MD2ysiHZqcKyXmck,good,gas,white,clean,automatic,sedan,4 cylinders,fwd,Vancouver,,
1955 Dodge Royal Lancer,6000,"85,000",0,https://www.craigslist.org/view/d/surrey-1955-dodge-royal-lancer/9SVHtcXPai5LZkc2V8b1Rk,,gas,,clean,automatic,,,,Surrey,,
"1969 Mustang. Solid body, 390 engine, automatic",6000,"100,000",0,https://www.craigslist.org/view/d/surrey-1969-mustang-solid-body-390/jXJQtN5PkL6x5JzZ35N4mC,,gas,,clean,automatic,coupe,,,Surrey,,
1975 Bricklin SV1,5500,"100,000",0,https://www.craigslist.org/view/d/surrey-1975-bricklin-sv1/vU2CL5MoHSTEYyQcTnH1QK,,gas,,clean,automatic,,,,Surrey,,
1985 Mercedes 300d diesel. PARTS OR WHOLE,50,"300,000",0,https://www.craigslist.org/view/d/surrey-1985-mercedes-300d-diesel-parts/j1iwyUuB2SyZk43UEBPFWY,,diesel,,clean,automatic,,,,Surrey,,
1982 Volkswagen Westfalia pop up campervan,5000,"130,000",0,https://www.craigslist.org/view/d/surrey-1982-volkswagen-westfalia-pop-up/dCXvmv5PvoT41rhBJJAZyK,,gas,,clean,manual,van,,,Surrey,,
1964 Pontiac Grand Prix,20000,,0,https://www.craigslist.org/view/d/surrey-1964-pontiac-grand-prix/cC4ZjyfmZziATbR6FeKhT8,good,gas,white,missing,automatic,,8 cylinders,rwd,Surrey,,
"NEW Nissan Rogue (2014-2020) Floor Mats, Carpet",75,1,0,https://www.craigslist.org/view/d/richmond-south-new-nissan-rogue-floor/2XGLhn7NZYFGveewJCeBef,new,other,black,clean,other,SUV,,,Richmond,,
2005 Maserati cambiocorsa coupe,29000,"35,700",0,https://www.craigslist.org/view/d/new-westminster-southwest-2005-maserati/4gykbLP2wWCuHwQRA3TsBH,excellent,gas,black,clean,other,coupe,8 cylinders,rwd,New Westminster,,
2006 BMW M6 *V10 Monster*,24000,"154,000",0,https://www.craigslist.org/view/d/delta-northeast-2006-bmw-m6-v10-monster/c69Q1vemsEvWeHvrrPkL5a,excellent,gas,,rebuilt,other,,10 cylinders,,Delta,,
2006 BMW 750I,12500,"149,000",0,https://www.craigslist.org/view/d/coquitlam-north-2006-bmw-750i/fiJgmJkeUoXRT9VxhoucBH,like new,gas,,clean,automatic,sedan,8 cylinders,4wd,Coquitlam,,
1969 beaumont.fresh build,32000,"1,235",0,https://www.craigslist.org/view/d/langley-city-1969-beaumontfresh-build/rDbDMrL4wEfWkoSNL8aocn,good,gas,blue,clean,automatic,coupe,8 cylinders,,Langley,,
2007 Mazda 6,3800,"209,787",0,https://www.craigslist.org/view/d/vancouver-2007-mazda/uaEvyi1AFwHyuiH8icZjtp,good,gas,silver,clean,automatic,sedan,6 cylinders,,Vancouver,,
2003 honda Cr-v 4cyl 4wd EX,3900,"128,000",0,https://www.craigslist.org/view/d/surrey-2003-honda-cr-4cyl-4wd-ex/gmLpwDrydHGhn8CbqTBeiN,,gas,,clean,automatic,SUV,,,Surrey,,
2008 GMC Acadia,5900,"152,000",0,https://www.craigslist.org/view/d/delta-east-2008-gmc-acadia/djdq1ZAS24r7ovZRNcKhsH,excellent,gas,,clean,automatic,SUV,,,Delta,,
Mazda 3 2014,5700,200,0,https://www.craigslist.org/view/d/burnaby-mazda/wceh4fU84WzQE6g6pkfpTP,,gas,,rebuilt,automatic,sedan,,,Burnaby,,
1988 Ford Mustang LX 5.0,20000,"87,000",0,https://www.craigslist.org/view/d/vancouver-1988-ford-mustang-lx-50/pd3Ry3WJuXnvT34UGwsyDn,excellent,gas,red,clean,automatic,convertible,8 cylinders,rwd,Vancouver,,
2020 Nissan NV200 SV No Accidents Low Km,17950,"78,388",0,https://www.craigslist.org/view/d/burnaby-2020-nissan-nv200-sv-no/vbjL2QaTtogkxCi7xWctfe,excellent,gas,white,clean,automatic,van,4 cylinders,fwd,Burnaby,,
1987 Volvo 240 Wagon,8000,"428,000",0,https://www.craigslist.org/view/d/delta-southeast-1987-volvo-240-wagon/aitG1ERtnE4dfQUXCPzxMa,excellent,gas,white,clean,manual,wagon,4 cylinders,rwd,Delta,,
Rare Lease Takeover: 2024 Hyundai Santa Fe Limited 7-seater - $0 down,715,"41,000",0,https://www.craigslist.org/view/d/north-vancouver-north-central-rare/tkKAKYfeQ7t2nUmSxphiWY,like new,gas,grey,clean,automatic,SUV,4 cylinders,4wd,North Vancouver,,
2008 Toyota Tacoma,13000,303,0,https://www.craigslist.org/view/d/abbotsford-2008-toyota-tacoma/9Yc6rja5HsfyJqb6B8MXo2,,gas,,clean,automatic,pickup,,,Abbotsford,,
DODGE CHALLENGER 2021,19950,"77,000",0,https://www.craigslist.org/view/d/burnaby-dodge-challenger-2021/pfETngJiEUsLoCDK7pcLJS,excellent,gas,black,rebuilt,automatic,coupe,6 cylinders,rwd,Burnaby,,
GMC ACADIA 2015,3950,"108,000",0,https://www.craigslist.org/view/d/burnaby-gmc-acadia-2015/qXBEE8XyuMksVzwd2W2E2k,good,gas,black,rebuilt,automatic,SUV,6 cylinders,4wd,Burnaby,,
SUBARU IMPREZZA 2017,9850,"95,000",0,https://www.craigslist.org/view/d/burnaby-subaru-imprezza-2017/3WAhUpftrAnZyUTznHvRXR,good,gas,white,rebuilt,automatic,hatchback,4 cylinders,4wd,Burnaby,,
TOYOTA COROLLA 2017,8950,"178,000",0,https://www.craigslist.org/view/d/burnaby-toyota-corolla-2017/uneX1AcBY5ZJWA4BUqD2Dz,good,gas,blue,clean,automatic,sedan,4 cylinders,fwd,Burnaby,,
"2007 Ford E350 15 Passenger Van ONLY 57,845kms",32800,"57,845",0,https://www.craigslist.org/view/d/richmond-2007-ford-passenger-van-only/c8nDNJY7vV9RbAZwRonPMo,like new,gas,grey,clean,automatic,van,8 cylinders,rwd,Richmond,,
TOYOTA COROLLA 2005,3950,"341,000",0,https://www.craigslist.org/view/d/burnaby-toyota-corolla-2005/mj4xvyqbTWoEydFYhZk2aC,good,gas,grey,clean,automatic,sedan,4 cylinders,fwd,Burnaby,,
2018 Honda Accord TOURING EDITION,13950,"171,000",0,https://www.craigslist.org/view/d/burnaby-2018-honda-accord-touring/anMFednxUHFAYfSymJ6Miv,excellent,gas,grey,rebuilt,automatic,sedan,4 cylinders,fwd,Burnaby,,
2011 Toyota Sienna LE ALL WHEELS DRIVE,9850,"124,000",0,https://www.craigslist.org/view/d/burnaby-2011-toyota-sienna-le-all/r3p1gbdFKy4q8fi9oQBQ7W,excellent,gas,grey,clean,automatic,minivan,6 cylinders,4wd,Burnaby,,
2006 Infiniti QX56 4x4 PERFECT CONDITION,5950,"260,000",0,https://www.craigslist.org/view/d/burnaby-2006-infiniti-qx56-4x4-perfect/qfuquArL5fRuFpALLK5ehJ,excellent,gas,white,clean,automatic,,8 cylinders,,Burnaby,,
"2025 Hyubdai Elantra 18,000 KMS ONLY PERFECT CONDITION",15950,"18,000",0,https://www.craigslist.org/view/d/burnaby-2025-hyubdai-elantra-kms-only/e1HDHzpNPFqxCSoYovZv92,excellent,gas,white,rebuilt,automatic,sedan,4 cylinders,fwd,Burnaby,,
2017 Ford Mustang 84k kms,14950,"84,000",0,https://www.craigslist.org/view/d/burnaby-2017-ford-mustang-84k-kms/kyB9mVCa9udhwUr6KswEe2,excellent,gas,black,rebuilt,automatic,coupe,6 cylinders,rwd,Burnaby,,
2009 Lexus ES350 PERFECT CONDITION,4950,"142,000",0,https://www.craigslist.org/view/d/burnaby-2009-lexus-es350-perfect/8fRbmJ6wxg6kpqiswuL2aq,excellent,gas,,clean,automatic,sedan,6 cylinders,fwd,Burnaby,,
2018 Honda Civic 177k kms,10950,"177,000",0,https://www.craigslist.org/view/d/burnaby-2018-honda-civic-177k-kms/wrk9ATeZ1nEeBjrTQyocnC,excellent,gas,blue,rebuilt,automatic,sedan,4 cylinders,fwd,Burnaby,,
"2022 Toyota Corolla LE 95,000 KMS   PERFECT PERFECT",14950,"95,000",0,https://www.craigslist.org/view/d/burnaby-2022-toyota-corolla-le-kms/2Njbv6iH4QrpZ8XEkMyQ4M,excellent,gas,blue,rebuilt,automatic,sedan,4 cylinders,fwd,Burnaby,,
2022 Toyota Corolla 84k kms,14950,"84,000",0,https://www.craigslist.org/view/d/burnaby-2022-toyota-corolla-84k-kms/e6yRV6A2J781dD1gFQ3xmw,excellent,gas,black,rebuilt,automatic,sedan,4 cylinders,fwd,Burnaby,,
2018 Kia Forte CLEAN TITLE,7950,"151,000",0,https://www.craigslist.org/view/d/burnaby-2018-kia-forte-clean-title/973goY95MNXUzcgBcQu7o1,excellent,gas,grey,clean,automatic,sedan,4 cylinders,fwd,Burnaby,,
2018 Toyota Camry XLE PERFECT CONDITION,12950,"203,000",0,https://www.craigslist.org/view/d/burnaby-2018-toyota-camry-xle-perfect/5c3LVRTvKEFWk1hv3cy21a,excellent,gas,white,rebuilt,automatic,sedan,6 cylinders,fwd,Burnaby,,
2017 Ford Mustang 141k kms PERFECT CONDITION,14950,"141,000",0,https://www.craigslist.org/view/d/burnaby-2017-ford-mustang-141k-kms/hk1FjRUfo8QLbvBMLsYbRp,excellent,gas,black,rebuilt,automatic,sedan,6 cylinders,fwd,Burnaby,,
"2014 Infiniti QX80 108,000 kms RUNS PERFECT",10950,"108,000",0,https://www.craigslist.org/view/d/burnaby-2014-infiniti-qx-kms-runs/iubU32KPiYGpQqvBF3wNxF,excellent,gas,silver,rebuilt,automatic,SUV,8 cylinders,4wd,Burnaby,,
"2011 V.W, Jetta 4 Doors, Automatic",4300,"180,251",0,https://www.craigslist.org/view/d/burnaby-2011-vw-jetta-doors-automatic/2tNQubbHXeuGu1H7quvi9h,excellent,gas,silver,rebuilt,automatic,sedan,4 cylinders,fwd,Burnaby,,
2012 Buick Enclave,5800,"212,000",0,https://www.craigslist.org/view/d/richmond-2012-buick-enclave/72cxo2e6kCtkewE14EyYx9,excellent,gas,red,clean,automatic,SUV,6 cylinders,,Richmond,,
2025 Toyota corolla cross LE awd 9k km,34900,"9,900",0,https://www.craigslist.org/view/d/richmond-2025-toyota-corolla-cross-le/uWxF9L93dt1eYSyioZJmQD,like new,gas,,clean,automatic,sedan,4 cylinders,4wd,Richmond,7MUCAABG0SV147452,
2015 Chrysler 200S,6300,"184,000",0,https://www.craigslist.org/view/d/surrey-north-2015-chrysler-200s/kGqXV5dFRBYXoaziwMeL5W,good,gas,,clean,automatic,,6 cylinders,,Surrey,,
"2017 Toyota Rav4 LE+ HYBRID AWD, 117K Km only",26900,"117,800",0,https://www.craigslist.org/view/d/richmond-2017-toyota-rav4-le-hybrid-awd/tiocPMhTuWbTtHua9vxipJ,excellent,hybrid,,clean,automatic,SUV,4 cylinders,4wd,Richmond,JTMRJREV9HD145457,
"2004 BMW M3 E46 CONVERTIBLE, CALIFORNIA CAR",35000,"100,000",0,https://www.craigslist.org/view/d/central-saanich-2004-bmw-m3-e46/pzQvcD8Pzptftzd5r53YQE,,gas,,clean,automatic,convertible,,,Central,,
F250 XLT,10999,"311,193",0,https://www.craigslist.org/view/d/north-vancouver-f250-xlt/4jwQUb2wZv5o913aRam4oH,excellent,gas,white,clean,automatic,pickup,8 cylinders,4wd,North Vancouver,,
"1995 Chevrolet Caprice Classic, LT1 (5.7L V8)",6800,"260,000",0,https://www.craigslist.org/view/d/burnaby-1995-chevrolet-caprice-classic/nGxAdRsxv9xZT1F7JmQqPY,fair,gas,,clean,automatic,sedan,8 cylinders,rwd,Burnaby,,
Lexus GX 460 2010 - New A/C,23900,"282,000",0,https://www.craigslist.org/view/d/west-vancouver-lexus-gx-new-c/qL7GqsdKq3HHmNpW9Pmgib,good,gas,silver,clean,automatic,SUV,8 cylinders,4wd,West Vancouver,,
2011 Scion XB,9800,"113,500",0,https://www.craigslist.org/view/d/vancouver-2011-scion-xb/69q3iKuDDk1Zk61HCSGnzq,excellent,gas,,clean,manual,wagon,4 cylinders,fwd,Vancouver,,
1997 Mustang Cobra Convertible,29500,"72,871",0,https://www.craigslist.org/view/d/burnaby-1997-mustang-cobra-convertible/odgJMPwZkAviXoJP188o26,excellent,gas,white,clean,manual,convertible,8 cylinders,rwd,Burnaby,,
2006 TPYOTA HIGHLANDER HYBRID,4900,"144,354",0,https://www.craigslist.org/view/d/vancouver-2006-tpyota-highlander-hybrid/qstsBsQB2LV8dWyQyb9s9k,excellent,gas,blue,rebuilt,automatic,SUV,4 cylinders,fwd,Vancouver,,
2005 Ford Escape XLT,2400,"288,000",0,https://www.craigslist.org/view/d/burnaby-2005-ford-escape-xlt/jWhjGDpFjXBb4aAdydqEjP,,gas,,clean,automatic,SUV,,,Burnaby,,
"2008 Mercedes-Benz E320 BlueTEC Sedan – 199,000 km – Clean & Well Main",7900,"199,000",0,https://www.craigslist.org/view/d/burnaby-2008-mercedes-benz-e320-bluetec/5QNwV7CURbcW7UfCT14ryX,excellent,diesel,,clean,automatic,sedan,,,Burnaby,,
2013 Chevrolet Trax 2LT AWD,3300,"257,000",0,https://www.craigslist.org/view/d/burnaby-2013-chevrolet-trax-2lt-awd/6uFZNWF1G16DifPG2rwd1k,excellent,gas,,clean,automatic,SUV,,,Burnaby,,
SELLING/Possibly Trade?  2000 Durango SLT (Some work Needed),3250,"315,555",0,https://www.craigslist.org/view/d/burnaby-selling-possibly-trade-2000/46XSm716V27S298SEXL5gs,good,gas,black,clean,automatic,truck,6 cylinders,rwd,Burnaby,,
ACURA RDX TURBO LOW KMS 63000 EXCELLENT,10900,"63,000",0,https://www.craigslist.org/view/d/burnaby-acura-rdx-turbo-low-kms/kBsMMV9wkJW914e3W2GNM4,like new,gas,grey,clean,automatic,SUV,4 cylinders,4wd,Burnaby,,
Subaru Outback AWD low KM,3650,"165,000",0,https://www.craigslist.org/view/d/coquitlam-subaru-outback-awd-low-km/6LFBys6dUHfjoPye5BvAP4,,gas,,clean,automatic,SUV,,,Coquitlam,,
1992 TOYOTA COROLLA WAGON,4500,"245,000",0,https://www.craigslist.org/view/d/delta-1992-toyota-corolla-wagon/gep93nXDJr1KgmhX7rGGi6,,gas,,clean,automatic,wagon,,,Delta,,
1988 TOYOTA LE panel VAN 4X4 5 SPEED,15000,"142,000",0,https://www.craigslist.org/view/d/delta-1988-toyota-le-panel-van-4x4-speed/iDBFwcf5Kwm4aRcBaztqon,,gas,,clean,manual,van,,,Delta,,
2005 Honda Civic REVERB 5SPEED,4500,"244,500",0,https://www.craigslist.org/view/d/delta-2005-honda-civic-reverb-5speed/nvG3JrsUSFgHFy67rSV3rD,,gas,,clean,manual,,,,Delta,,
1995 TOYOTA TERCEL,1200,"1,234",0,https://www.craigslist.org/view/d/delta-1995-toyota-tercel/jDg1ZDvoA1r8nVGPizsgR1,,gas,,clean,automatic,,,,Delta,,
1977 DATSUN 620 king cab,10500,"1,234",0,https://www.craigslist.org/view/d/delta-1977-datsun-620-king-cab/aJfUKjDW42kQxBuThDoeB4,,gas,,clean,manual,,,,Delta,,
Black trifold tonneau cover,280,"19,999",0,https://www.craigslist.org/view/d/burnaby-black-trifold-tonneau-cover/4S9RXiSgxcWq1CXFJXYw37,like new,gas,black,clean,other,,other,,Burnaby,,
2024 Subaru Crosstrek Onyx 18k km only! No accidents,33900,"18,000",0,https://www.craigslist.org/view/d/richmond-2024-subaru-crosstrek-onyx-18k/2BDugtvwNsVdXaTBGXQTBt,like new,gas,,clean,automatic,SUV,4 cylinders,4wd,Richmond,JF2GUHFC1RH867846,
Honda Civic 2011,7900,"184,557",0,https://www.craigslist.org/view/d/surrey-honda-civic-2011/hVRWRRthRy62yPsnNQGLV2,excellent,gas,brown,clean,automatic,sedan,4 cylinders,fwd,Surrey,,
2014 Jeep Grand Cherokee Limited 4X4,9500,"217,000",0,https://www.craigslist.org/view/d/surrey-upper-west-2014-jeep-grand/vaHyWJoiAwBssEB2q3sQZ9,excellent,gas,white,rebuilt,automatic,SUV,6 cylinders,4wd,Surrey,,
2020 Lexus NX300h Hybrid   83k km only!,36900,"83,000",0,https://www.craigslist.org/view/d/richmond-2020-lexus-nx300h-hybrid-83k/7UJbyizCovRazRdHHjezJt,excellent,hybrid,,clean,automatic,SUV,4 cylinders,4wd,Richmond,JTJGJRDZ3L2142809,
2012 BMW 328I Hardtop  Convertible 79K km only! NO ACCIDENTS,16900,"79,000",0,https://www.craigslist.org/view/d/richmond-2012-bmw-328i-hardtop/hubfaZciFuJX9K4sQcKqM1,excellent,gas,white,clean,automatic,convertible,6 cylinders,,Richmond,WBADW3C56CE821777,
2014 Tiguan,11000,"165,298",0,https://www.craigslist.org/view/d/richmond-2014-tiguan/dpUhu7kxGnZJCXPyjoJWD1,excellent,gas,red,clean,automatic,wagon,,4wd,Richmond,,
2010 Ford Fusion SEL - Runs & Drives Excellent!!,4500,"203,000",0,https://www.craigslist.org/view/d/surrey-upper-west-2010-ford-fusion-sel/cUsdoscvfgrp8HPWacWinB,good,gas,grey,rebuilt,automatic,sedan,4 cylinders,fwd,Surrey,,
2015 Silverado High Country,16000,"279,000",0,https://www.craigslist.org/view/d/mission-2015-silverado-high-country/bpbdnExkpT56Ak2TJifXnT,,gas,blue,clean,automatic,pickup,8 cylinders,,Mission,,
1979 camaro Z28,29500,"10,000,000",0,https://www.craigslist.org/view/d/mission-east-1979-camaro-z28/kBRQnavkMVyDb3xza33h8k,like new,gas,,clean,automatic,,8 cylinders,rwd,Mission,,
2006 Ford Escape,2200,"218,000",0,https://www.craigslist.org/view/d/vancouver-2006-ford-escape/sXtciXeZfApguPNALGeSeX,good,gas,brown,rebuilt,automatic,SUV,6 cylinders,4wd,Vancouver,,
"2008 Mini Cooper Auto. Local No Accident 158,000 KM",3500,"158,000",0,https://www.craigslist.org/view/d/richmond-2008-mini-cooper-auto-local-no/wPMsYamMZPyZBxBAhEi3vQ,good,gas,red,clean,automatic,hatchback,4 cylinders,fwd,Richmond,WMWMF335X8TT60604,
"FS: 2008 Mini Cooper Auto. Local No Accident 158,000 KM",3500,"158,000",0,https://www.craigslist.org/view/d/richmond-fs-2008-mini-cooper-auto-local/bd21We3ebgbPxLVC7Rkwg6,fair,gas,red,clean,automatic,hatchback,4 cylinders,fwd,Richmond,WMWMF335X8TT60604,
2003 Audi A4 Convertible,3500,"195,000",0,https://www.craigslist.org/view/d/burnaby-2003-audi-a4-convertible/4aymRwR1bi3GRSs6CX5YTn,excellent,gas,grey,clean,automatic,,6 cylinders,,Burnaby,,
Mercedes E300 Silver 2009,4500,"249,000",0,https://www.craigslist.org/view/d/surrey-east-mercedes-e300-silver-2009/bVYJodE5Z6qf9GZB4Anqiy,excellent,gas,silver,clean,automatic,,,,Surrey,,
Mercedes E300 Silver 2009,6000,"249,000",0,https://www.craigslist.org/view/d/surrey-east-mercedes-e300-silver-2009/tr87w21NrMjWETyZPXccvo,excellent,gas,silver,clean,automatic,,,,Surrey,,
2018 Ford Transit 15 Passenger Van,49950,"27,581",0,https://www.craigslist.org/view/d/maple-ridge-2018-ford-transit-15/99Bit91J4WAmRjqa3iPQxA,excellent,gas,white,clean,automatic,van,6 cylinders,rwd,Maple Ridge,,
2019 Ram ProMaster 1500 3 Passenger Cargo van,29950,"109,972",0,https://www.craigslist.org/view/d/maple-ridge-2019-ram-promaster/uPZmvDYjTzH1hsgSJLBc4e,excellent,gas,white,clean,automatic,van,6 cylinders,fwd,Maple Ridge,,
2014 Dodge Journey R/T AWD,7950,"177,193",0,https://www.craigslist.org/view/d/maple-ridge-2014-dodge-journey-t-awd/5kuN6fkGAuR7Djh7Ci9LtW,good,gas,white,clean,automatic,SUV,6 cylinders,4wd,Maple Ridge,,
2017 Ford Transit Connect XL,25950,"80,129",0,https://www.craigslist.org/view/d/maple-ridge-2017-ford-transit-connect-xl/wFRtU1HYLpmTwaozd3nDTL,excellent,gas,white,clean,automatic,van,4 cylinders,fwd,Maple Ridge,,
2017 Ford Escape SE 4WD,13950,"120,680",0,https://www.craigslist.org/view/d/maple-ridge-2017-ford-escape-se-4wd/6zFbf1C4JqPCxbci3dghq4,excellent,gas,grey,clean,automatic,SUV,4 cylinders,4wd,Maple Ridge,,
2017 Dodge Grand Caravan/ Ram Tradesmen C/V,15950,"118,052",0,https://www.craigslist.org/view/d/maple-ridge-2017-dodge-grand-caravan/1EYWDCrBMdAmUFDV8a2ChG,good,gas,white,clean,automatic,minivan,6 cylinders,fwd,Maple Ridge,,
2016 Chevrolet Colorado Sport 4 door extended cab 4X4,24950,"132,695",0,https://www.craigslist.org/view/d/maple-ridge-2016-chevrolet-colorado/c4qahMJS8uuDaVSuhX8XrP,excellent,gas,white,clean,automatic,pickup,6 cylinders,4wd,Maple Ridge,,
2017 GMC Savana 2500 Cargo Van,21950,"147,583",0,https://www.craigslist.org/view/d/maple-ridge-2017-gmc-savana-2500-cargo/79cDxzJbBQXveTN5tX1TPp,good,gas,white,clean,automatic,truck,8 cylinders,rwd,Maple Ridge,,
2018 Ford Transit T-350 Reefer Van,34950,"159,060",0,https://www.craigslist.org/view/d/maple-ridge-2018-ford-transit-350/gL3dk9Fjo8qjVFRAEafFto,good,gas,white,clean,automatic,van,6 cylinders,rwd,Maple Ridge,,
2019 Morgan Olson Workhorse 14 Foot Reefer Step Van,39950,"107,363",0,https://www.craigslist.org/view/d/maple-ridge-2019-morgan-olson-workhorse/3nJBKU6ZBps4q3frAWPKa4,excellent,diesel,white,clean,automatic,van,6 cylinders,rwd,Maple Ridge,,
"2014 Kia Sorento LX – Excellent Condition – New Engine – 170,000 Km -",8900,"170,000",0,https://www.craigslist.org/view/d/port-moody-2014-kia-sorento-lx/mjoPDopdv1pP2faRAR8Xmh,excellent,gas,black,clean,automatic,SUV,4 cylinders,fwd,Port Moody,5XYKT3A65EG461328,
2010 Ford Edge SEL AWD SUV,3700,"240,000",0,https://www.craigslist.org/view/d/burnaby-2010-ford-edge-sel-awd-suv/2wWSki4GZ1W726Gztt9Guh,excellent,gas,silver,clean,automatic,SUV,6 cylinders,4wd,Burnaby,,
2019 Kia Forte EX+ 85k clean title,13499,"85,125",0,https://www.craigslist.org/view/d/coquitlam-2019-kia-forte-ex-85k-clean/s3FiMJzEi14MoW1i6Mzhfc,excellent,gas,grey,clean,automatic,sedan,4 cylinders,fwd,Coquitlam,,
Tdi diesel wagon jetta Volkswagen,2900,"480,000",0,https://www.craigslist.org/view/d/richmond-tdi-diesel-wagon-jetta/sGGxQ98Z8hJECn17hihZau,,diesel,,rebuilt,automatic,,,,Richmond,,
Tdi diesel wagon jetta Volkswagen,2900,"420,000",0,https://www.craigslist.org/view/d/richmond-tdi-diesel-wagon-jetta/8HynsidvDiD2DU4M4ArYcC,,diesel,,clean,automatic,,,,Richmond,,
Dodge Ram - 1500 - 2018 - Low Mileage - Excellent Condition,25700,"53,419",0,https://www.craigslist.org/view/d/west-vancouver-dodge-ram-low-mileage/3DmhJVTjn2Zj7dZ2Rh3wot,excellent,gas,grey,clean,automatic,pickup,8 cylinders,4wd,West Vancouver,1C6RR7FT8JS121153,
"2015 Audi SQ5| over $10,000 into this car",21000,"177,000",0,https://www.craigslist.org/view/d/port-coquitlam-south-2015-audi-sq5-over/bDcszRztyGMyRxZ6NuxQfJ,excellent,gas,grey,clean,automatic,SUV,6 cylinders,4wd,Port Coquitlam,,
2004 BMW X3 AWD,4250,"295,050",0,https://www.craigslist.org/view/d/langley-2004-bmw-x3-awd/pybp6G4ZnEysJaJeqAgiwn,excellent,gas,blue,clean,automatic,SUV,6 cylinders,4wd,Langley,,
"2015 Ford Transit 350 XLT Passenger Van, Extended!",27480,"170,000",0,https://www.craigslist.org/view/d/new-westminster-southwest-2015-ford/6mem9oA4uJzzCrTZLAddDd,,gas,silver,clean,automatic,van,6 cylinders,rwd,New Westminster,,
"2017 HONDA CRV - 66k KMS! 2 sets of almost new tires, new battery, bike hitch!",26500,"66,000",0,https://www.craigslist.org/view/d/burnaby-2017-honda-crv-66k-kms-sets-of/oC19ZMF8HoysYPdmYFPAyo,excellent,gas,grey,clean,automatic,SUV,4 cylinders,4wd,Burnaby,,
1999 Honda Civic EX 5 Speed Manual Air Conditioning American Model,2900,"245,540",0,https://www.craigslist.org/view/d/surrey-1999-honda-civic-ex-speed-manual/aDQtpRBHdv6fFh8nu4P628,excellent,gas,grey,clean,manual,coupe,4 cylinders,fwd,Surrey,,
2017 Nissan Murano Platinum AWD,14250,"175,695",0,https://www.craigslist.org/view/d/vancouver-2017-nissan-murano-platinum/amJ93bLpcVJHT6CDLPeigb,good,gas,silver,clean,automatic,SUV,6 cylinders,4wd,Vancouver,,
2015 Porsche Macan S 116k only,18900,"116,000",0,https://www.craigslist.org/view/d/richmond-2015-porsche-macan-116k-only/fz3q49nUUNTuSorqQHyeKW,excellent,gas,,clean,automatic,SUV,6 cylinders,4wd,Richmond,WP1AB2A55FLB74656,
2015 Porsche Macan S  for quick sale,12499,"169,400",0,https://www.craigslist.org/view/d/richmond-2015-porsche-macan-for-quick/4CoRrJ9CRy8GprLVwCLpVD,excellent,gas,brown,clean,automatic,SUV,,4wd,Richmond,,
FOR SALE: 2021 Volkswagen Golf Highline 🚗✨,18000,"140,000",0,https://www.craigslist.org/view/d/delta-for-sale-2021-volkswagen-golf/u5sxCNEDZ5qcevJuGDQHuL,good,gas,white,clean,other,hatchback,4 cylinders,fwd,Delta,,
Mercedes GL 350,9200,"175,899",0,https://www.craigslist.org/view/d/surrey-mercedes-gl-350/mdLegB85zJPbohyvBsCWWZ,excellent,diesel,silver,clean,automatic,SUV,6 cylinders,4wd,Surrey,,
2010 Mazda CX-7 AWD,4300,"273,141",0,https://www.craigslist.org/view/d/burnaby-2010-mazda-cx-awd/wirqyiHYkHnUJoo8Ax7a1G,excellent,gas,black,clean,automatic,hatchback,4 cylinders,4wd,Burnaby,,
Acura RDX 2010,4800,"243,157",0,https://www.craigslist.org/view/d/surrey-acura-rdx-2010/bpvSdKAbYJBBpqVc6eE5B2,excellent,gas,black,clean,automatic,SUV,4 cylinders,4wd,Surrey,,
Jeep Patriot 2011,2700,"255,124",0,https://www.craigslist.org/view/d/surrey-jeep-patriot-2011/dcSjcLREUVuxpvUuof6zfF,excellent,gas,white,clean,automatic,SUV,4 cylinders,4wd,Surrey,,
Mazda 3 2018,11100,"165,179",0,https://www.craigslist.org/view/d/surrey-mazda/sAP77ceV8qqfRvhvamjMGy,like new,gas,grey,clean,automatic,sedan,4 cylinders,fwd,Surrey,,
2005 Mitsubishi Endeavour AWD ACCold Runs&Drives,1899,"260,688",0,https://www.craigslist.org/view/d/surrey-north-2005-mitsubishi-endeavour/4wwoKg5r1SmhL1mG1EHHWz,good,gas,green,clean,automatic,SUV,6 cylinders,fwd,Surrey,,
TOYOTA PRIUS,10500,"112,000",0,https://www.craigslist.org/view/d/vancouver-toyota-prius/bX75jsALRzUXun5whJUQY1,like new,hybrid,white,clean,automatic,hatchback,4 cylinders,fwd,Vancouver,,
2007 Honda civic manual,2800,"242,000",0,https://www.craigslist.org/view/d/vancouver-2007-honda-civic-manual/htEwq4p7x72Qg5tL6AH3M6,good,gas,,clean,manual,,,,Vancouver,,
2005 Yukon slt,9000,"258,000",0,https://www.craigslist.org/view/d/port-moody-2005-yukon-slt/6skkDdYoEkHZ8vzEHyKQ8p,,gas,,clean,automatic,SUV,,,Port Moody,,
"2011 Chevrolet Cruze – $3,800 clean title",3300,"158,000",0,https://www.craigslist.org/view/d/surrey-2011-chevrolet-cruze-clean-title/xtKrUWPqtePZh7daD3vxT5,excellent,gas,black,clean,automatic,sedan,4 cylinders,,Surrey,,
2016 Nissan Leaf EV great condition no issue 120kms for full charge,6550,"197,000",0,https://www.craigslist.org/view/d/surrey-north-2016-nissan-leaf-ev-great/pzzKyGtdEMddeFvQ8QJwna,excellent,electric,black,rebuilt,automatic,hatchback,other,fwd,Surrey,,
2012 Honda Civic,4200,"280,590",0,https://www.craigslist.org/view/d/burnaby-2012-honda-civic/aAAFUyiRv3j6m99J1GfE3W,like new,gas,black,clean,automatic,sedan,4 cylinders,fwd,Burnaby,,
2013 Sprinter 2500 high roof extra long base cargo van camper van,1234,"1,234",0,https://www.craigslist.org/view/d/surrey-north-2013-sprinter-2500-high/sA4ehyDGd1Wzt7xaJqpRHy,excellent,diesel,white,salvage,automatic,van,6 cylinders,rwd,Surrey,,
2016 Nissan Leaf EV great condition no issue 120kms for full charge,6550,"197,000",0,https://www.craigslist.org/view/d/surrey-north-2016-nissan-leaf-ev-great/ak9SV4z4tDc2A6ztBbgj6b,excellent,electric,black,rebuilt,automatic,hatchback,other,fwd,Surrey,,
2016 Nissan Leaf EV great condition no issue 120kms for full charge,6550,"122,000",0,https://www.craigslist.org/view/d/surrey-north-2016-nissan-leaf-ev-great/uPjPZPYEMqKEEMUvsGo8cr,excellent,electric,grey,rebuilt,automatic,hatchback,,fwd,Surrey,,
Porsche Cayenne 2013 4 Doors for sales,22000,"160,000",0,https://www.craigslist.org/view/d/richmond-northeast-porsche-cayenne/aMuMqBEYpZerPrNQ54Rd1o,like new,gas,black,clean,automatic,SUV,6 cylinders,4wd,Richmond,,
"2016 Ford F250 Super Duty, Long Bed, 4x4!!",15450,"265,000",0,https://www.craigslist.org/view/d/new-westminster-southwest-2016-ford/uhiDc1g8SP6FkECp8MDF4j,,gas,white,clean,automatic,pickup,8 cylinders,4wd,New Westminster,,
"2006 Ford E350 Bucket Van, Bucket Truck",12980,"190,000",0,https://www.craigslist.org/view/d/new-westminster-southwest-2006-ford/dFudCArRzHiKyyNc1E4jeF,,gas,blue,clean,automatic,truck,8 cylinders,rwd,New Westminster,,
2008 Land Rover LR2 SE,3700,"258,698",0,https://www.craigslist.org/view/d/delta-2008-land-rover-lr2-se/1n38DgwAi28VDA7FrVW1Yb,good,gas,orange,clean,automatic,SUV,6 cylinders,4wd,Delta,SALFP24N58H023870,
Wanted: 2003-2006 Jeep Rubicon Manual,11111,"160,000",0,https://www.craigslist.org/view/d/highlands-wanted-jeep-rubicon-manual/pAxZfgHKSz4K5cQY9yxte1,,gas,,clean,manual,,,,Highlands,,
Wanted: 2011-2015 Nissan Xterra Pro-4x 6 Speed,123456,"111,111",0,https://www.craigslist.org/view/d/vancouver-wanted-nissan-xterra-pro-4x/oTyjav7YVCQqzcgsZsbkU8,,gas,,clean,manual,SUV,,,Vancouver,,
CRV 2008 - no accident,5000,"280,000",0,https://www.craigslist.org/view/d/vancouver-crv-no-accident/kihgyP5S6yVJ7CZbcTEg15,fair,gas,black,clean,automatic,SUV,,4wd,Vancouver,,
2004 Toyota Matrix,1900,"299,852",0,https://www.craigslist.org/view/d/burnaby-2004-toyota-matrix/8dYAeJexMxammV3mRRB47Y,like new,gas,silver,clean,automatic,wagon,4 cylinders,fwd,Burnaby,,
2012 WHITE RAM VAN C/V...,3150,"352,500",0,https://www.craigslist.org/view/d/vancouver-2012-white-ram-van-v/rRomLorZSeKy6Lb7tB2yKt,good,gas,white,clean,automatic,van,6 cylinders,fwd,Vancouver,,
Toyota Camry 2008 Hybrid 4 Doors Sedan,11000,"170,000",0,https://www.craigslist.org/view/d/richmond-northeast-toyota-camry-2008/6BJemgo2X8uJ24LdVHhdUS,excellent,gas,white,clean,automatic,sedan,4 cylinders,fwd,Richmond,,
2016 Nissan Frontier 4WD Crew Cab PRO-4X,14000,"80,000",0,https://www.craigslist.org/view/d/surrey-2016-nissan-frontier-4wd-crew/5nCZt39aS8UCmMWx1JD6Go,,gas,,clean,automatic,pickup,,,Surrey,,
2011 Honda Odyssey - 139000 Km Clean Title,9950,"139,000",0,https://www.craigslist.org/view/d/surrey-2011-honda-odyssey-km-clean-title/hPKd6GfYv9LemRG9tuqs7x,excellent,gas,white,clean,automatic,minivan,6 cylinders,fwd,Surrey,,
2011 Audi S4 Quattro supercharged clean spec,14500,"190,000",0,https://www.craigslist.org/view/d/surrey-2011-audi-s4-quattro/cJpzWFGWWhfsybL2gDtQFV,,gas,,clean,automatic,,,,Surrey,,
Chevy Silverado LTZ 3500 HD,45000,"82,768",0,https://www.craigslist.org/view/d/surrey-chevy-silverado-ltz-3500-hd/oudgidi49AcB6N1AQS6hp1,excellent,gas,black,clean,automatic,pickup,8 cylinders,4wd,Surrey,,
Cube van GMC 3500 New Vortex Engine 5.7L,14000,"9,000",0,https://www.craigslist.org/view/d/north-island-cube-van-gmc-3500-new/eYSfCuMTwjwmBe5LZ6Ssci,excellent,gas,white,clean,automatic,van,8 cylinders,rwd,North,,
2003 Toyota Corolla,2400,"298,500",0,https://www.craigslist.org/view/d/vancouver-2003-toyota-corolla/mdkXXVvdaY9DAzaKttgNVq,excellent,gas,silver,clean,automatic,sedan,4 cylinders,fwd,Vancouver,,
2001 honda accord,3000,"260,000",0,https://www.craigslist.org/view/d/coquitlam-2001-honda-accord/oAgbfZtYAFtQztPPhCVRzK,excellent,gas,,clean,automatic,sedan,4 cylinders,,Coquitlam,,
2009 Toyota Tacoma crew cab TRD 4x4 V6,13500,"20,000",0,https://www.craigslist.org/view/d/surrey-2009-toyota-tacoma-crew-cab-trd/99Et4HZapJPtfeLcBeczcF,,gas,,clean,automatic,pickup,,,Surrey,,
2012 Nissan juke,2950,"250,000",0,https://www.craigslist.org/view/d/burnaby-2012-nissan-juke/gp85wifhjsJYEesFHPzNaU,,gas,,clean,automatic,,,,Burnaby,,
2013 bmw x3 360k,3950,"360,000",0,https://www.craigslist.org/view/d/burnaby-2013-bmw-x3-360k/3tiHiZxny5UZ1nUvmUnm47,,gas,,clean,automatic,SUV,,,Burnaby,,
2015 honda civic 5 speed big savings reliable,7450,"238,000",0,https://www.craigslist.org/view/d/surrey-east-2015-honda-civic-speed-big/9EFJSTG5qw8dCWVXPah5eV,,gas,,clean,manual,,4 cylinders,,Surrey,,
Bentley Flying Spur W12 awd clean,21000,"170,000",0,https://www.craigslist.org/view/d/surrey-east-bentley-flying-spur-w12-awd/cS7xQphg6mf2beC7nuBWCi,,gas,,clean,automatic,,,,Surrey,,
Audi TT S Line convertible,7000,"64,584",0,https://www.craigslist.org/view/d/delta-central-audi-tt-line-convertible/pWi6ik1x5PxgFYoH9TFuL4,good,gas,black,clean,automatic,convertible,6 cylinders,4wd,Delta,,
EXCELLENT 2009 GMC ENVOY SLE 4.2 CYLINDER  6 CYLINDER LADY DRIVEN,3900,"207,500",0,https://www.craigslist.org/view/d/richmond-excellent-2009-gmc-envoy-sle/4hmEcXYWdbmezGEvJ8EU4K,like new,gas,green,clean,automatic,SUV,6 cylinders,4wd,Richmond,,
2009 Hyundai Accent for sale,5000,"129,489",0,https://www.craigslist.org/view/d/vancouver-2009-hyundai-accent-for-sale/m7VPXkkrXHJjiPNneVMYYj,excellent,gas,blue,clean,automatic,,,,Vancouver,,
1985 Mercedes Benz 300sd Turbo Diesel,6500,"149,555",0,https://www.craigslist.org/view/d/langley-city-1985-mercedes-benz-300sd/gMyb3ADv6oDMdJcd3PLemB,,diesel,blue,clean,automatic,sedan,5 cylinders,rwd,Langley,,
13 dodge ram 2500HD 4x4 laramie clean truck,12250,"83,500",0,https://www.craigslist.org/view/d/surrey-13-dodge-ram-2500hd-4x4-laramie/tuathMvf929PqdRRMeiJT9,,gas,,clean,automatic,pickup,,,Surrey,,
2006 Grand Touring Nissan 350z Titanium/Silverstone,20500,"77,000",0,https://www.craigslist.org/view/d/new-westminster-southwest-2006-grand/mq5pg3nycde43thg3rMRmb,excellent,gas,grey,clean,automatic,coupe,,,New Westminster,,
2004 BMW 325CI Convertible low kms!,6800,"136,000",0,https://www.craigslist.org/view/d/richmond-2004-bmw-325ci-convertible-low/ekHd9AwphxCdBKjvDA7xvP,excellent,gas,,clean,automatic,convertible,,,Richmond,,
"2007 Toyota Yaris ""5 Speed Manual"" Only 155,000KM Clean Title Car.",5500,"155,000",0,https://www.craigslist.org/view/d/surrey-2007-toyota-yaris-speed-manual/7T9j8MyxiJinTNTFeD423d,excellent,gas,black,clean,manual,hatchback,4 cylinders,fwd,Surrey,,
2002 Ford F150 FX4 Supercrew 4x4,11900,"234,000",0,https://www.craigslist.org/view/d/burnaby-2002-ford-f150-fx4-supercrew-4x4/snw8261Spef9nHywKgKq4H,like new,gas,brown,clean,automatic,pickup,8 cylinders,4wd,Burnaby,,
2015 Dodge Challenger SRT Hellcat,72000,"22,000",0,https://www.craigslist.org/view/d/surrey-2015-dodge-challenger-srt-hellcat/4Pc1Sia1ETutBmDytZ2pGt,,gas,,clean,manual,coupe,,,Surrey,,
2015 jeep wrangler 2 dr .,14999,"131,000",0,https://www.craigslist.org/view/d/vancouver-2015-jeep-wrangler-dr/f4zBu5JGzSqPNsW3dUiP3G,excellent,gas,black,clean,manual,SUV,6 cylinders,4wd,Vancouver,,
2023 Honda Odyssey,800,"240,000",0,https://www.craigslist.org/view/d/surrey-outer-northwest-2023-honda/uDWQ95uZMN6SzzpAkQPGfR,good,gas,grey,clean,automatic,minivan,4 cylinders,fwd,Surrey,,
2010 Smart Fortwo Passion *Clean title*,3300,"116,000",0,https://www.craigslist.org/view/d/vancouver-2010-smart-fortwo-passion/qpHKKAef42SxEeJC7JgTvJ,good,gas,red,clean,automatic,hatchback,3 cylinders,fwd,Vancouver,,
2010 Volkswagen Jetta DSG,3000,"232,000",0,https://www.craigslist.org/view/d/vancouver-2010-volkswagen-jetta-dsg/pZy82XEkV6LUtePfK3Zdzy,good,gas,white,clean,automatic,sedan,4 cylinders,fwd,Vancouver,,
2020 Tesla Model 3 SR plus *Clean title*,19000,"158,888",0,https://www.craigslist.org/view/d/vancouver-2020-tesla-model-sr-plus/e1iNzMyjG3gMxGjNSSvf4A,good,electric,white,clean,automatic,sedan,other,rwd,Vancouver,,
2017 Toyota Tacoma TRD 4x4 Off Road,23500,"225,000",0,https://www.craigslist.org/view/d/burnaby-2017-toyota-tacoma-trd-4x4-off/17cYTaRQBu2rD9dErJWNkj,excellent,gas,red,rebuilt,automatic,pickup,6 cylinders,4wd,Burnaby,,
2006 Jeep Liberty CRD Diesel 4X4,7500,"182,000",0,https://www.craigslist.org/view/d/burnaby-2006-jeep-liberty-crd-diesel-4x4/5w4Nt72st3UH9GJDJWEFus,excellent,diesel,grey,clean,automatic,SUV,6 cylinders,4wd,Burnaby,,
2018 Volkswagen ATLAS 4Motion,16500,"159,000",0,https://www.craigslist.org/view/d/burnaby-2018-volkswagen-atlas-4motion/jU6GSoAqBFg8CXuheACh6w,excellent,gas,grey,rebuilt,automatic,SUV,6 cylinders,4wd,Burnaby,,
2014 Jeep Wrangler Sport 4x4,14500,"127,000",0,https://www.craigslist.org/view/d/burnaby-2014-jeep-wrangler-sport-4x4/mqgFjza2jT9URf8WiawfsY,excellent,gas,white,rebuilt,automatic,SUV,6 cylinders,4wd,Burnaby,,
2014 Mercedes-Benz GLK250 with Apple CarPlay,10900,"228,000",0,https://www.craigslist.org/view/d/langley-township-southwest-2014/pEFK3grL4w3sFLE6TrXCjX,excellent,diesel,white,clean,automatic,SUV,4 cylinders,4wd,Langley,,
2017 SUBARU WRX SPORT-TECH Lowered Price.,19999,"90,000",0,https://www.craigslist.org/view/d/surrey-east-2017-subaru-wrx-sport-tech/eZWcTfRFWYLKzUzVnx2F5K,like new,gas,,clean,automatic,sedan,4 cylinders,,Surrey,,
Pontiac Grand Prix low km coupe Collector eligible,1600,"170,000",0,https://www.craigslist.org/view/d/surrey-pontiac-grand-prix-low-km-coupe/mUcKJYYz1bJKuLJpPEayTv,,gas,,clean,automatic,coupe,,,Surrey,,
Rare low Mileage 2009 Mercedes C300,10500,"77,289",0,https://www.craigslist.org/view/d/north-vancouver-northwest-central-rare/2hjKv3y1rqS4xdi3VyAn9A,excellent,gas,blue,clean,automatic,coupe,6 cylinders,4wd,North Vancouver,,
2022 Porche Macan,55000,"30,000",0,https://www.craigslist.org/view/d/coquitlam-2022-porche-macan/5HF8B6tqKit9sX7fNheH52,excellent,gas,white,clean,automatic,SUV,,4wd,Coquitlam,,
2014 Jeep Cherokee Sport - One Owner,6995,"136,000",0,https://www.craigslist.org/view/d/surrey-2014-jeep-cherokee-sport-one/fohpDLcXLxCa5RzSEoSBDE,excellent,gas,black,clean,automatic,SUV,4 cylinders,4wd,Surrey,,
2017 Ford Escape AWD - Fully Loaded,7950,"167,000",0,https://www.craigslist.org/view/d/surrey-2017-ford-escape-awd-fully-loaded/mPFSfV1SacDgxrJyb4GkmC,excellent,gas,grey,clean,automatic,SUV,4 cylinders,4wd,Surrey,,
2016 Volkswagen Tiguan - Fully Loaded,7650,"149,000",0,https://www.craigslist.org/view/d/surrey-2016-volkswagen-tiguan-fully/cjMLBFUkTbp34hgUNHXxjR,excellent,gas,black,clean,automatic,SUV,4 cylinders,4wd,Surrey,,
2018 Honda Civic Touring - Clean Title,16995,"89,000",0,https://www.craigslist.org/view/d/surrey-2018-honda-civic-touring-clean/cKyd5JUdLJwwuKkjQwUpqY,excellent,gas,black,clean,automatic,sedan,4 cylinders,fwd,Surrey,,
2020 Isuzu NPR HD,47500,"136,000",0,https://www.craigslist.org/view/d/surrey-lower-west-2020-isuzu-npr-hd/kD7znSSrFVQUy8kRP66iB4,like new,diesel,white,clean,automatic,truck,4 cylinders,rwd,Surrey,,
2008 Honda Accord,2800,"287,580",0,https://www.craigslist.org/view/d/burnaby-2008-honda-accord/2GnjZPuoxCMQJHufJLuSny,like new,gas,silver,clean,automatic,sedan,4 cylinders,fwd,Burnaby,,
REDUCED!!!!!2013 Hyundai Veloster  LOADED OPTIONS REARVIEW CAMERA,5900,"90,000",0,https://www.craigslist.org/view/d/coquitlam-reduced2013-hyundai-veloster/tu6xBHa1Geh2mzd6tNMPvh,like new,gas,orange,rebuilt,automatic,coupe,4 cylinders,fwd,Coquitlam,,
2009 dodge ram 1500 4x4 Hemi 5.7L crew cab,5700,"160,000",0,https://www.craigslist.org/view/d/surrey-2009-dodge-ram-x4-hemi-57l-crew/viM7ib6UixbGVbi8sNWCKb,,gas,,clean,automatic,pickup,,,Surrey,,
Honda Civic 4 door sedan,2800,"300,000",0,https://www.craigslist.org/view/d/vancouver-honda-civic-door-sedan/pFggesmhSoa4FuNgFHXXCF,good,gas,grey,rebuilt,automatic,sedan,4 cylinders,fwd,Vancouver,,
Dodge Ram1500 truck,41960,"20,580",0,https://www.craigslist.org/view/d/surrey-inner-northwest-dodge-ram1500/mkJ9avBbMKgGZ9MHLkNRwi,like new,gas,white,clean,automatic,pickup,8 cylinders,4wd,Surrey,,
1999 Volvo C70 convertible,3400,"84,000",0,https://www.craigslist.org/view/d/burnaby-1999-volvo-c70-convertible/hbom9Tk1VfTQBpNyHvHyps,good,gas,blue,clean,automatic,convertible,5 cylinders,fwd,Burnaby,,
Mercedes-Benz GLC 300 4Matic – Graphite Grey,41000,"39,000",0,https://www.craigslist.org/view/d/burnaby-mercedes-benz-glc-300-4matic/bq9ASCB4BZ3HKuB8Wb7krd,excellent,gas,grey,clean,automatic,SUV,6 cylinders,4wd,Burnaby,,
2015 Audi A3 TFSI 1.8l komfort,16500,"142,981",0,https://www.craigslist.org/view/d/coquitlam-north-2015-audi-a3-tfsi-18l/wwuLMTCXPG9NpLRcXpqvk5,good,gas,black,clean,automatic,sedan,4 cylinders,fwd,Coquitlam,,
1976 Triumph TR6,24750,"35,211",0,https://www.craigslist.org/view/d/pemberton-1976-triumph-tr6/fYdv9XhjsZRoMxaZ1J83tZ,excellent,gas,yellow,clean,manual,convertible,6 cylinders,rwd,Pemberton,,
2008 Chrysler PT Cruiser for sale,3000,"161,570",0,https://www.craigslist.org/view/d/burnaby-2008-chrysler-pt-cruiser-for/8vpX4bn4H3V6Hfh687JXMm,good,gas,blue,clean,automatic,hatchback,4 cylinders,fwd,Burnaby,2BGE061238T188624,
2009 Mazda Tribute FWD,3000,"341,581",0,https://www.craigslist.org/view/d/surrey-2009-mazda-tribute-fwd/4Ez8g6sgQDDuJQ9EwJUZcf,good,gas,black,clean,automatic,SUV,4 cylinders,fwd,Surrey,,
2007 dodge nitro,4000,"273,000",0,https://www.craigslist.org/view/d/squamish-2007-dodge-nitro/defNEKU76i7xbrAkJSa74Z,good,gas,white,clean,automatic,SUV,,,Squamish,,
2008 BMW X3 $5400 OBO,5400,"312,000",0,https://www.craigslist.org/view/d/north-vancouver-east-central-2008-bmw/ug8jBJZvZoAEjVRcJCubes,good,gas,,clean,automatic,SUV,,4wd,North Vancouver,,
2012 Ford E-450 Utilimaster,9950,"291,768",0,https://www.craigslist.org/view/d/burnaby-2012-ford-450-utilimaster/2gHGR5AWtL8gSfVPnntQh6,excellent,gas,white,clean,automatic,van,8 cylinders,rwd,Burnaby,,
Delica D5 Chamonix 4x4,14999,"120,000",0,https://www.craigslist.org/view/d/vancouver-delica-d5-chamonix-4x4/eJXKAzQzbpc4YWRPHBfCH4,excellent,gas,,clean,automatic,SUV,4 cylinders,4wd,Vancouver,,
2004 Subaru Impreza WRX Wagon for sale,5900,"263,400",0,https://www.craigslist.org/view/d/north-vancouver-2004-subaru-impreza-wrx/xcS7yET4uozujJHmEQqgwD,good,gas,red,clean,manual,wagon,4 cylinders,4wd,North Vancouver,JF1GG296X4G806556,
2010 Toyota matrix xr Ontario registration car,1950,"170,800",0,https://www.craigslist.org/view/d/burnaby-2010-toyota-matrix-xr-ontario/aj8YR7CwZrtvR4mydbaJpr,,gas,,clean,automatic,,,,Burnaby,,
Dodge Ram Caravan for sale,2000,"215,663",0,https://www.craigslist.org/view/d/vancouver-dodge-ram-caravan-for-sale/ihunzU7ESkXuBYX2SsTE11,excellent,gas,white,clean,automatic,minivan,,,Vancouver,,
2019 Toyota Corolla LE – Clean Title – Excellent Condition,21499,"70,074",0,https://www.craigslist.org/view/d/richmond-2019-toyota-corolla-le-clean/2gWBZwXemXKiPPuFdVrjix,excellent,gas,silver,clean,automatic,sedan,,,Richmond,,
2015 Nissan Versa Note SL,8400,"97,000",0,https://www.craigslist.org/view/d/richmond-2015-nissan-versa-note-sl/3k3D9JcTpu5mUiWV6Whkkv,excellent,gas,blue,clean,automatic,hatchback,,fwd,Richmond,,
2004 BMW 325 Xi,6399,"128,000",0,https://www.craigslist.org/view/d/coquitlam-2004-bmw-325-xi/rUhWs71jQmLmEojA9kDE66,excellent,gas,grey,clean,automatic,sedan,6 cylinders,4wd,Coquitlam,,
2014 HONDA PILOT,7500,"244,485",0,https://www.craigslist.org/view/d/burnaby-2014-honda-pilot/aBgvXw1Ppq7XBnpMtSghBc,excellent,gas,grey,rebuilt,automatic,SUV,6 cylinders,4wd,Burnaby,,
2016 Ford Taurus SHO,16000,"141,000",0,https://www.craigslist.org/view/d/vancouver-2016-ford-taurus-sho/2of6EJ1Cgk4MZu43BiqmPb,excellent,gas,black,clean,automatic,sedan,6 cylinders,4wd,Vancouver,,
2015 KIA SOUL EX – Automatic | Clean Title,4700,"217,000",0,https://www.craigslist.org/view/d/burnaby-2015-kia-soul-ex-automatic/n6QvHcvXXPeMS6pWJXH9Q3,excellent,gas,red,clean,automatic,hatchback,,,Burnaby,,
"2014 FIAT 500l LOUNGE Clean title, BC vehicle",5400,"134,000",0,https://www.craigslist.org/view/d/burnaby-2014-fiat-500l-lounge-clean/wMVDWAF9MxhcTcRntoFy3X,excellent,gas,red,clean,automatic,hatchback,,,Burnaby,,
2007 Honda Odyssey Touring,6500,"147,000",0,https://www.craigslist.org/view/d/vancouver-2007-honda-odyssey-touring/eX93SzoAvDBNpMbBgPSA9V,good,gas,black,clean,automatic,minivan,6 cylinders,fwd,Vancouver,5FNRL38837B106562,
2006 Volkswagen Beetle Convertible – Automatic – 2.5L – Clean Title,3700,"232,000",0,https://www.craigslist.org/view/d/burnaby-2006-volkswagen-beetle/g2pWKjX3HZiDD1sZQvryEq,,gas,grey,clean,automatic,convertible,,,Burnaby,,
"103,000 KM 2007 JAGUAR XK V8 DROP TOP CONVERTIBLE",24900,"103,000",0,https://www.craigslist.org/view/d/west-vancouver-km-2007-jaguar-xk-v8/vqhtkRqb1u2bANN7HTU5XV,excellent,gas,silver,clean,automatic,convertible,8 cylinders,rwd,West Vancouver,,
"103,000 KM 2007 JAGUAR XK V8 DROP TOP CONVERTIBLE",24900,"103,000",0,https://www.craigslist.org/view/d/west-vancouver-km-2007-jaguar-xk-v8/pGcvu2fBi7FHJvjK5Q14Zm,excellent,gas,silver,clean,automatic,convertible,8 cylinders,rwd,West Vancouver,,
"103,000 KM 2007 JAGUAR XK V8 DROP TOP CONVERTIBLE",24900,"103,000",0,https://www.craigslist.org/view/d/west-vancouver-km-2007-jaguar-xk-v8/b6b6pHHvoCpRJXfzzVsev2,excellent,gas,silver,clean,automatic,convertible,8 cylinders,rwd,West Vancouver,,
"103,000 KM 2007 JAGUAR XK V8 DROP TOP CONVERTIBLE",24900,"103,000",0,https://www.craigslist.org/view/d/west-vancouver-km-2007-jaguar-xk-v8/4V8D4h1FsFUoGn6tKQLWb3,excellent,gas,silver,clean,automatic,convertible,8 cylinders,rwd,West Vancouver,,
2008 HONDA FIT,4800,"254,570",0,https://www.craigslist.org/view/d/burnaby-2008-honda-fit/dgSXGCNJaFXNdqrYFJg4FM,excellent,gas,red,rebuilt,automatic,hatchback,4 cylinders,fwd,Burnaby,,
"2011 Jeep Patriot – Automatic – 269,800 km – Clean Title – BC SUV",2900,"269,800",0,https://www.craigslist.org/view/d/burnaby-2011-jeep-patriot-automatic-km/gYAa9i4Hq4zNQfiKw1s61N,excellent,gas,black,clean,automatic,SUV,,,Burnaby,,
2013 TOYOTA SIENNA LE,11800,"202,020",0,https://www.craigslist.org/view/d/burnaby-2013-toyota-sienna-le/wjRZPVqsNraShmfS6h9WM9,excellent,gas,white,rebuilt,automatic,minivan,6 cylinders,fwd,Burnaby,,
Honda Fit Sport - Gas Saver and reliable,5250,"132,000",0,https://www.craigslist.org/view/d/vancouver-honda-fit-sport-gas-saver-and/ft6xMF5LoXuBDHPs2hTTRr,,gas,grey,clean,automatic,hatchback,4 cylinders,fwd,Vancouver,,
"2011 Mercedes-Benz B200 – 121,000 km – Sunroof",3800,"121,600",0,https://www.craigslist.org/view/d/vancouver-2011-mercedes-benz-km-sunroof/dviaxWB8715oaZeSnjens8,good,gas,silver,rebuilt,automatic,hatchback,4 cylinders,fwd,Vancouver,,
2002 Volkswagen Cabrio / Cabriolet Powered Convertible Car,6900,"145,000",0,https://www.craigslist.org/view/d/richmond-northeast-2002-volkswagen/cFC3WeU9n2gADtiZuAJ6o3,like new,gas,silver,clean,automatic,convertible,4 cylinders,fwd,Richmond,,
2015 RAM 1500 5.7 HEMI mint,18000,"82,000",0,https://www.craigslist.org/view/d/coquitlam-north-2015-ram-hemi-mint/pzk1Cj3j5Us5ptvJpgE4HN,,gas,,clean,automatic,pickup,,,Coquitlam,,
2016 BMW 428i Gran Coupe xDrive – Mint Condition Transferable Warranty,21900,"112,200",0,https://www.craigslist.org/view/d/delta-central-2016-bmw-428i-gran-coupe/oFoNQVoZy4gKgNE9yn9UZX,excellent,gas,white,clean,automatic,coupe,4 cylinders,,Delta,,
Very Rare 2012 Mercedes C250 V6 4-Matic Low Kms,14900,"96,000",0,https://www.craigslist.org/view/d/west-vancouver-south-very-rare-2012/o12UzYHoyzEjhcjCoNkK3i,excellent,gas,silver,clean,automatic,sedan,6 cylinders,,West Vancouver,,
Hummer H3 Alpha Edition,17000,"189,000",0,https://www.craigslist.org/view/d/vancouver-hummer-h3-alpha-edition/pwZCV9A5FTT3ayph7xypWK,excellent,gas,black,clean,automatic,SUV,8 cylinders,4wd,Vancouver,,
Ford Fiesta SES 2011,8700,"81,000",0,https://www.craigslist.org/view/d/vancouver-ford-fiesta-ses-2011/cabCvCGduZXaBBwGULSFXX,excellent,gas,blue,clean,automatic,hatchback,4 cylinders,fwd,Vancouver,,
2005 Toyota Echo,2300,"129,000",0,https://www.craigslist.org/view/d/north-vancouver-2005-toyota-echo/ofknkokhexgjgaH5tsSSuc,good,gas,,rebuilt,manual,sedan,4 cylinders,rwd,North Vancouver,,
2008 ford Taurus x,1500,"280,000",0,https://www.craigslist.org/view/d/burnaby-2008-ford-taurus/8HHJuK6L7K4YzzY8fXRoPt,,gas,,clean,automatic,sedan,,,Burnaby,,
2008 Acura TL,1200,"238,386",0,https://www.craigslist.org/view/d/vancouver-2008-acura-tl/uFPC5iNiqZsiVJmze5LxuF,,gas,,clean,automatic,sedan,,,Vancouver,,
2009 vw Tiguan awd 2.0 4 clys leather seats power sunroof,3950,"136,000",0,https://www.craigslist.org/view/d/burnaby-2009-vw-tiguan-awd-20-clys/8XVf1QMEiHr9K9UHmyK8RL,,gas,,clean,automatic,SUV,,,Burnaby,,
2012 Nissan Versa Sedan 1.6 SV (Private Seller),6690,"97,000",0,https://www.craigslist.org/view/d/vancouver-2012-nissan-versa-sedan-16-sv/bCyrCJiffDfjkDkCRTZSrY,good,gas,grey,clean,automatic,sedan,4 cylinders,fwd,Vancouver,3N1CN7AP6CL906733,
2005 BMW X3 AWD low kms.,3501,"223,000",0,https://www.craigslist.org/view/d/port-coquitlam-2005-bmw-x3-awd-low-kms/jHzBaKjyW7xQJLynStzPT5,like new,gas,silver,clean,automatic,SUV,6 cylinders,4wd,Port Coquitlam,,
2014 Ford Fiesta SE,2800,"187,500",0,https://www.craigslist.org/view/d/burnaby-2014-ford-fiesta-se/dXSnXxEjD9oLrKawvkW5KG,good,gas,silver,clean,automatic,sedan,4 cylinders,fwd,Burnaby,,
"2012 HONDA ACCORD EX-L - NO ACCIDENTS,AC/LEATHER HEAT SEATS & SUNROOF",12900,"157,800",0,https://www.craigslist.org/view/d/coquitlam-2012-honda-accord-ex-no/kCdVPAPp6g23rontgT9YzY,excellent,gas,white,clean,automatic,sedan,4 cylinders,fwd,Coquitlam,,
Wanted Used Lexus,123,"50,000",0,https://www.craigslist.org/view/d/vancouver-wanted-used-lexus/5dvs1yKMaFpdgncvyw2L7D,like new,hybrid,,clean,automatic,sedan,,,Vancouver,,
1991 Turbo Supra left hand drive,10000,"123,000",0,https://www.craigslist.org/view/d/mission-east-1991-turbo-supra-left-hand/hB1iiXp2UJB4V1dfhoCrr5,good,gas,red,clean,automatic,coupe,6 cylinders,rwd,Mission,,
2002 Mazda Protege,1000,"226,350",0,https://www.craigslist.org/view/d/port-moody-2002-mazda-protege/cXKAkhaYdbXWycRX6QFTvs,good,gas,custom,clean,automatic,sedan,4 cylinders,fwd,Port Moody,,
2008 HONDA FIT,4800,"229,731",0,https://www.craigslist.org/view/d/burnaby-2008-honda-fit/w1xYr7fSLkXtxcAro11G3R,excellent,gas,black,rebuilt,automatic,hatchback,4 cylinders,fwd,Burnaby,,
2015 TOYOTA SIENNA LE,12800,"205,950",0,https://www.craigslist.org/view/d/burnaby-2015-toyota-sienna-le/fj6wXobaDV3vZ2kYKEhXHK,excellent,gas,black,rebuilt,automatic,minivan,6 cylinders,fwd,Burnaby,,
2016 Santa Fe Sport in Pristine Condition,18998,"80,000",0,https://www.craigslist.org/view/d/delta-northeast-2016-santa-fe-sport-in/6zKWXr5n25FT3Q8M9KYp1E,like new,gas,black,clean,automatic,SUV,4 cylinders,fwd,Delta,,
2025 Volkswagen Taos Comfortline,42000,"29,000",0,https://www.craigslist.org/view/d/delta-northeast-2025-volkswagen-taos/wwRrzgBAnPqgzjpA5HjZJw,like new,gas,blue,clean,automatic,SUV,4 cylinders,4wd,Delta,,
2007 TOYOTA RAV4 LIMITED,7000,"242,400",0,https://www.craigslist.org/view/d/burnaby-2007-toyota-rav4-limited/ozg7CCc83pkqwp9298gvQJ,excellent,gas,grey,rebuilt,automatic,SUV,4 cylinders,4wd,Burnaby,,
2013 Dodge Caravan Crew,4000,"204,682",0,https://www.craigslist.org/view/d/richmond-west-2013-dodge-caravan-crew/gkHnodknQjjFBhiXGyhA5o,fair,gas,white,clean,automatic,minivan,6 cylinders,fwd,Richmond,,
Honda CRV EX-L,8500,"215,000",0,https://www.craigslist.org/view/d/burnaby-honda-crv-ex/gXGUvYJVzTWumcqarWoQJY,,gas,,clean,automatic,SUV,,,Burnaby,,
2018 Audi Q5 Premium Plus Package - Local - No Accident - 0 claims,25000,"139,000",0,https://www.craigslist.org/view/d/vancouver-2018-audi-q5-premium-plus/jbsVgGPPyFGMikbJZPzBMh,like new,gas,grey,clean,automatic,SUV,4 cylinders,4wd,Vancouver,,
1998 Toyota Sienna,4250,"225,000",0,https://www.craigslist.org/view/d/port-coquitlam-1998-toyota-sienna/2Wpjvkzrusg7BoTsvzVrim,,gas,,clean,automatic,minivan,,,Port Coquitlam,,
2007 Mazda3 GT sport hatchback,5900,"155,000",0,https://www.craigslist.org/view/d/richmond-2007-mazda3-gt-sport-hatchback/6fytdxVNuhajQuSKpDDSX8,excellent,gas,grey,clean,manual,hatchback,4 cylinders,fwd,Richmond,,
2016 HONDA CIVIC EX,11800,"155,651",0,https://www.craigslist.org/view/d/burnaby-2016-honda-civic-ex/wYTLjmigNchTgohojMTCL7,excellent,gas,grey,rebuilt,automatic,sedan,4 cylinders,fwd,Burnaby,,
Dodge Ram hemi 2017,15000,"87,000",0,https://www.craigslist.org/view/d/north-vancouver-east-central-dodge-ram/3nHstSBNPiP9sKd4GLBUFM,excellent,gas,black,clean,automatic,pickup,8 cylinders,4wd,North Vancouver,,
"2003 Acura RSX, Black 2dr Coupe, Auto",2200,"247,500",0,https://www.craigslist.org/view/d/vancouver-2003-acura-rsx-black-2dr/2ZHcnKCYhrM2pt4E6E6ywq,fair,gas,black,rebuilt,automatic,coupe,4 cylinders,fwd,Vancouver,JH4DC54813C802211,
"320 CDI Diesel SUV,  320CDI, Beautiful Black Mercedes, VERY Reliable",7000,"204,000",0,https://www.craigslist.org/view/d/burnaby-320-cdi-diesel-suv-320cdi/8Tpcu9CyAHdZ2rvNpM8xtt,,diesel,,clean,automatic,SUV,,,Burnaby,,
2011 Ford Escape Limited AWD,12250,"85,151",0,https://www.craigslist.org/view/d/north-vancouver-northwest-central-2011/b45j3pNcbn37UgoMpzncTC,excellent,gas,grey,clean,automatic,SUV,4 cylinders,4wd,North Vancouver,,
2014 Chrysler Town and Country,8000,"172,348",0,https://www.craigslist.org/view/d/north-vancouver-northwest-central-2014/jHdJzvZ9HGfa9xQJrVRe97,excellent,gas,grey,clean,automatic,minivan,6 cylinders,fwd,North Vancouver,,
2018 Audi Q5 Progressiv S Tronic,18000,"140,053",0,https://www.craigslist.org/view/d/north-vancouver-northwest-central-2018/w3joWKXZZibWNgCgzMz767,excellent,gas,white,clean,automatic,SUV,4 cylinders,4wd,North Vancouver,,
2016 Land Rover Range Rover Supercharged,28900,"155,191",0,https://www.craigslist.org/view/d/west-vancouver-north-2016-land-rover/xsDCLq6jn4siZFyf396ppm,excellent,gas,custom,clean,automatic,SUV,8 cylinders,4wd,West Vancouver,,
2016 Range Rover V8 Supercharged good condition,29000,"161,000",0,https://www.craigslist.org/view/d/vancouver-2016-range-rover-v8/1CkKTxZ7TtNa3BMWbafpRT,excellent,gas,black,clean,automatic,SUV,8 cylinders,4wd,Vancouver,,
2014 Kia Forte,5999,"151,381",0,https://www.craigslist.org/view/d/north-vancouver-2014-kia-forte/kS7BVGAH2qbVNx4AWWxLpL,good,gas,grey,clean,automatic,sedan,4 cylinders,fwd,North Vancouver,,
2010 Toyota Matrix TRD Edition - 5 Spd Manual Transmission,6500,"235,000",0,https://www.craigslist.org/view/d/vancouver-2010-toyota-matrix-trd/w4J3A8ksW4rGAAXusVXy1F,good,gas,blue,clean,manual,wagon,4 cylinders,fwd,Vancouver,,
1994 C4 Corvette,16500,"63,000",0,https://www.craigslist.org/view/d/burnaby-1994-c4-corvette/tCwMRx1vZr2PM6wVwcxgQi,excellent,gas,black,clean,automatic,coupe,8 cylinders,rwd,Burnaby,,
cargo camper mini van  test drive  pontiac montana,2480,"250,000",0,https://www.craigslist.org/view/d/surrey-inner-northwest-cargo-camper/wJzCvgYbm6gAYmQkffKqxz,good,gas,blue,clean,automatic,minivan,6 cylinders,fwd,Surrey,,
1992 VW Westfalia Camper Van 5speed,20000,"230,000",0,https://www.craigslist.org/view/d/vancouver-1992-vw-westfalia-camper-van/3axYGVsNGaBSDhjpDXLWYC,good,gas,green,clean,manual,van,5 cylinders,fwd,Vancouver,,
2005 Toyota sienta,5500,"120,000",0,https://www.craigslist.org/view/d/burnaby-2005-toyota-sienta/bT87gKeMR3PAXswv2fy7WW,,gas,,clean,automatic,,4 cylinders,fwd,Burnaby,,
"2017 Ford F-750 + HIAB 188 (Remote) Knuckle Boom – ONLY 48,000 Miles",148000,"48,000",0,https://www.craigslist.org/view/d/surrey-2017-ford-750-hiab-188-remote/gmJMBLVN1ZHkkPe4mxh1ME,like new,diesel,white,clean,automatic,truck,,,Surrey,,
1974 Toyota Corolla,22250,"41,000",0,https://www.craigslist.org/view/d/richmond-west-1974-toyota-corolla/2ABKXXVt1qVJBUj3WASz9A,,gas,,clean,automatic,sedan,,,Richmond,,
96 Alfa spider,7000,"90,000",0,https://www.craigslist.org/view/d/richmond-96-alfa-spider/kqbJFj4uCLxvgeC6woGDmt,fair,gas,black,clean,manual,convertible,4 cylinders,rwd,Richmond,,
***2001 NISSAN SENTRA SEDAN***,2200,"200,000",0,https://www.craigslist.org/view/d/surrey-north-2001-nissan-sentra-sedan/d6aYDfsnWpQih4qzZyHq4a,excellent,gas,grey,clean,automatic,sedan,4 cylinders,fwd,Surrey,,
2000 Mercedes-Benz C230 Kompressor W202,2150,"270,000",0,https://www.craigslist.org/view/d/burnaby-2000-mercedes-benz-c230/76oTYf56YeM57ziJvGnSn5,good,gas,silver,clean,automatic,sedan,4 cylinders,rwd,Burnaby,,
2010 Ford Edge SEL AWD SUV,3700,"240,000",0,https://www.craigslist.org/view/d/burnaby-2010-ford-edge-sel-awd-suv/kDadu4PKiqpgLpLVLn6ydp,excellent,gas,silver,clean,automatic,SUV,6 cylinders,4wd,Burnaby,,
2008 Toyota Highlander awd v6 3.5 transmission issues,2350,"205,000",0,https://www.craigslist.org/view/d/burnaby-2008-toyota-highlander-awd-v6/es1rXUMzrv32dQePUx4wDn,,gas,,clean,automatic,SUV,,,Burnaby,,
2002 BMW 745Li only 57000km No accident,22000,"44,000",0,https://www.craigslist.org/view/d/burnaby-2002-bmw-745li-only-57000km-no/f2YNMYaPpKnaxFLDWSnfQX,like new,gas,blue,clean,automatic,sedan,8 cylinders,rwd,Burnaby,,
"2016 Jeep Compass Estate Sale 4x4 only 82,400 Original kilometres",12450,"82,400",0,https://www.craigslist.org/view/d/west-vancouver-north-2016-jeep-compass/jAmLMn4eRmnbYtEorUxDec,excellent,gas,red,clean,automatic,SUV,4 cylinders,4wd,West Vancouver,,
!! 2005 Yukon !!,10000,"258,000",0,https://www.craigslist.org/view/d/coquitlam-yukon/5YCPWk4wRfaEe81XFALaZ9,,gas,,clean,automatic,SUV,,,Coquitlam,,
2008 LAND ROVER 107000 KM CLEAN TITLE,8500,"107,000",0,https://www.craigslist.org/view/d/delta-central-2008-land-rover-km-clean/94NC3p5DoRmu6grRZyU4sJ,excellent,gas,silver,clean,automatic,SUV,6 cylinders,4wd,Delta,,
2008 Mitsubishi Eclipse Spyder GS,5999,"115,000",0,https://www.craigslist.org/view/d/burnaby-2008-mitsubishi-eclipse-spyder/qJMNXUnuqWBgGQFSpoG8Mh,excellent,gas,blue,clean,automatic,convertible,4 cylinders,fwd,Burnaby,,
mgb 1973 project or parts car,650,"100,000",0,https://www.craigslist.org/view/d/langley-township-southwest-mgb-1973/3HwEPwdR6Mxgs2TvzZYJwH,fair,gas,custom,missing,manual,convertible,4 cylinders,rwd,Langley,GHD5UD319253G,
chrysler lebaron 1992 convertible collector,2850,"100,000",0,https://www.craigslist.org/view/d/langley-township-southwest-chrysler/6XvxgeiQ2oAwzqbwqaQnbf,good,gas,brown,rebuilt,automatic,convertible,6 cylinders,rwd,Langley,,
2002 Mercedes Benz C320,3800,"134,800",0,https://www.craigslist.org/view/d/richmond-2002-mercedes-benz-c320/1G9mXuFABgq5dARTVxn3xY,excellent,gas,blue,clean,automatic,sedan,6 cylinders,rwd,Richmond,,
2014 Nissan Versa Note SV,7900,"110,000",0,https://www.craigslist.org/view/d/richmond-2014-nissan-versa-note-sv/hwDn9ywtwE3hRJD2m8JkUp,excellent,gas,blue,clean,automatic,hatchback,4 cylinders,fwd,Richmond,,
2008 Jeep wrangler unlimited sahara,11900,"224,000",0,https://www.craigslist.org/view/d/richmond-2008-jeep-wrangler-unlimited/drpRU2w3p8ebVpZBySzGwy,like new,gas,black,clean,automatic,SUV,6 cylinders,4wd,Richmond,,
2008 Daihatsu Tanto,7800,"100,000",0,https://www.craigslist.org/view/d/richmond-2008-daihatsu-tanto/15mmiosz7suPDA7eu4GNen,like new,gas,black,clean,automatic,wagon,3 cylinders,fwd,Richmond,,
"2011 V.W, Jetta 4 Doors, Automatic",4300,"180,251",0,https://www.craigslist.org/view/d/burnaby-2011-vw-jetta-doors-automatic/x72nwpdW6Q3NMevmHwpNZa,excellent,gas,silver,rebuilt,automatic,sedan,4 cylinders,fwd,Burnaby,,
2010 Nissan Frontier Crew Cab 4x4,13500,"163,000",0,https://www.craigslist.org/view/d/abbotsford-southwest-2010-nissan/7fuJKNHwLQmw9FdsRQyRkc,excellent,gas,grey,clean,automatic,pickup,6 cylinders,4wd,Abbotsford,,
2008 GMC Savana 2500 extended Cargo van,3995,"244,000",0,https://www.craigslist.org/view/d/burnaby-2008-gmc-savana-2500-extended/wvLuyWvG3ffj8o4b9iprqv,,gas,,clean,automatic,truck,,,Burnaby,,
2000  5 ton,10000,"269,035",0,https://www.craigslist.org/view/d/vancouver-ton/dnUNrdTuHPcSRpQabQ1vU5,fair,diesel,white,clean,automatic,truck,6 cylinders,rwd,Vancouver,,
For sale Lexus RX 350,7900,"201,443",0,https://www.craigslist.org/view/d/richmond-southwest-for-sale-lexus-rx-350/cDGaBLcB6bdwnwwfkj5RX3,excellent,gas,grey,clean,automatic,pickup,6 cylinders,fwd,Richmond,,
FORD TRANSIT EXTENDED CARGO MAT,380,100,0,https://www.craigslist.org/view/d/west-vancouver-north-ford-transit/6EoQPo71D3TXTgKPdeWDP9,new,gas,,clean,automatic,van,,,West Vancouver,,
2010 Toyota Minivan 4-cyl 1.8L A/T Mint Condition!,9990,"155,000",0,https://www.craigslist.org/view/d/delta-southwest-2010-toyota-minivan-cyl/qk5Z3vjiQsmfJxPL9yY2bd,excellent,gas,grey,clean,automatic,minivan,4 cylinders,fwd,Delta,,
1978 Dodge Streetvan,30000,100,0,https://www.craigslist.org/view/d/delta-central-1978-dodge-streetvan/mbMTqr72ruyZhjyh27bLd8,,gas,,clean,automatic,,,,Delta,,
2014 Chevrolet Silverado 1500 Quad-Cab 4x4,19800,"88,008",0,https://www.craigslist.org/view/d/west-vancouver-north-2014-chevrolet/r8fResnZ57iZUavViZEtgZ,good,gas,,clean,automatic,pickup,6 cylinders,,West Vancouver,,
Car,10500,"142,518",0,https://www.craigslist.org/view/d/vancouver-car/ijKPs4xuRXeHZfvxoeNkCC,excellent,gas,brown,clean,automatic,coupe,8 cylinders,rwd,Vancouver,,
Ford Explorer,6500,"215,000",0,https://www.craigslist.org/view/d/surrey-ford-explorer/4qQxwKMM7rWwsGCcZaq4Ki,like new,gas,black,clean,automatic,SUV,6 cylinders,4wd,Surrey,,
Mercedes-Benz C350 4MATIC,6000,"176,000",0,https://www.craigslist.org/view/d/surrey-mercedes-benz-c350-4matic/aHya4VT8pYQ4MvH1XpbpAb,like new,gas,grey,clean,automatic,sedan,6 cylinders,4wd,Surrey,,
Volkswagen jetta 2.0T,3200,"240,000",0,https://www.craigslist.org/view/d/surrey-volkswagen-jetta-20t/1xMCsbVi62Te1JxuCQMEpp,like new,gas,grey,rebuilt,automatic,sedan,4 cylinders,fwd,Surrey,,
Ford Focus 2012 excellent condition / car rental $20 a day,6500,"159,489",0,https://www.craigslist.org/view/d/vancouver-ford-focus-2012-excellent/qogCLgctXrRFX5CFf8wRFY,excellent,gas,white,clean,automatic,hatchback,4 cylinders,,Vancouver,,
Maserati GT v8 4200 clean title Ferrari Engine tax exempt - no fees,15000,"70,000",0,https://www.craigslist.org/view/d/coquitlam-maserati-gt-clean-title/wvCvaa48FatPs7yYLF7ovj,,gas,,clean,other,,,,Coquitlam,,
2022 Chevy Spark LT,9600,"41,214",0,https://www.craigslist.org/view/d/surrey-2022-chevy-spark-lt/n4mr7zCpfkYvd4FWRNf6QY,excellent,gas,blue,rebuilt,manual,hatchback,4 cylinders,fwd,Surrey,,
2010 Subaru Forester Limited AWD,9500,"123,166",0,https://www.craigslist.org/view/d/surrey-lower-west-2010-subaru-forester/g1eoXhsJTzfoWUQhwBcdVk,excellent,gas,grey,rebuilt,automatic,SUV,4 cylinders,4wd,Surrey,,
2018 Jeep compass limited 4x4,13200,"55,969",0,https://www.craigslist.org/view/d/surrey-lower-west-2018-jeep-compass/gGPMt1o6eeNVH9NQpnQgYV,excellent,gas,grey,rebuilt,automatic,SUV,4 cylinders,4wd,Surrey,,
Porsche boxster 5-Speed convertible clean,12950,"170,000",0,https://www.craigslist.org/view/d/surrey-east-porsche-boxster-speed/emcscn1pWTSB92EawPxP5a,,gas,,clean,manual,convertible,,,Surrey,,
Ford Excursion limousine money maker,8950,"197,000",0,https://www.craigslist.org/view/d/surrey-east-ford-excursion-limousine/vaZ7nrZ9st5DadJqNv4SXD,,gas,,clean,automatic,,,,Surrey,,
Ford Excursion limousine money maker,9500,"240,000",0,https://www.craigslist.org/view/d/surrey-east-ford-excursion-limousine/tuXZzgdyaMJ41ygErhm4jZ,,gas,,clean,automatic,,,,Surrey,,
2011 Audi S4 Quattro supercharged clean spec,14500,"190,000",0,https://www.craigslist.org/view/d/surrey-east-2011-audi-s4-quattro/6CR4S9WkXQ6qGGo9bXfexb,,gas,,clean,automatic,,,,Surrey,,
2003 Toyota Corolla 5-speed 4cyl reliable,3300,"273,000",0,https://www.craigslist.org/view/d/surrey-east-2003-toyota-corolla-speed/qom63cGT1Pq4cUcvXBJRf3,,gas,,clean,manual,sedan,,,Surrey,,
12 Mercedes-Benz BlueTEC 1000kms in tank,6250,"20,000",0,https://www.craigslist.org/view/d/surrey-east-12-mercedes-benz-bluetec/3jvXruoKAeT3mQUPgaGsE7,,diesel,,clean,automatic,,,4wd,Surrey,,
2013 dodge ram 2500HD 4x4 laramie,12350,"83,500",0,https://www.craigslist.org/view/d/surrey-2013-dodge-ram-2500hd-4x4-laramie/37RiUd6uiTs46QYryy3ovK,,gas,,clean,automatic,pickup,,,Surrey,,
2011 vw tiguan awd ac cold clean title low k,5500,"180,000",0,https://www.craigslist.org/view/d/surrey-2011-vw-tiguan-awd-ac-cold-clean/24hYKtoH6TS4WqWgJjqH3n,,gas,,clean,automatic,SUV,,,Surrey,,
1997 pontiac grand prix low kms,1400,"170,000",0,https://www.craigslist.org/view/d/surrey-1997-pontiac-grand-prix-low-kms/vvd5RmGxMJ8meqe6G4yHtd,,gas,,clean,automatic,sedan,,,Surrey,,
2015 Mercedes-Benz C300 4MATIC – Excellent Condition,14000,"143,000",0,https://www.craigslist.org/view/d/vancouver-2015-mercedes-benz-c300/bBezBtKTFFv5kHWJWLh7kY,,diesel,,clean,automatic,,,,Vancouver,,
Honda Civic for urgent Sale,4500,"254,000",0,https://www.craigslist.org/view/d/surrey-honda-civic-for-urgent-sale/3cDWiJzqDSJD4YWLtPu7ER,good,gas,blue,clean,automatic,sedan,4 cylinders,fwd,Surrey,,
2016 Mercedes-Benz GL350 BlueTEC 4MATIC - One Owner / Clean Title / Low KM / Fac,23800,"125,000",0,https://www.craigslist.org/view/d/tsawwassen-2016-mercedes-benz-gl350/earjEwVgsbyWsJxgcs5EEf,excellent,diesel,white,clean,automatic,SUV,6 cylinders,4wd,Tsawwassen,,
2004 GMC Sierra 3500 Extended Cab SLE 4x4 – 8ft Long Bed,5900,"275,000",0,https://www.craigslist.org/view/d/maple-ridge-2004-gmc-sierra-3500/7VsX5yfV4TCtE8mTFSPYb9,fair,gas,green,clean,automatic,pickup,8 cylinders,4wd,Maple Ridge,,
"2001 NISSAN PATHFINDER SE AUTO ONLY 287,000 KM 2 OWNERS DRIVES PERFECT",2500,"287,000",0,https://www.craigslist.org/view/d/vancouver-2001-nissan-pathfinder-se/nz6bQEJE7rEzSFMGVUwEs2,excellent,gas,grey,clean,automatic,SUV,6 cylinders,4wd,Vancouver,,
2014 Chevrolet Cruze,9888,"59,341",0,https://www.craigslist.org/view/d/port-moody-2014-chevrolet-cruze/pwZj2dfkMbCK14AEgENzkV,good,gas,silver,clean,automatic,sedan,4 cylinders,fwd,Port Moody,,
"2016 Nissan NV200 cargo van, Clean title, No accident, 2.0L 169k km",11000,"183,000",0,https://www.craigslist.org/view/d/burnaby-2016-nissan-nv200-cargo-van/6oowzcvhpA2asygq4jPxuf,excellent,gas,white,clean,automatic,van,4 cylinders,fwd,Burnaby,,
2017 GMC TERRAIN DENALI,14500,"131,000",0,https://www.craigslist.org/view/d/vancouver-2017-gmc-terrain-denali/hgGFm6wRLW5aFQ4RiYT7Mn,excellent,gas,grey,clean,automatic,SUV,6 cylinders,4wd,Vancouver,,
4WD Toyota Diesel RHD,14000,"211,000",0,https://www.craigslist.org/view/d/north-vancouver-northwest-4wd-toyota/12R6BW3YNii9FanGVXBNjH,excellent,diesel,white,clean,automatic,van,4 cylinders,4wd,North Vancouver,,
"2008 Honda Accord 2.4L – 176,000 km – Rebuilt Status – $6,500 OBO",6500,"176,000",0,https://www.craigslist.org/view/d/vancouver-2008-honda-accord-24l-km/nB6kSWJ8AnMZvxBTeVymrs,good,gas,grey,rebuilt,automatic,sedan,4 cylinders,fwd,Vancouver,,
"2010 Mazda 3 Touring clean title 114k new clutch, tires and brakes",5500,"114,000",0,https://www.craigslist.org/view/d/surrey-2010-mazda-touring-clean-title/fCcCkMpQGwmjBQkbCQJJNM,,gas,,clean,manual,sedan,,,Surrey,,
2010 Hino 238,29500,"162,008",0,https://www.craigslist.org/view/d/burnaby-2010-hino-238/tKN7agVwu46JwiUsoviCgF,excellent,diesel,white,clean,automatic,truck,6 cylinders,rwd,Burnaby,,
2017 Hino Flatbed Flatdeck,38000,"348,000",0,https://www.craigslist.org/view/d/burnaby-2017-hino-flatbed-flatdeck/cAdcKxag54yLDyLJubopEk,excellent,diesel,white,clean,automatic,truck,6 cylinders,rwd,Burnaby,,
Infiniti G35 Sedan RWD,2500,"250,000",0,https://www.craigslist.org/view/d/delta-northeast-infiniti-g35-sedan-rwd/7fY78HctWvY7M34PA1Qpoi,good,gas,,clean,automatic,sedan,,,Delta,,
2003 Hino SG,35000,"150,000",0,https://www.craigslist.org/view/d/burnaby-2003-hino-sg/mPBakMMkaR2GWWMdBuRiMF,excellent,diesel,,clean,manual,,6 cylinders,rwd,Burnaby,,
"2010 Hino 338, Reefer",25000,"241,401",0,https://www.craigslist.org/view/d/burnaby-2010-hino-338-reefer/vMQxSd1G3GfnWtXgY615kx,excellent,diesel,white,clean,automatic,truck,6 cylinders,rwd,Burnaby,,
"2007 Hino 308 Dumper, Flatdeck 12 ft with Crane",24995,"200,000",0,https://www.craigslist.org/view/d/burnaby-2007-hino-308-dumper-flatdeck/uTyfF2evSc1S7mZR6ByBSW,excellent,diesel,white,clean,automatic,truck,6 cylinders,rwd,Burnaby,,
2020,28000,"750,000",0,https://www.craigslist.org/view/d/burnaby-2020/spMktLSXq8dtpukWkUXQhm,,diesel,,clean,automatic,,6 cylinders,,Burnaby,,
Nissan X-trail,3400,"260,000",0,https://www.craigslist.org/view/d/surrey-nissan-trail/3mCeizejqvUJr5HiyCtv8Z,like new,gas,grey,clean,automatic,SUV,4 cylinders,4wd,Surrey,,
2019 Dodge Durango GT V6 AWD,16900,"205,000",0,https://www.craigslist.org/view/d/vancouver-2019-dodge-durango-gt-v6-awd/ad7z5RcZWzACT5QetTW8eb,excellent,gas,white,clean,automatic,SUV,6 cylinders,4wd,Vancouver,,
2008 CHEVROLET EQUINOX LT SUV,3200,"248,000",0,https://www.craigslist.org/view/d/burnaby-2008-chevrolet-equinox-lt-suv/8xTeDLZmXGN8QtD5h2GfCg,good,gas,purple,clean,automatic,SUV,6 cylinders,fwd,Burnaby,,
2011 BMW 335IS 6-Speed Manual Transmission,17900,"197,000",0,https://www.craigslist.org/view/d/west-vancouver-2011-bmw-335is-speed/jnf7fNGDQPncYWJ54bi5KE,fair,gas,black,clean,manual,coupe,6 cylinders,rwd,West Vancouver,,
Car for Sale,12000,"170,000",0,https://www.craigslist.org/view/d/vancouver-car-for-sale/iS4JUtMr4nndsVbsCDxQqj,excellent,gas,black,clean,automatic,SUV,8 cylinders,4wd,Vancouver,WP1AB2A27BLA49187,
🚗 2018 Porsche Macan GTS | No Accidents | Local BC Vehicle |PDK,36995,"81,500",0,https://www.craigslist.org/view/d/richmond-porsche-macan-gts-no-accidents/pb5hgWft5xfvBCjo9B6aqB,like new,gas,white,clean,automatic,SUV,6 cylinders,4wd,Richmond,WP1AG2A5XJLB64098,
For sale 2012 Porsche 911 carrera gts (997) cabriolet,89995,"62,150",0,https://www.craigslist.org/view/d/richmond-for-sale-2012-porsche-911/wYiKzAw594Tabz5fZ5ftwj,like new,gas,black,clean,automatic,coupe,6 cylinders,rwd,Richmond,WP0CB2A93CS754440,
"2020 Audi Q5 Technik  | 75,000 KM | Fully Loaded",29995,"75,000",0,https://www.craigslist.org/view/d/richmond-2020-audi-q5-technik-km-fully/uZ4iVKV2pK2GhkmYqYPhmV,like new,gas,blue,clean,automatic,SUV,4 cylinders,4wd,Richmond,WA1FNAFY9L2105606,
2017 Ford Escape SE AWD 2.0L EcoBoost - Low KM - Priced to Sell,11995,"97,123",0,https://www.craigslist.org/view/d/surrey-2017-ford-escape-se-awd-20l/2H8WwS7Li22ERW8hAwtE6Z,excellent,gas,black,rebuilt,automatic,SUV,4 cylinders,4wd,Surrey,,
"2011 V.W, Jetta 4 Doors, Automatic",4300,"180,251",0,https://www.craigslist.org/view/d/burnaby-2011-vw-jetta-doors-automatic/tHEL3d9AJo29mcrKq3TvWM,excellent,gas,silver,rebuilt,automatic,sedan,4 cylinders,fwd,Burnaby,,
"2017 Buick LaCrosse Luxury Sedan - Only 27,140 KM - Must See!",16900,"27,140",0,https://www.craigslist.org/view/d/surrey-2017-buick-lacrosse-luxury-sedan/wFLFu4A6uBGrqUhHL7dyWV,excellent,gas,grey,rebuilt,automatic,sedan,6 cylinders,4wd,Surrey,,
2003 Lexus ES300 - Reliable Daily Driver!,5000,"315,000",0,https://www.craigslist.org/view/d/langley-township-north-2003-lexus-es300/dZ7qVAZK9tcbbmgGyy6uGA,excellent,gas,blue,clean,automatic,sedan,6 cylinders,4wd,Langley,,
2018 Kia Sorento,10800,"188,400",0,https://www.craigslist.org/view/d/new-westminster-northeast-2018-kia/mnzH3ut2tZzAYwLcYD1vdE,,gas,black,clean,automatic,SUV,4 cylinders,4wd,New Westminster,,
CLASSIC MINI HONDA B- SERIES SWAP,19800,"1,000",0,https://www.craigslist.org/view/d/coquitlam-classic-mini-honda-series-swap/hGpvt4orzdWpuFewM7kCzu,fair,gas,green,missing,manual,coupe,4 cylinders,fwd,Coquitlam,,
1980 Ford F-150 Ranger XLT,6000,"178,000",0,https://www.craigslist.org/view/d/burnaby-1980-ford-150-ranger-xlt/tWry64RSMmrvbpMBfBwQzE,,gas,,clean,automatic,pickup,,,Burnaby,,
2014 Chevrolet Silverado 1500,5900,"243,000",0,https://www.craigslist.org/view/d/vancouver-2014-chevrolet-silverado-1500/o3iHCuPUNNiStdpwcbGZm8,good,gas,white,clean,automatic,pickup,6 cylinders,,Vancouver,,
2012 128i convertible Manual,16500,"111,000",0,https://www.craigslist.org/view/d/new-westminster-southwest-convertible/gvfgAzdGphSeJsLWiouyPL,excellent,gas,white,clean,manual,convertible,6 cylinders,rwd,New Westminster,,
"**2010 Hyundai Genesis – Low Mileage – Excellent Condition**

Very low milea",7800,"170,000",0,https://www.craigslist.org/view/d/coquitlam-2010-hyundai-genesis-low/nr21ypR4LBBnKaPDRcYN3U,excellent,gas,black,clean,automatic,coupe,4 cylinders,fwd,Coquitlam,,
1965 mustang,26999,"100,000",0,https://www.craigslist.org/view/d/richmond-south-1965-mustang/92N85UTE2Zbs8g4fzCgw1J,excellent,gas,,clean,automatic,coupe,,,Richmond,,
2015 GMC Sierra 1500,3900,"374,000",0,https://www.craigslist.org/view/d/coquitlam-north-2015-gmc-sierra-1500/j9WfsUfm28vKU8yFY3JqcX,,gas,white,clean,automatic,pickup,,,Coquitlam,,
2004 Chevrolet Astro Van,5380,"262,000",0,https://www.craigslist.org/view/d/coquitlam-2004-chevrolet-astro-van/pmfHAV6Mj9BZLBAF8qWtTC,good,gas,,clean,automatic,van,6 cylinders,,Coquitlam,,
2022 Mitsubishi Eclipse Cross AWD – Excellent Condition,26,"73,922",0,https://www.craigslist.org/view/d/new-westminster-2022-mitsubishi-eclipse/dDD5d57JWoQKijsGWdP4W6,like new,gas,red,clean,automatic,SUV,,4wd,New Westminster,,
2004 ford explorer sport trac for sale,2250,"315,000",0,https://www.craigslist.org/view/d/white-rock-2004-ford-explorer-sport/bngHb8VDT97E3LD9PttLMC,good,gas,black,clean,automatic,pickup,6 cylinders,rwd,White Rock,,
2006 ford mustang pony package,7000,"200,000",0,https://www.craigslist.org/view/d/vancouver-2006-ford-mustang-pony-package/2hJXyoHGAb8cZNAm65QxeW,like new,gas,silver,clean,automatic,coupe,6 cylinders,rwd,Vancouver,,
2013 Volkswagen Passat SEL – Meticulously Maintained,6500,"130,000",0,https://www.craigslist.org/view/d/burnaby-2013-volkswagen-passat-sel/cKt3igSoKzZ3HRcqUc5YdF,excellent,gas,,clean,automatic,sedan,5 cylinders,fwd,Burnaby,,
2018 Honda Accord Touring Black – Excellent Condition,28500,"60,543",0,https://www.craigslist.org/view/d/surrey-inner-northwest-2018-honda/fgzxEbagog8R7Jb22Ncher,like new,gas,black,clean,automatic,sedan,,,Surrey,,
chevrolet aveo 2011 selling my car,2499,170,0,https://www.craigslist.org/view/d/surrey-chevrolet-aveo-2011-selling-my/c9W3Siw4LckuGnLJTpRQ31,new,gas,grey,clean,automatic,,,,Surrey,,
2018 Hyundai Santa Fe Sport,16999,"101,027",0,https://www.craigslist.org/view/d/richmond-2018-hyundai-santa-fe-sport/gMimeZ3VCKr36zrR1LyjfW,excellent,gas,white,clean,automatic,SUV,4 cylinders,4wd,Richmond,,
2021 Toyota Corolla Hybrid Premium,23900,"176,000",0,https://www.craigslist.org/view/d/burnaby-2021-toyota-corolla-hybrid/7XCu1j1QZPpW1Kh5ynrtUo,like new,hybrid,custom,clean,automatic,sedan,4 cylinders,,Burnaby,,
2022 Isuzu 5 ton,115000,"7,500",0,https://www.craigslist.org/view/d/north-vancouver-2022-isuzu-ton/iBwRXWpr6jkMiLud1D8EH8,like new,diesel,white,clean,automatic,van,8 cylinders,rwd,North Vancouver,,
GMC SLE Sierra,39500,"189,500",0,https://www.craigslist.org/view/d/vancouver-gmc-sle-sierra/9jr18WSFHS3n3SPnDT2x3i,excellent,gas,black,clean,automatic,truck,,rwd,Vancouver,,
1996 Mitsubishi Delica L400,14680,"230,000",0,https://www.craigslist.org/view/d/west-vancouver-south-1996-mitsubishi/hfCFvEHoSaDSDp1yaLHFfn,good,diesel,,clean,automatic,,4 cylinders,,West Vancouver,,
2002 Buick LeSabre - A Turn-Key Daily Cruiser!,5000,"232,000",0,https://www.craigslist.org/view/d/port-coquitlam-south-2002-buick-lesabre/d4LKdb2TT8GjsrqtqoPNsu,good,gas,blue,clean,automatic,sedan,6 cylinders,fwd,Port Coquitlam,,
"One of 2 Catering truck / supply truck, walk in fridge combo",155000,"300,000",0,https://www.craigslist.org/view/d/burnaby-one-of-catering-truck-supply/spNcLGE2AaHRvH1rKTVTFd,excellent,gas,,clean,automatic,truck,,,Burnaby,,
2021 Mercedes-Benz C300 4MATIC AMG Premium Package,37500,"35,500",0,https://www.craigslist.org/view/d/surrey-2021-mercedes-benz-c300-4matic/mKMgk3S8BSxrNebfPfF8HS,,gas,white,clean,automatic,sedan,4 cylinders,4wd,Surrey,W1KWF8EB9MR651541,
CAR FOE SALE - 2002 Dodge Intrepid ES,950,"97,200",0,https://www.craigslist.org/view/d/richmond-car-foe-sale-dodge-intrepid-es/npugdefUyoU6tZJgukJm3o,fair,gas,green,clean,automatic,sedan,6 cylinders,fwd,Richmond,,
1979 MGB,7500,"113,000",0,https://www.craigslist.org/view/d/white-rock-1979-mgb/dTeJJhfA6nmgpU2dNJt6XT,excellent,gas,blue,clean,manual,convertible,4 cylinders,rwd,White Rock,,
1991 TOYOTA PREVA For Sale,2900,"244,494",0,https://www.craigslist.org/view/d/coquitlam-1991-toyota-preva-for-sale/82panXznrT59BSKtbUB9hz,good,gas,white,clean,automatic,wagon,,,Coquitlam,,
1991 TOYOTA PREVA For Sale,2900,"244,494",0,https://www.craigslist.org/view/d/coquitlam-1991-toyota-preva-for-sale/fUf8QvePTzUNhvqVEfGVMv,good,gas,white,clean,automatic,wagon,,,Coquitlam,,
Hyundai Sonata 2012,5000,"43,000",0,https://www.craigslist.org/view/d/burnaby-hyundai-sonata-2012/mcc8JU5mGuyJELif98izui,good,gas,black,clean,automatic,sedan,4 cylinders,fwd,Burnaby,,
2009 Pontiac Vibe Ugly But Good,3000,"230,000",0,https://www.craigslist.org/view/d/surrey-north-2009-pontiac-vibe-ugly-but/b8sUGY2cRUyX8SnJ6YFZwJ,,gas,,rebuilt,automatic,,,,Surrey,,
VOLVO V70 2002 2.4L 5cyl,3650,"218,000",0,https://www.craigslist.org/view/d/delta-northeast-volvo-l-5cyl/1r4MThW7eWaecBSy1FRTLh,good,gas,blue,clean,automatic,wagon,5 cylinders,fwd,Delta,,
2023 Tesla RWD Blue Single Owner | Clean ICBC Title,33000,"76,000",0,https://www.craigslist.org/view/d/north-vancouver-northwest-central-2023/mw9KL45QjnKvca4SWrheRb,excellent,electric,blue,clean,other,sedan,other,rwd,North Vancouver,,
MERCEDES C43 AMG CABRIOLET,72900,"23,000",0,https://www.craigslist.org/view/d/maple-ridge-mercedes-c43-amg-cabriolet/9TcNviWk4mzZepeSCjJ75o,like new,gas,,clean,manual,convertible,6 cylinders,,Maple Ridge,,
2012 Mitsubishi RVR,5499,"169,000",0,https://www.craigslist.org/view/d/coquitlam-2012-mitsubishi-rvr/nR4hvPJMSwWe2zqHcAR4vr,excellent,gas,black,rebuilt,automatic,SUV,4 cylinders,fwd,Coquitlam,,
Dodge Ram 1500,9980,"142,300",0,https://www.craigslist.org/view/d/vancouver-dodge-ram-1500/bD1CX3SVEeDHvY74CXeLRF,good,gas,brown,clean,automatic,pickup,8 cylinders,rwd,Vancouver,,
2003 Acura EL,2500,"315,000",0,https://www.craigslist.org/view/d/coquitlam-north-2003-acura-el/aGTj536pXPxmZUuk3tLung,fair,gas,silver,rebuilt,automatic,sedan,,,Coquitlam,,
Hyundai Sonata 2011,4700,"165,000",0,https://www.craigslist.org/view/d/surrey-hyundai-sonata-2011/rkyGT4VSzJWpLEnnbKsZxB,like new,gas,grey,clean,automatic,sedan,4 cylinders,fwd,Surrey,,
1997 v8 s10,123,123,0,https://www.craigslist.org/view/d/surrey-inner-northwest-1997-v8-s10/sCVbWR4hVrTTqnqVN6Emgm,good,gas,red,clean,automatic,pickup,8 cylinders,rwd,Surrey,,
*** BMW 328i for sale ***,5500,"205,000",0,https://www.craigslist.org/view/d/vancouver-bmw-328i-for-sale/jZRUhUaa1F2Fw8CaWTCiaH,excellent,gas,silver,clean,automatic,sedan,6 cylinders,,Vancouver,,
2006 Honda Accord coupe,3500,"333,657",0,https://www.craigslist.org/view/d/vancouver-2006-honda-accord-coupe/9TtMMio1ZCyy9aCw64oQpg,good,gas,black,clean,manual,coupe,4 cylinders,fwd,Vancouver,,
2016 Subaru Crosstrek,12800,"175,600",0,https://www.craigslist.org/view/d/burnaby-2016-subaru-crosstrek/seF6TPH2KaWBXSWiqUNyVN,like new,gas,grey,rebuilt,automatic,SUV,4 cylinders,4wd,Burnaby,,
Toyota camry for sale,4900,"248,850",0,https://www.craigslist.org/view/d/richmond-toyota-camry-for-sale/rY7E2rz5JRVBpv6w3vX3cg,excellent,gas,,clean,automatic,sedan,,,Richmond,,
2010 Dodge Challenger v6,8500,"230,000",0,https://www.craigslist.org/view/d/mission-east-2010-dodge-challenger-v6/ctnqRhcZfRpUmkEbdd1hqS,like new,gas,white,clean,automatic,coupe,,,Mission,,
2015 Audi Q3 Technik Quattro AWD,15900,"110,000",0,https://www.craigslist.org/view/d/vancouver-2015-audi-q3-technik-quattro/vECJW5tUcWDCAwYh3vMCvr,,gas,,clean,automatic,SUV,,,Vancouver,,
2024 Mazda CX-90 PHEV AWD Hybrid GT Lease take over,409,"26,788",0,https://www.craigslist.org/view/d/surrey-east-2024-mazda-cx-90-phev-awd/aB9Hz99eYkWnATyUL6pW6Q,excellent,hybrid,brown,clean,automatic,SUV,4 cylinders,4wd,Surrey,,
"2014 Nissan Sentra - Clean, Reliable, Fuel Efficient",7500,"125,142",0,https://www.craigslist.org/view/d/surrey-inner-northwest-2014-nissan/qoEDB5oCSUYy1SQ9tz7aA4,excellent,gas,grey,clean,automatic,sedan,4 cylinders,fwd,Surrey,3N1AB7AP7EL647107,
Honda CR-V SUV leaving today,4000,"248,000",0,https://www.craigslist.org/view/d/vancouver-honda-cr-suv-leaving-today/9GAE3TnpkHgMN3w63vPEdt,good,gas,,clean,automatic,SUV,,,Vancouver,,
"2002 Toyota Camry LE – Reliable Daily Driver – $3,900 OBO",3900,"225,000",0,https://www.craigslist.org/view/d/coquitlam-2002-toyota-camry-le-reliable/b9rNyeoqWzF5RdLkLJVqCj,good,gas,orange,clean,automatic,sedan,4 cylinders,fwd,Coquitlam,,
1982 GMC G3500 Motorhome,5500,"100,000",0,https://www.craigslist.org/view/d/vancouver-1982-gmc-g3500-motorhome/vJzDLNQHYCJM5dMa8CjARB,excellent,gas,grey,clean,automatic,,,,Vancouver,,
"Ford Focus Electric 2017, Low KM, Clean Title",13900,"44,100",0,https://www.craigslist.org/view/d/burnaby-ford-focus-electric-2017-low-km/bzGch4WSWh9VrxRSVuCdB6,excellent,electric,black,clean,automatic,hatchback,,,Burnaby,1FADP3R40HL329737,
TOYOTA PREVA For Sale,2900,"244,494",0,https://www.craigslist.org/view/d/coquitlam-toyota-preva-for-sale/62KykEXCE7SUM3kzDPAqSY,good,gas,white,clean,automatic,wagon,,,Coquitlam,,
TOYOTA PREVA For Sale,2900,"244,494",0,https://www.craigslist.org/view/d/coquitlam-toyota-preva-for-sale/mYgjC9WnAGVvqdHg2cVMW2,good,gas,white,clean,automatic,wagon,,,Coquitlam,,
Toyota Corolla red,999,"228,000",0,https://www.craigslist.org/view/d/port-coquitlam-central-toyota-corolla/vJhFc5eiZLVD1JrTFvSn9F,fair,gas,red,clean,automatic,sedan,4 cylinders,fwd,Port Coquitlam,,
2500 chevy hd,4000,"400,000",0,https://www.craigslist.org/view/d/surrey-2500-chevy-hd/ggbZGVkdUo7PotHdwiPcVU,fair,diesel,,clean,automatic,,,,Surrey,,
MAZDA 3 GS Touring ASAP OBO,4755,"295,000",0,https://www.craigslist.org/view/d/coquitlam-mazda-gs-touring-asap-obo/6MpzzxEK1P6x8msrrYqH6Z,good,gas,blue,clean,automatic,hatchback,4 cylinders,fwd,Coquitlam,,
1990 Vandura,1800,"200,000",0,https://www.craigslist.org/view/d/richmond-southeast-1990-vandura/kaZ6Q8kVAqxqk7k6bA8474,,gas,white,parts only,automatic,van,,,Richmond,,
Toyota RAV4  TRD  OFF-ROAD,39900,"69,500",0,https://www.craigslist.org/view/d/port-coquitlam-central-toyota-rav4-trd/5pAKNCCdgBgxARMSinPnta,excellent,gas,blue,clean,automatic,SUV,4 cylinders,4wd,Port Coquitlam,,
Selling 2007 Honda AWD CR-V EX-L,25000,"130,000",0,https://www.craigslist.org/view/d/richmond-selling-2007-honda-awd-cr-ex/gqQaKAATmM5syaCzmQ5Aov,like new,gas,,clean,automatic,SUV,4 cylinders,4wd,Richmond,,
Toyota sienna 1998,3500,"258,700",0,https://www.craigslist.org/view/d/surrey-outer-northwest-toyota-sienna/qJDVKdQCQfAVudwLFNfbho,fair,gas,grey,clean,automatic,minivan,,fwd,Surrey,,
AUDI Q5 2.0T Quatro,19850,"107,000",0,https://www.craigslist.org/view/d/north-vancouver-audi-q5-20t-quatro/kgjVWcoDhuoWh2NsDrfJwE,like new,gas,white,clean,automatic,SUV,4 cylinders,4wd,North Vancouver,,
2008 Mazda 3,3700,"262,000",0,https://www.craigslist.org/view/d/coquitlam-2008-mazda/3XbPhhcMEFz33cJepVQC61,good,gas,white,clean,automatic,sedan,4 cylinders,fwd,Coquitlam,,
VOLVO S60 T6 AWD 2011,5999,"216,000",0,https://www.craigslist.org/view/d/vancouver-volvo-s60-t6-awd-2011/dZS83wTTuRcFwxAM9GPvLQ,,gas,red,clean,automatic,sedan,6 cylinders,4wd,Vancouver,,
Chrysler Crossfire SRT-6  reduced price,11900,"249,000",0,https://www.craigslist.org/view/d/comox-chrysler-crossfire-srt-reduced/wp9dMGdPA9LZn9CfuiHEv8,good,gas,,clean,automatic,coupe,6 cylinders,rwd,Comox,,
Toyota Corolla SE 2017,8500,"455,000",0,https://www.craigslist.org/view/d/surrey-toyota-corolla-se-2017/geNvQ4ZhcCLm5v25ciKDym,excellent,gas,white,clean,automatic,sedan,4 cylinders,fwd,Surrey,,
2016 Volkswagen tiguan CL - AWD,6999,"208,825",0,https://www.craigslist.org/view/d/surrey-2016-volkswagen-tiguan-cl-awd/tZdHPhHij5RkvcQXATFrsz,excellent,gas,white,clean,automatic,SUV,4 cylinders,4wd,Surrey,,
2009 Mercedes Benz s450,6500,"256,000",0,https://www.craigslist.org/view/d/surrey-2009-mercedes-benz-s450/3aYdC98fj2EZfpTBBTsWY1,excellent,gas,silver,clean,automatic,sedan,8 cylinders,4wd,Surrey,,
Honda CRV 2009,6200,"295,000",0,https://www.craigslist.org/view/d/surrey-honda-crv-2009/3BWYpwULVHDjZPCQbv8tyr,good,gas,blue,clean,automatic,SUV,4 cylinders,4wd,Surrey,,
Reliable working truck for sale,3500,"220,000",0,https://www.craigslist.org/view/d/burnaby-reliable-working-truck-for-sale/2KzKmB5GDJqc6x1WVu2tg3,good,gas,green,clean,automatic,truck,8 cylinders,rwd,Burnaby,,
TOYOTA PREVA For Sale,2900,"244,494",0,https://www.craigslist.org/view/d/coquitlam-toyota-preva-for-sale/mF57SZPy8PW4Lvb6pThPZv,good,gas,white,clean,automatic,wagon,,,Coquitlam,,
2004 BMW 325CI,4000,"264,146",0,https://www.craigslist.org/view/d/surrey-inner-northwest-2004-bmw-325ci/d2b8kcMvENTjfb13WGsx55,good,gas,grey,clean,automatic,coupe,,rwd,Surrey,,
2011 Tacoma TRD,19250,"264,000",0,https://www.craigslist.org/view/d/vancouver-2011-tacoma-trd/s9vekFUUqD9AYdSSrfhYeZ,excellent,gas,,clean,automatic,,,,Vancouver,,
Honda Accord 2008,6499,"195,000",0,https://www.craigslist.org/view/d/delta-honda-accord-2008/nQT6D8t1bpFFprmy3E9K22,excellent,gas,silver,clean,automatic,sedan,4 cylinders,,Delta,,
2006 Ford F 150,4500,"200,000",0,https://www.craigslist.org/view/d/delta-northeast-2006-ford-150/xcRyEdNSkd1dcbbVriq9sA,good,gas,grey,clean,automatic,truck,6 cylinders,rwd,Delta,,
2007 BMW X3 4 Door SUV,3900,"200,000",0,https://www.craigslist.org/view/d/vancouver-2007-bmw-x3-door-suv/qfFYFBiFffhhzuM4trfNTn,good,gas,grey,clean,automatic,SUV,6 cylinders,4wd,Vancouver,,
2008 Suzuki SX4,3500,"277,016",0,https://www.craigslist.org/view/d/burnaby-2008-suzuki-sx4/9A3Hx2hjnpeywurDRLGHaR,good,gas,black,clean,automatic,,4 cylinders,fwd,Burnaby,,
2000 Mazda 626 LX V6,2900,"202,000",0,https://www.craigslist.org/view/d/surrey-northeast-2000-mazda-626-lx-v6/2PYxgzdsarg3TzawWw5mMZ,,gas,,clean,automatic,sedan,,,Surrey,,
2005 Ford Freestyle 7 seat.,3200,"250,650",0,https://www.craigslist.org/view/d/north-vancouver-east-central-2005-ford/gEHV2qm7eWXUhjxeqNCUBk,good,gas,,clean,automatic,,6 cylinders,4wd,North Vancouver,,
2018 Jeep Wrangler JL Sport S 2-Door,24000,"94,000",0,https://www.craigslist.org/view/d/vancouver-2018-jeep-wrangler-jl-sport-2/4WqQtqcdMpRpSp5YV8J5WT,excellent,gas,blue,clean,manual,SUV,6 cylinders,4wd,Vancouver,,
2004 Mazda 3 sport,3899,"235,000",0,https://www.craigslist.org/view/d/vancouver-2004-mazda-sport/xfgLAyX6nSGCc37qCCi9i3,good,gas,grey,clean,manual,sedan,4 cylinders,fwd,Vancouver,,
2015 Toyota Sienna,6990,"630,000",0,https://www.craigslist.org/view/d/surrey-northeast-2015-toyota-sienna/fubHpXBJ1udGWHyppVguVJ,good,other,,clean,automatic,minivan,,,Surrey,,
2015 Infiniti Q50 *Clean Title*,15000,"133,000",0,https://www.craigslist.org/view/d/surrey-2015-infiniti-q50-clean-title/f6UqhGr3XwkZLoeo3KjF5E,excellent,gas,,clean,automatic,,,,Surrey,,
2013 Ford E-450 Super Duty 16' Cube Van – Commercial Moving Truck,19000,"228,000",0,https://www.craigslist.org/view/d/burnaby-2013-ford-450-super-duty-16/iTi7JnJmoiZJLnDMNJ3HA6,good,gas,white,clean,automatic,truck,10 cylinders,rwd,Burnaby,,
2013 Ford E-450 Super Duty 16' Cube Van – Commercial Moving Truck,19000,"228,000",0,https://www.craigslist.org/view/d/delta-southwest-2013-ford-450-super/8hjScMEJXEjMwHT16iMohw,good,gas,white,clean,automatic,truck,10 cylinders,rwd,Delta,,
2004 Chevy Ssr roadster pu supercharged low km,37499,"31,586",0,https://www.craigslist.org/view/d/burnaby-2004-chevy-ssr-roadster-pu/1XXrovwGzjeXy8zcjh7jKm,,gas,,clean,automatic,,,,Burnaby,,
2019 Infinity QX50 Essential AWD,21600,"113,000",0,https://www.craigslist.org/view/d/langley-township-northwest-2019/v7X8LH5fUhAcxTpScmWLXP,like new,gas,blue,clean,automatic,SUV,,4wd,Langley,,
2011 Chevy Cruze,2500,"230,000",0,https://www.craigslist.org/view/d/vancouver-2011-chevy-cruze/ggq9R4XthaBijMRsoHBugA,good,gas,black,clean,manual,sedan,4 cylinders,fwd,Vancouver,,
2008 Mercedes GL320,7900,"164,000",0,https://www.craigslist.org/view/d/richmond-southwest-2008-mercedes-gl320/mvVy3RqYL9yMJATZ8K7Xjd,good,diesel,custom,clean,automatic,SUV,6 cylinders,4wd,Richmond,,
2003 Chevrolet cavalier for sale,1500,"260,000",0,https://www.craigslist.org/view/d/vancouver-2003-chevrolet-cavalier-for/95NeCeVvRs3LsNekjdZgLJ,fair,gas,yellow,clean,automatic,coupe,,,Vancouver,,
2008 Nissan Altima 3.5 S,7500,"130,000",0,https://www.craigslist.org/view/d/vancouver-2008-nissan-altima-35/avNejEAW6XLMeY6a5mB7A5,,gas,red,clean,automatic,sedan,6 cylinders,,Vancouver,,
F-150 Short box 4x4 xlt,28500,"163,000",0,https://www.craigslist.org/view/d/surrey-150-short-box-4x4-xlt/dGctsngTmuDxjhzcqa2zrW,excellent,gas,black,clean,automatic,pickup,6 cylinders,4wd,Surrey,,
1937 Buick Centry - 4 DR,17000,"40,000",0,https://www.craigslist.org/view/d/north-vancouver-southwest-1937-buick/iqBqcS5KjifzJW5xTC2jxu,excellent,gas,blue,clean,manual,sedan,8 cylinders,rwd,North Vancouver,,
1984 VW VANAGON,13900,"126,000",0,https://www.craigslist.org/view/d/north-vancouver-southwest-1984-vw/1jKuN4EHHXPGDm5yS6pJwz,excellent,gas,white,clean,manual,van,4 cylinders,rwd,North Vancouver,,
**PRICE REDUCED** 2006 Chevrolet Duramax Diesel Box Truck,6000,"289,000",0,https://www.craigslist.org/view/d/surrey-price-reduced-2006-chevrolet/aA3W8suhaQqhSGoV82hMKs,fair,diesel,white,clean,automatic,truck,,,Surrey,,
"2016 Land Rover Range Rover Sport HSE — 74,500 km — Clean Title",21999,"74,500",0,https://www.craigslist.org/view/d/port-coquitlam-north-2016-land-rover/dWCXFmreXm5WazzMqpWUYN,excellent,gas,,clean,automatic,SUV,6 cylinders,4wd,Port Coquitlam,,
"2015 BMW 428i xDrive, Gran Coupe",12800,"169,000",0,https://www.craigslist.org/view/d/richmond-2015-bmw-428i-xdrive-gran-coupe/qtZZhp4gs7qQxxoafFctAg,excellent,gas,grey,clean,automatic,coupe,,4wd,Richmond,,
2012 Chrysler Town N Country,10500,"147,960",0,https://www.craigslist.org/view/d/surrey-outer-northwest-2012-chrysler/u53bpg8Q6gmRcCrM7E6Hbz,good,gas,white,clean,automatic,minivan,6 cylinders,fwd,Surrey,,
Toyota Corolla LE with sunroof,225000,"55,000",0,https://www.craigslist.org/view/d/surrey-east-toyota-corolla-le-with/4qGVCokVxXhhs1zJvMRBNG,like new,gas,silver,clean,automatic,sedan,3 cylinders,fwd,Surrey,,
2007 Subaru Impreza,4000,"196,500",0,https://www.craigslist.org/view/d/vancouver-2007-subaru-impreza/n7ct6hnjBXR5811WSWsKi9,excellent,gas,,clean,automatic,hatchback,4 cylinders,4wd,Vancouver,,
Chevy Cube Truck 2500 (Diesel),5000,"420,000",0,https://www.craigslist.org/view/d/richmond-chevy-cube-truck-2500-diesel/7xShXHHr3zwR16t5vQhXWc,fair,diesel,white,clean,automatic,other,,,Richmond,,
1940 Dodge De Soto,49000,"1,000",0,https://www.craigslist.org/view/d/surrey-northeast-1940-dodge-de-soto/rvxfDafUD8heghWcydbZji,,gas,,clean,automatic,,,,Surrey,,
2014 Mazda 3 CLEAN TITLE - Manual,6450,"209,000",0,https://www.craigslist.org/view/d/surrey-2014-mazda-clean-title-manual/4Z9WQamAEqS5rr4STRWRYz,,gas,,clean,manual,sedan,,,Surrey,,
1993 Hyundai Elantra,1800,"240,000",0,https://www.craigslist.org/view/d/vancouver-1993-hyundai-elantra/pu95CEREtMKPUXbBSuwpX8,good,gas,white,clean,manual,sedan,4 cylinders,,Vancouver,,
2017 Land Rover Range  Rover Sport,29995,"65,995",0,https://www.craigslist.org/view/d/new-westminster-2017-land-rover-range/bWQnnAgfHSrKKHC4fBRB3u,excellent,gas,black,clean,automatic,SUV,6 cylinders,4wd,New Westminster,,
2014 Mercedes-Benz GL 350,24888,"68,222",0,https://www.craigslist.org/view/d/richmond-2014-mercedes-benz-gl-350/qKQRiKtqnWMSKjsm7PVPJV,new,diesel,black,clean,automatic,SUV,6 cylinders,4wd,Richmond,,
4cyl 2013 Nissan Frontier s,19000,"135,000",0,https://www.craigslist.org/view/d/surrey-4cyl-2013-nissan-frontier/pAWCxsxEUPBg4MVmMqVNbx,excellent,gas,black,clean,automatic,pickup,4 cylinders,rwd,Surrey,,
Honda Civic 2019 for Sale,19500,"155,681",0,https://www.craigslist.org/view/d/surrey-honda-civic-2019-for-sale/binjAAqpXgCPEMiBeBwu6Q,good,gas,white,clean,automatic,sedan,4 cylinders,fwd,Surrey,,
1999 nissan pathfinder le,3000,410,0,https://www.craigslist.org/view/d/vancouver-1999-nissan-pathfinder-le/1uK4PAJHRx4aM3ApzMXVoN,good,gas,black,clean,automatic,SUV,,,Vancouver,,
Jeep Wrangler Unlimited 2014,21000,"172,000",0,https://www.craigslist.org/view/d/burnaby-jeep-wrangler-unlimited-2014/gRKJ8XRtFEFoKCViA7PZWX,excellent,gas,black,clean,automatic,offroad,6 cylinders,4wd,Burnaby,,
Lease Take Over,1045,"9,456",0,https://www.craigslist.org/view/d/delta-southeast-lease-take-over/48bADemiQxfFnGdKDe5vBj,like new,gas,grey,clean,automatic,sedan,,4wd,Delta,,
2009 Toyota Prius,3500,"129,000",0,https://www.craigslist.org/view/d/vancouver-2009-toyota-prius/iHSGQd8DwFJWqm55mhgfJH,good,hybrid,,rebuilt,automatic,hatchback,,,Vancouver,,
2019 CLS 450 Mercedes-Benz,37900,"187,000",0,https://www.craigslist.org/view/d/surrey-inner-northwest-2019-cls-450/i3FhhkEdK6zv8tQizL7jht,excellent,hybrid,black,clean,automatic,,6 cylinders,4wd,Surrey,,
1969 MGB,5000,"60,000",0,https://www.craigslist.org/view/d/north-vancouver-1969-mgb/ncjo9HPyjCSwr3yxWzmuvn,,gas,,clean,manual,,,,North Vancouver,,
2012 Subaru Forester automatic transmission,600,"70,000",0,https://www.craigslist.org/view/d/vancouver-2012-subaru-forester/9g6NH3gevbzTHvYwiXvBEC,excellent,gas,,clean,automatic,wagon,,,Vancouver,,
1966 Ford Mustang,29995,"79,000",0,https://www.craigslist.org/view/d/langley-township-southwest-1966-ford/ckB4iftV5s1QTDkDv67tLJ,like new,gas,white,clean,manual,coupe,6 cylinders,rwd,Langley,,
1993 Land Rover Defender 110 TDi,43900,"145,000",0,https://www.craigslist.org/view/d/vancouver-1993-land-rover-defender-110/jmWr88Qm9QZhkpYRiMwwBM,,diesel,green,clean,manual,offroad,4 cylinders,4wd,Vancouver,,
2009 Saturn Vue Hybrid,15500,"112,000",0,https://www.craigslist.org/view/d/west-vancouver-2009-saturn-vue-hybrid/6P8gRB4dfZnCzS6UB6EJAa,excellent,hybrid,,clean,automatic,hatchback,4 cylinders,fwd,West Vancouver,,
2016 Volkswagen Golf R MINT Condition,26000,"140,000",0,https://www.craigslist.org/view/d/richmond-northeast-2016-volkswagen-golf/22dUzKt9RTkEVhA4HdVqLg,,gas,,clean,automatic,,,,Richmond,,
Chevy impala SS 2007 for salw,4500,"232,800",0,https://www.craigslist.org/view/d/surrey-lower-west-chevy-impala-ss-2007/q9pdQtHtxpP7xoGRnkwa5B,fair,gas,,clean,automatic,sedan,8 cylinders,,Surrey,,
2014 BMW320i xdrive,17000,"75,870",0,https://www.craigslist.org/view/d/port-coquitlam-central-2014-bmw320i/24fUmYEpm6d62xZXo4FZtK,excellent,gas,black,clean,automatic,sedan,4 cylinders,4wd,Port Coquitlam,,
Fully converted Campervan - ready to go for 2 persons,7500,"218,000",0,https://www.craigslist.org/view/d/vancouver-fully-converted-campervan/jpfSEhHnTRzNM9aGwPrDJC,good,gas,silver,clean,automatic,van,6 cylinders,fwd,Vancouver,,
"BMW 428i Coupe,Manual,RWD",15500,"131,000",0,https://www.craigslist.org/view/d/port-coquitlam-north-bmw-428i/3e2DmowzzStxdPoREWiG3j,excellent,gas,black,clean,manual,coupe,4 cylinders,rwd,Port Coquitlam,,
Chrysler 300c hemi v8,6000,"111,000",0,https://www.craigslist.org/view/d/surrey-north-chrysler-300c-hemi-v8/pcnVMNPavVa4rrKqQveXoi,good,gas,brown,clean,automatic,sedan,8 cylinders,rwd,Surrey,,
2016 Ram 3500 Laramie,35999,"204,971",0,https://www.craigslist.org/view/d/abbotsford-southwest-2016-ram-3500/6BRjKyEgtdg6cC5HDZ6m8T,,diesel,,clean,automatic,pickup,,,Abbotsford,,
2017 Nissan Sentra LOW Mileage,12000,"63,500",0,https://www.craigslist.org/view/d/burnaby-2017-nissan-sentra-low-mileage/mrSyjuBpoyFZNftkBbRrvx,like new,gas,grey,clean,automatic,sedan,4 cylinders,fwd,Burnaby,3N1AB7AP6HY410857,
2017 kia sportage,10300,"164,000",0,https://www.craigslist.org/view/d/mission-east-2017-kia-sportage/nE9ncZYryL7h4WtZfq3pZu,excellent,gas,white,rebuilt,automatic,SUV,4 cylinders,4wd,Mission,,
"2008 Toyota Tacoma Access Cab – 2.7L 4-Cylinder – 180,000 Miles",10500,"289,000",0,https://www.craigslist.org/view/d/vancouver-2008-toyota-tacoma-access-cab/6dhzkmwcUhF6Guj6CAtrjH,excellent,gas,grey,clean,automatic,pickup,4 cylinders,rwd,Vancouver,,
2009 Ford Escape Limited AWD,7000,"169,000",0,https://www.craigslist.org/view/d/burnaby-2009-ford-escape-limited-awd/dAhMEcRStDHnRrokmYa3Q9,good,gas,grey,clean,automatic,SUV,6 cylinders,4wd,Burnaby,,
2013 Ford Fusion SE Sedan,4000,"253,500",0,https://www.craigslist.org/view/d/surrey-northeast-2013-ford-fusion-se/2Kinj3zbptDr3HMATNTTqu,fair,gas,grey,clean,automatic,sedan,4 cylinders,fwd,Surrey,,
07 gl450 Mercedes,6500,"244,000",0,https://www.craigslist.org/view/d/coquitlam-north-07-gl450-mercedes/eM3wps5ayYEnqt2bKc52rS,,gas,white,clean,automatic,,8 cylinders,4wd,Coquitlam,,
1989 mustang gt convertible,14500,"147,000",0,https://www.craigslist.org/view/d/surrey-east-1989-mustang-gt-convertible/gjWKtBAMG3vfCWdqzRxct5,good,gas,green,clean,manual,convertible,8 cylinders,rwd,Surrey,,
Ford F-450 Truck 2007 - For Sale,18500,"160,000",0,https://www.craigslist.org/view/d/surrey-upper-west-ford-450-truck-for/hVMKhqwZT8EUNXjKjp9Bgw,fair,gas,,clean,automatic,truck,,,Surrey,,
BMW 750i 2011,7000,"141,659",0,https://www.craigslist.org/view/d/new-westminster-bmw-750i-2011/q3qgNEJtMy3Rx53c8bi9vo,good,gas,,clean,automatic,,,,New Westminster,,
2017 bmw 330i XDrive,15900,"128,000",0,https://www.craigslist.org/view/d/surrey-outer-northwest-2017-bmw-330i/qhz7eZ2eoQPZGagd2bqpvt,excellent,gas,black,clean,automatic,sedan,4 cylinders,4wd,Surrey,,
2007 Honda civic,7400,"170,000",0,https://www.craigslist.org/view/d/surrey-outer-northwest-2007-honda-civic/93YRShknNt3bUwC3sQ6bRc,excellent,gas,black,clean,automatic,coupe,4 cylinders,fwd,Surrey,,
"2018 Mazda CX3 | 65,000 KM | Clean Title | $17,500 OBO",17500,"64,785",0,https://www.craigslist.org/view/d/vancouver-2018-mazda-cx-km-clean-title/uCLjiVQ17RVmk2PXheakKd,excellent,diesel,white,clean,automatic,,,,Vancouver,,
2011 Acura Mdx Elite SUV ONE OWNER (BURNABY ),11800,"117,324",0,https://www.craigslist.org/view/d/burnaby-2011-acura-mdx-elite-suv-one/1QR2MW8L45sSRP1EEm58hk,like new,gas,black,clean,automatic,SUV,6 cylinders,4wd,Burnaby,,
2006 Ford f-350 6.0 powerstroke,4800,"360,000",0,https://www.craigslist.org/view/d/brackendale-2006-ford-powerstroke/aKDTLeM8sitypm4GVuoRfj,fair,diesel,white,clean,automatic,pickup,8 cylinders,4wd,Brackendale,,
2016 Hyundai Santa Fe Sport Limited 2.0T AWD – Low Mileage!,21500,"62,000",0,https://www.craigslist.org/view/d/maple-ridge-2016-hyundai-santa-fe-sport/2jhaA4ReQCoPMzQutUs1t5,good,gas,black,clean,automatic,SUV,4 cylinders,4wd,Maple Ridge,,
2011 Camaro SS,23000,"180,000",0,https://www.craigslist.org/view/d/west-kelowna-2011-camaro-ss/cXpkJiLUDURuK5EN6sCYfw,excellent,gas,black,clean,manual,,8 cylinders,rwd,West,,
Jeep wrangler unlimited 2011,16000,"142,000",0,https://www.craigslist.org/view/d/surrey-northeast-jeep-wrangler/t3VytmdeoysLNf7SvfBurM,good,gas,black,clean,automatic,SUV,6 cylinders,,Surrey,,
2023 Ford Transit EXT CAB,125,"3,907",0,https://www.craigslist.org/view/d/delta-2023-ford-transit-ext-cab/cmrgPDVd5MeJi5fG9sRDzi,new,gas,white,clean,automatic,van,6 cylinders,rwd,Delta,,
FORD TRANSIT EXTENDED VANS FOR RENT,125,"10,789",0,https://www.craigslist.org/view/d/surrey-ford-transit-extended-vans-for/5dy6TbTsrBTtuZLJ4PMHrT,new,gas,white,clean,manual,van,6 cylinders,rwd,Surrey,,
2010 Volkswagen Tiguan SUV  for Sale,5200,"230,000",0,https://www.craigslist.org/view/d/delta-southwest-2010-volkswagen-tiguan/9CBPJW9nWRtLkejXZmk1zX,good,gas,silver,clean,automatic,SUV,4 cylinders,fwd,Delta,,
2007 Honda Civic.,3200,"249,500",0,https://www.craigslist.org/view/d/vancouver-2007-honda-civic/xyNmieh4jfQcsQgzTrtdU7,excellent,gas,red,clean,automatic,coupe,4 cylinders,fwd,Burnaby/Vancouver,,
2010 BMW 328i Xdrive,6900,"254,775",0,https://www.craigslist.org/view/d/vancouver-2010-bmw-328i-xdrive/cZaraMpZe2W5mvXWScmTYA,like new,gas,,clean,automatic,sedan,6 cylinders,4wd,Vancouver,,
2019 BMW X3 white exterior/black interior low mileage,22000,"54,000",0,https://www.craigslist.org/view/d/burnaby-2019-bmw-x3-white-exterior/1UznUb7EvX71vyPykh3tJ7,,gas,white,clean,automatic,SUV,,,burnaby/newwest,,
Volvo 850 parts,100,"95,000",0,https://www.craigslist.org/view/d/kelowna-southwest-volvo-850-parts/uoDoaiVevmafUhaUr4NkhF,,gas,,parts only,automatic,,,,city of vancouver,,
1967 Ford 390 marine engine and transmission,6700,1,0,https://www.craigslist.org/view/d/kelowna-southwest-1967-ford-390-marine/ssDu7jMju5nxA9aU8cnYjP,new,gas,,clean,manual,,8 cylinders,,Kelowna,,
Volvo 850 parts,100,"95,000",0,https://www.craigslist.org/view/d/kelowna-southwest-volvo-850-parts/fkmGNnctiUJiUBTwxsJmUZ,,gas,,parts only,automatic,,,,city of vancouver,,
1960 Morris Minor Convertible,12000,"77,562",0,https://www.craigslist.org/view/d/kelowna-southwest-1960-morris-minor/qJHBtSxBpmn6abvvd41ac1,,gas,,clean,manual,convertible,,,city of vancouver,,
2002 Honda civic ex,700,"310,000",0,https://www.craigslist.org/view/d/burnaby-2002-honda-civic-ex/dYq4Q65CxCt3hr6acv9iEb,,gas,,clean,automatic,,,,Burnaby,,
2018 Acura MDX,24800,"120,000",0,https://www.craigslist.org/view/d/richmond-2018-acura-mdx/nqv3d6X8eamSeewGjoyGgr,excellent,gas,brown,clean,automatic,SUV,6 cylinders,4wd,Richmond,,
PHEV Chrysler Pacifica Hybrid LIMITED trim,42999,"32,000",0,https://www.craigslist.org/view/d/vancouver-phev-chrysler-pacifica-hybrid/ecc7FvjStMi3Wrp2TCCYQC,like new,electric,,clean,automatic,minivan,,,vancouver,,
2002 Toyota Camry LE,1100,"144,960",0,https://www.craigslist.org/view/d/vancouver-2002-toyota-camry-le/ozvvfTi1LkKAMpDXWDisrW,,gas,,clean,automatic,sedan,,,city of vancouver,,
2023 Honda Odyssey EX-L  71k km only,43900,"71,000",0,https://www.craigslist.org/view/d/richmond-2023-honda-odyssey-ex-71k-km/oDjecM852G3339ydAjdzig,excellent,gas,,clean,automatic,minivan,6 cylinders,,Richmond,5FNRL6H60PB502397,
"PRICE REDUCED 2015 Dodge Ram 1500 5.7L, Runs Perfect",9400,"164,000",0,https://www.craigslist.org/view/d/maple-ridge-northwest-price-reduced/6K8hb1dmn1mVfQ73cZqhsu,,gas,white,clean,automatic,pickup,8 cylinders,fwd,Surrey,,
2010 Chevrolet Equinox LT,6500,"131,000",0,https://www.craigslist.org/view/d/delta-southwest-2010-chevrolet-equinox/jSpssQrPKaNebHemEf9grn,like new,gas,white,clean,automatic,SUV,4 cylinders,fwd,Tsawwassen,,
2015 MERCEDES BENZ ML350 BLUETEC AWD,21000,"98,000",0,https://www.craigslist.org/view/d/delta-southwest-2015-mercedes-benz/kqTiz9C2aUkBqW9u9Yk2T8,like new,diesel,black,clean,automatic,SUV,6 cylinders,4wd,Tsawwassen,,
LEASE TAKEOVER - 2023 Mercedes-Benz EQS 450 SUV,1605,"35,000",0,https://www.craigslist.org/view/d/vancouver-lease-takeover-mercedes-benz/sHji3BKpniSTxPzvJ3qvZB,like new,electric,black,clean,automatic,SUV,,4wd,Vancouver,,
89 FOX BODY CONVERTIBLE 5L V8,16800,"121,000",0,https://www.craigslist.org/view/d/north-vancouver-89-fox-body-convertible/5Kx2iudDh674a2PAC47FuW,excellent,gas,blue,clean,automatic,convertible,8 cylinders,rwd,North Vancouver,,
1992 Ford Mustang 5.0 LX Convertible Manual,17500,"267,000",0,https://www.craigslist.org/view/d/surrey-1992-ford-mustang-50-lx/8z9YapQvwToK2bStEaPWTk,good,gas,red,clean,manual,convertible,8 cylinders,rwd,delta/surrey/langley,,
1971 Mercury Montego,3000,"78,000",0,https://www.craigslist.org/view/d/abbotsford-west-1971-mercury-montego/myLegMYsJBSiGDAMFHH4WE,good,gas,,clean,automatic,sedan,8 cylinders,rwd,delta/surrey/langley,,
2008 Mitsubishi Eclipse Spyder GS,5999,"115,000",0,https://www.craigslist.org/view/d/burnaby-2008-mitsubishi-eclipse-spyder/prTRm5D8cSjuNfLaYoGa7k,excellent,gas,blue,clean,automatic,SUV,4 cylinders,fwd,Burnaby,,
2008 Chrysler Aspen Limited 4X4 HEMI -  7 Seater,4500,"296,000",0,https://www.craigslist.org/view/d/delta-east-2008-chrysler-aspen-limited/u6EyYRcdiAiDFEiPLC6WfZ,good,gas,grey,clean,automatic,SUV,8 cylinders,4wd,Delta BC,,
HONDA CRV EX-L,8600,"215,000",0,https://www.craigslist.org/view/d/burnaby-honda-crv-ex/gyAmuRJdnvEWaEUeHkfnmG,,gas,,clean,automatic,SUV,,,burnaby/newwest,,
2008 GMC Savana 2500 extended Cargo van,3995,"244,000",0,https://www.craigslist.org/view/d/burnaby-2008-gmc-savana-2500-extended/e4Viv592rQTYBHwh1CMBMD,,gas,,clean,automatic,truck,,,Burnaby,,
"It’s a Volvo. Good starter car, a safe tank; the good the bad the ugly",1900,"350,000",0,https://www.craigslist.org/view/d/vancouver-its-volvo-good-starter-car/rshdWd9K2kA2SGatsNPwtu,fair,gas,red,clean,automatic,wagon,5 cylinders,fwd,East Van,YV1LS5109S2258165,
2003 Honda Element Clean title 170k,8500,"170,000",0,https://www.craigslist.org/view/d/vancouver-2003-honda-element-clean/rn8zBAjKJ8NbegSWHNQTRe,excellent,gas,green,clean,automatic,wagon,4 cylinders,fwd,Kitsilano,,
2008 kia rondo,1950,"210,000",0,https://www.craigslist.org/view/d/burnaby-2008-kia-rondo/wnYD6KhznDBNRBuxz9aU1z,,gas,,clean,automatic,,,,Burnaby,,
Toyota Tacoma Prerunner Xtracab 2002,10999,"29,302",0,https://www.craigslist.org/view/d/north-vancouver-toyota-tacoma-prerunner/3GvSkGsLQPdER6jn4qEHCj,excellent,gas,green,clean,automatic,pickup,4 cylinders,rwd,north shore,,
2004 Mustang GT Premium Factory Black/IUP | $22K+ Invested Tur,13900,"219,000",0,https://www.craigslist.org/view/d/pitt-meadows-2004-mustang-gt-premium/6ujHBuXACYaS1WGymjGdwg,excellent,gas,black,clean,manual,coupe,8 cylinders,rwd,Pitt Meadows,,
2008 FORD ESCAPE XLT  4 WD * LADY DRIVEN EXCELLENT ON FUEL,7000,"294,259",0,https://www.craigslist.org/view/d/surrey-north-2008-ford-escape-xlt-wd/g6gQmHgixf37BWUjKB4NAJ,good,gas,grey,clean,automatic,SUV,4 cylinders,4wd,Greater Vancouver,,
"2002 Acura EL premium sedan 95,000Km",8500,"95,000",0,https://www.craigslist.org/view/d/richmond-2002-acura-el-premium-sedan/deseupGzR2SgQE1TyadREA,like new,gas,green,clean,automatic,sedan,4 cylinders,fwd,Richmond,,
2010 Toyota Rav4 4WD 2.5L Sport Edition,11800,"207,000",0,https://www.craigslist.org/view/d/richmond-2010-toyota-rav4-4wd-25l-sport/hU5vsKvYekCHZ6nBgMKH8Y,excellent,gas,white,clean,automatic,SUV,4 cylinders,4wd,Richmond,,
2011 Toyota Corolla LE Low Km,10500,"150,000",0,https://www.craigslist.org/view/d/richmond-2011-toyota-corolla-le-low-km/fcDjz7wfwUvdH3Kw6xgAQn,excellent,gas,grey,clean,automatic,sedan,4 cylinders,fwd,Richmond,,
Dodge Caravan 2004 (Anniversary addition),7600,"158,500",0,https://www.craigslist.org/view/d/vancouver-dodge-caravan-2004/k8suBMtFcAyCzxDwwbRF6o,excellent,gas,silver,clean,automatic,minivan,6 cylinders,fwd,Vancouver,,
2008 LAND ROVER RANGE ROVER Supercharged V8 No Accident Pearl White,15900,"115,000",0,https://www.craigslist.org/view/d/vancouver-2008-land-rover-range-rover/moU8pz92T6aY89bxtYmnu7,like new,gas,white,clean,automatic,SUV,8 cylinders,4wd,Vancouver,,
2014 Hyundai Santa Fe - NEW ENGINE - NEW AC - NEW BRAKES,11500,"144,500",0,https://www.craigslist.org/view/d/whistler-2014-hyundai-santa-fe-new/oEChv6rmA4GLfWmYmXaZDk,good,gas,grey,clean,automatic,SUV,4 cylinders,4wd,Vancouver,,
2015 Nissan Murano Platinum AWD,14500,"84,200",0,https://www.craigslist.org/view/d/surrey-northeast-2015-nissan-murano/fjqdub9bXYBtiv86RvRkDT,excellent,gas,black,clean,automatic,SUV,,,delta/surrey/langley,,
"2011 V.W, Jetta 4 Doors, Automatic",4300,"180,251",0,https://www.craigslist.org/view/d/burnaby-2011-vw-jetta-doors-automatic/v9CjoVTmKawUYjt42WEdo2,excellent,gas,silver,rebuilt,automatic,sedan,4 cylinders,fwd,Burnaby,,
2000 Lexus RX350,120,"220,000",0,https://www.craigslist.org/view/d/burnaby-2000-lexus-rx350/mRziZ5USv4LKySiDmyJgXc,,gas,black,clean,automatic,SUV,,,"Burnaby,",,
2018 ACURA MDX SPORT HYBRID,21990,"201,000",0,https://www.craigslist.org/view/d/vancouver-2018-acura-mdx-sport-hybrid/kq2dHbq34d3MUrVVv8BQLa,good,hybrid,blue,clean,automatic,SUV,6 cylinders,4wd,East Vancouver,,
1986 ford f250 4x4,17500,"164,000",0,https://www.craigslist.org/view/d/maple-ridge-1986-ford-f250-4x4/8ueC72Z9VxnmqV1oLNHWXW,good,other,white,clean,manual,pickup,8 cylinders,4wd,tricities/pitt/maple,,
2005 Mitsubishi Endevour AWD ACCold Runs&Drives,1899,"260,688",0,https://www.craigslist.org/view/d/surrey-north-2005-mitsubishi-endevour/kWhe1BBHDU3XtrjNaPVfcS,good,gas,green,clean,automatic,SUV,6 cylinders,4wd,Surrey,,
C7 Corvette Stingray,70000,"24,000",0,https://www.craigslist.org/view/d/north-vancouver-c7-corvette-stingray/pDTdnfRytDwUZzWSva7h5K,like new,gas,silver,clean,manual,coupe,8 cylinders,rwd,North Vancouver,,
2003 Jeep wrangler,11300,"250,000",0,https://www.craigslist.org/view/d/north-vancouver-2003-jeep-wrangler/nv9wT8mSAE4xNQEx6D4Ggm,excellent,gas,silver,clean,manual,SUV,6 cylinders,4wd,North Vancouver,,
2008 Volvo XC-90 - Sunroof - A/C - 7 seats - Clean - 1 owner - Cargo,5000,"190,000",0,https://www.craigslist.org/view/d/vancouver-2008-volvo-xc-90-sunroof-c/eefGfPNvycSFNpJo1meMxt,good,gas,grey,clean,automatic,SUV,,,vancouver,,
2016 FORD FOCUS SE 4 DOOR 4 CYL // NO ACCIDENTS // SERVICE RECORDS,4900,167,0,https://www.craigslist.org/view/d/surrey-upper-west-2016-ford-focus-se/iYuB1Ud4NGkDE37EEVuQkp,excellent,gas,,clean,automatic,hatchback,4 cylinders,fwd,surrey/delta,,
2000 Toyota sienna,999,"280,000",0,https://www.craigslist.org/view/d/burnaby-2000-toyota-sienna/xAFi3oQR2mwPCrqjSm6HKS,,gas,,clean,automatic,minivan,,,Burnaby,,
"103,000 KM 2007 JAGUAR XK V8 DROP TOP CONVERTIBLE",24900,"103,000",0,https://www.craigslist.org/view/d/west-vancouver-km-2007-jaguar-xk-v8/wHeKXkEttSNzWR4234SMBw,excellent,gas,silver,clean,automatic,convertible,8 cylinders,rwd,West Vancouver BC,,
"103,000 KM 2007 JAGUAR XK V8 DROP TOP CONVERTIBLE",24900,"103,000",0,https://www.craigslist.org/view/d/west-vancouver-km-2007-jaguar-xk-v8/ceVimJFYFpMyrco37mq3Es,excellent,gas,silver,clean,automatic,convertible,8 cylinders,rwd,West Vancouver BC,,
2001 Toyota echo,1500,"400,000",0,https://www.craigslist.org/view/d/new-westminster-2001-toyota-echo/7rdRfWawb9LP9DQdunUXbC,,gas,,rebuilt,automatic,,,,Burnaby,,
3 Sunbeam Alpines / Tiger,4200,"12,345",0,https://www.craigslist.org/view/d/qualicum-beach-sunbeam-alpines-tiger/9ssKxzfiEdjtjEtM6trsFh,,gas,,missing,manual,,,,Qualicum Beach,,
Porsche 911 carrera Convertible *Mint condition*,35000,"175,000",0,https://www.craigslist.org/view/d/delta-northeast-porsche-911-carrera/uAu9g5x2edbvFKD7yCPh4B,excellent,gas,,clean,manual,convertible,,,Delta,,
1992 Dodge Stealth   R/T,4500,"242,000",0,https://www.craigslist.org/view/d/qualicum-beach-1992-dodge-stealth-t/utXFws5ppVbEY5Cs29cYXM,,gas,,clean,manual,,,,Qualicum Beach,,
3 Sunbeam Alpines / Tiger,4200,"12,345",0,https://www.craigslist.org/view/d/qualicum-beach-sunbeam-alpines-tiger/sES8mcgNQ6FWwBMrKjZkQL,,gas,,missing,manual,,,,Qualicum Beach,,
3 Sunbeam Alpines / Tiger,4200,"12,345",0,https://www.craigslist.org/view/d/qualicum-beach-sunbeam-alpines-tiger/gifwpoDiN6QChZEXjRLdSq,,gas,,missing,manual,,,,Qualicum Beach,,
Chevy Corvette  **Mint condition**,27000,"160,000",0,https://www.craigslist.org/view/d/delta-northeast-chevy-corvette-mint/qBzF4jrm6zAcKuQVrFGH93,excellent,diesel,,clean,automatic,coupe,,,delta/surrey/langley,,
Chevelle,58000,"92,000",0,https://www.craigslist.org/view/d/mission-chevelle/ifh7qEgxfFVEKnG9Er2Lnh,excellent,gas,red,clean,automatic,other,8 cylinders,rwd,Mission,,
2007 Toyota Yaris RS - Loaded and  Automatic Transmission,4300,"292,000",0,https://www.craigslist.org/view/d/vancouver-2007-toyota-yaris-rs-loaded/bGr5BoK2ikx7ZWkzpJ3bv4,good,gas,white,clean,automatic,hatchback,4 cylinders,fwd,East Vancouver,,
"2015 Toyota Prius V, local car, leather wagon perfect condi",11000,"287,000",0,https://www.craigslist.org/view/d/burnaby-2015-toyota-prius-local-car/iDFAwwqZtsWQdYD68eNKmD,excellent,hybrid,black,rebuilt,automatic,wagon,4 cylinders,fwd,Burnaby,,
LAMBORGHINI DAMAGED  FOR SALE,200000,"8,888",0,https://www.craigslist.org/view/d/langley-city-lamborghini-damaged-for/tRbrV1TvopCJ3DhBruzigR,,gas,,salvage,automatic,,,,city of vancouver,,
"Dodge Ram Extended Cargo Van $5500 208,000 Kilometer",5500,"208,000",0,https://www.craigslist.org/view/d/new-westminster-northeast-dodge-ram/jjarSxkcX5ZBDsh9XedFXF,good,gas,white,rebuilt,automatic,van,,,New Westminister,,
Service truck,4000,"400,000",0,https://www.craigslist.org/view/d/surrey-east-service-truck/iT8g1c4dQRwkVptye4bCJz,good,gas,,clean,automatic,truck,8 cylinders,,Langley,,
"2011 BMW 328i Xdrive, 2 door, Local No accident, low mileage 3 series",7999,"131,000",0,https://www.craigslist.org/view/d/burnaby-2011-bmw-328i-xdrive-door-local/qZm2MSbXdPe2RaattipfyB,excellent,gas,white,clean,automatic,sedan,6 cylinders,4wd,"Metrotown, Burnaby",,
GMC Sierra 1500 Truck SLT,29000,"170,000",0,https://www.craigslist.org/view/d/north-vancouver-gmc-sierra-1500-truck/3krjdyTgaSyUztsfLu17tV,like new,gas,white,clean,automatic,pickup,8 cylinders,4wd,North Vancouver,1GTU9DED5KZ342634,
BMW X1 xDrive28i 2012 - NEW ENGINE- N20 E84 (ONLY 50000 KM DRIVEN),1,"220,000",0,https://www.craigslist.org/view/d/vancouver-bmw-x1-xdrive28i-new-engine/75xU2kugenW26Qnobs8sVB,good,gas,silver,clean,automatic,SUV,4 cylinders,4wd,Vancouver,,
2012 Mercedes-Benz ML 550 4 Matic AMG,14499,"194,000",0,https://www.craigslist.org/view/d/coquitlam-north-2012-mercedes-benz-ml/74oyWM7JZWsxbhvnK5hg5Q,good,gas,,clean,automatic,SUV,8 cylinders,4wd,Coquitlam,,
"Subaru Forester Sport 2023,16000 km",37500,"16,000",0,https://www.craigslist.org/view/d/vancouver-subaru-forester-sport-km/6FP4JdP89HX7JQnfkM7hgU,like new,gas,silver,clean,automatic,SUV,4 cylinders,4wd,Vancouver,JF2SKEHC6PH488009,
1995 Pontiac Bonneville,3990,"96,000",0,https://www.craigslist.org/view/d/surrey-outer-northwest-1995-pontiac/nJdvzmEo7nCZnKspcqjfo2,excellent,gas,blue,clean,automatic,sedan,6 cylinders,fwd,Surrey,,
"REDUCED: 2018 Mitsubishi outlander phev plug-in hybrid, pos trades",13600,"163,000",0,https://www.craigslist.org/view/d/maple-ridge-reduced-2018-mitsubishi/bz2C6b32ohEe6iKULtjft3,good,hybrid,white,rebuilt,automatic,SUV,4 cylinders,4wd,Mission/maple ridge,,
Lexus IS 350,13000,"181,000",0,https://www.craigslist.org/view/d/richmond-lexus-is-350/fa5NpLBs2P3efoPedJbrCH,good,gas,grey,clean,automatic,sedan,6 cylinders,rwd,Richmond,JTHBE262062003376,
"2015 Ford Escape EcoBoost SE – $8,000",8000,"185,460",0,https://www.craigslist.org/view/d/port-coquitlam-south-2015-ford-escape/xinPZWM81n45gfS4xgWCHF,good,gas,white,clean,automatic,SUV,,,Port Coquitlam,,
"2011 Mini Cooper S – Well Maintained, Fun to Drive!",6800,"185,000",0,https://www.craigslist.org/view/d/burnaby-2011-mini-cooper-well/avHBAacHnN9zJLU6skenzK,good,gas,grey,clean,manual,hatchback,4 cylinders,fwd,Edmond,,
2000 Ford Explorer XLT 4WD with full camp set up!,7000,"251,000",0,https://www.craigslist.org/view/d/vancouver-2000-ford-explorer-xlt-4wd/jFZemqu94TP3ceZpFQ9QXu,excellent,gas,green,clean,automatic,SUV,,4wd,city of vancouver,,
Hyundai Elantra,125,"103,931",0,https://www.craigslist.org/view/d/surrey-hyundai-elantra/vVaHpG7cT7KLQAMgWt2dSc,like new,gas,blue,clean,automatic,sedan,,,Surrey,,
Ford Focus 2012,4200,"234,000",0,https://www.craigslist.org/view/d/surrey-inner-northwest-ford-focus-2012/1cRU7CHjz68ESu24AY92Ho,good,gas,blue,clean,automatic,hatchback,4 cylinders,,Surrey,,
2002 ford focus,2000,"300,000",0,https://www.craigslist.org/view/d/port-coquitlam-2002-ford-focus/42TtcMPiz1MC9ZZbL9Q8Mt,good,gas,brown,clean,automatic,hatchback,4 cylinders,fwd,Port Coquitlam,,
2008 BMW 650i Convertible,7000,"267,000",0,https://www.craigslist.org/view/d/delta-northeast-2008-bmw-650i/j8A3wNu9zCfawbb9svZcBa,good,gas,black,clean,automatic,convertible,8 cylinders,fwd,Delta,,
Clean & well maintained 2010 Honda pilot,11900,"184,700",0,https://www.craigslist.org/view/d/north-vancouver-clean-well-maintained/4YfXjiLb2Faiz1oHTnqBPr,excellent,gas,custom,clean,automatic,SUV,6 cylinders,4wd,North Vancouver,,
Chevy Cruze 2011 Clean Title 4 Cylinder,2960,"226,000",0,https://www.craigslist.org/view/d/new-westminster-southwest-chevy-cruze/rRWvzQUZBudb9LKuM3zgKD,excellent,gas,black,clean,automatic,sedan,4 cylinders,,New Westminster,,
2013 Range Rover Evoque,12000,"98,500",0,https://www.craigslist.org/view/d/vancouver-2013-range-rover-evoque/wCyNYojSQ3PKyADz5JZCyL,excellent,gas,silver,clean,automatic,SUV,4 cylinders,4wd,Vancouver,,
"2008 Saab 9-3 Aero Turbo Convertible – 2.8L V6 – Automatic – 197,000 K",10999,"197,500",0,https://www.craigslist.org/view/d/west-vancouver-2008-saab-3-aero-turbo/3veFXg6SgXCSVcKsCJPPVi,like new,gas,white,clean,automatic,convertible,6 cylinders,fwd,West Vancouver,,
2006 Mazda 3 $1300OBO quick sale,1300,"208,000",0,https://www.craigslist.org/view/d/delta-southwest-2006-mazda-obo-quick/neriusVgkzMcNrFqLvNaRW,fair,gas,,clean,manual,sedan,4 cylinders,fwd,city of vancouver,,
2017 Santa Fe Ultimate 2.0T – BRAND NEW ENGINE Installed by Hyundai,21000,300,0,https://www.craigslist.org/view/d/port-coquitlam-2017-santa-fe-ultimate/pfjkgCgDEUbtW3MvBn6hco,like new,gas,black,clean,automatic,SUV,4 cylinders,,Port Coquitlam,,
1987 Volvo 760,3500,"285,000",0,https://www.craigslist.org/view/d/delta-northeast-1987-volvo-760/iKEJWG3dtfoJckJrz6LBoc,good,gas,black,clean,automatic,,4 cylinders,rwd,Delta,,
Chevrolet Trax,3800,"220,000",0,https://www.craigslist.org/view/d/coquitlam-chevrolet-trax/19Abj17zVcMVzktuFax1ee,excellent,gas,,clean,automatic,,4 cylinders,fwd,Coquitlam,,
"2025 Nissan Rogue SV AWD Moonroof - Factory Warranty - 50,856 km",28900,"50,856",0,https://www.craigslist.org/view/d/surrey-inner-northwest-2025-nissan/gSLw45r734bpqhvkFA5wi9,excellent,gas,black,clean,automatic,SUV,3 cylinders,4wd,"Near King George Station, Surrey",JN8BT3BBXSW162920,
2004 Toyota Sequioa Limited,3600,"330,629",0,https://www.craigslist.org/view/d/new-westminster-2004-toyota-sequioa/hp4TDXoNJ1ZbSyGyc9BPr2,like new,gas,silver,clean,automatic,SUV,8 cylinders,4wd,New Westminster,,
Nissan Figaro,12000,"71,000",0,https://www.craigslist.org/view/d/burnaby-nissan-figaro/q1dUY9HkTamEHRGsreakGA,,gas,,clean,automatic,,,,Burnaby,,
Collectable 2022 Ford Mach 1,76800,"3,600",0,https://www.craigslist.org/view/d/richmond-southwest-collectable-2022/8oYRmpiQtSMJLfvr4ebaGr,like new,gas,white,clean,manual,coupe,8 cylinders,rwd,richmond,,
1998 Mercedes Benz E Class 430 for sale,7850,"360,000",0,https://www.craigslist.org/view/d/coquitlam-north-1998-mercedes-benz/7s7E29DSB7upMfifL7GRgs,good,gas,black,clean,automatic,sedan,8 cylinders,rwd,Coquitlam,,
"Nissan Pathfinder 2014 SL — Well Maintained, Priced to Sell",3000,"205,800",0,https://www.craigslist.org/view/d/richmond-south-nissan-pathfinder-2014/fqewdYZCs5cuVZa5Ehyfky,fair,gas,white,rebuilt,automatic,SUV,6 cylinders,4wd,Richmond,,
2014 fors escape AWD,3200,"189,000",0,https://www.craigslist.org/view/d/vancouver-2014-fors-escape-awd/okAcTe7TUWBrEJPvJfukH2,like new,gas,white,clean,automatic,SUV,4 cylinders,4wd,Vancouver,,
Honda CRV 2019,18000,"175,000",0,https://www.craigslist.org/view/d/richmond-honda-crv-2019/bsc8wZhvv3ZmabaYsdCLBY,,gas,,clean,automatic,SUV,4 cylinders,4wd,Richmond,,
Sold 2011 Toyota Sienna – One Owner – Low KM – well maintained,13800,"128,500",0,https://www.craigslist.org/view/d/richmond-northeast-sold-2011-toyota/eCH1UDWMBq8HGG6sV19yqL,excellent,gas,,clean,automatic,minivan,6 cylinders,,richmond,,
2010 Nissan Rogue SL AWD,8500,"133,214",0,https://www.craigslist.org/view/d/port-coquitlam-central-2010-nissan/hesAQzLHT15YknFSwVPkMM,good,gas,black,clean,automatic,SUV,4 cylinders,4wd,Port Coquitlam,,
2011BMW X3,13300,"153,300",0,https://www.craigslist.org/view/d/burnaby-2011bmw-x3/itAt6Jeq8fnUTcGWGCpThL,good,gas,,clean,automatic,SUV,6 cylinders,,richmond,,
"4x4 Land rover 2010 100,000 km mint shape",8000,"100,000",0,https://www.craigslist.org/view/d/vancouver-4x4-land-rover-km-mint-shape/5HcueDFmmhD59W5FbNuSVb,excellent,gas,black,clean,automatic,SUV,4 cylinders,4wd,city of vancouver,,
1967 Plymouth Hemi GTX,225000,80,0,https://www.craigslist.org/view/d/north-vancouver-1967-plymouth-hemi-gtx/jABT6WY79SaQ1jaAyogiPk,like new,gas,blue,clean,automatic,sedan,8 cylinders,rwd,north shore,,
GMC Sevana 2500,10000,210,0,https://www.craigslist.org/view/d/coquitlam-gmc-sevana-2500/qUY3dTWtag7afqsMtM6AVi,good,gas,white,clean,automatic,van,8 cylinders,fwd,Surrey,,
Honda accord 2009,6800,"240,000",0,https://www.craigslist.org/view/d/vancouver-honda-accord-2009/iUGa91KwSovHdSVFXdfSaR,good,gas,white,clean,automatic,sedan,4 cylinders,fwd,Vancouver,,
2006 Range Rover Supercharged. 4.2L supercharged V8,2800,"300,000",0,https://www.craigslist.org/view/d/delta-southeast-2006-range-rover/kkcrSgwAjEbixV66XDXc9e,fair,gas,silver,clean,automatic,SUV,8 cylinders,rwd,Tsawwassen,,
2020 gls 450,7500,"127,000",0,https://www.craigslist.org/view/d/burnaby-2020-gls-450/isAY86DQ74yuX5EjefGu6t,new,gas,white,clean,automatic,SUV,6 cylinders,4wd,Burnaby,,
Jaguar SVR 2020 Fpace,39850,"108,000",0,https://www.craigslist.org/view/d/burnaby-jaguar-svr-2020-fpace/uVvM6GWatzsqCSW5H5cUac,excellent,gas,grey,clean,automatic,SUV,8 cylinders,4wd,Burnaby,,
Mercedes cla250 2020,33800,"46,000",0,https://www.craigslist.org/view/d/burnaby-mercedes-cla/hbaeRqH2nZgJpByd6xCWFq,,gas,white,clean,automatic,coupe,4 cylinders,4wd,Burnaby,,
2013 Porsche Cayenne GTS,17900,"179,500",0,https://www.craigslist.org/view/d/coquitlam-2013-porsche-cayenne-gts/a4ypEiacoNWXtcTKt5enuM,good,gas,white,clean,automatic,SUV,8 cylinders,4wd,Coquitlam,,
Porsche Cayenne 2013 for sales,22000,"160,000",0,https://www.craigslist.org/view/d/richmond-northeast-porsche-cayenne-2013/8rrRGxYTfqAZmHHm2EUKcQ,like new,gas,black,clean,automatic,SUV,6 cylinders,4wd,Richmond,,
2019 Ford Transit Connect,25000,"64,740",0,https://www.craigslist.org/view/d/north-vancouver-north-central-2019-ford/8tvZJJbtXg1sMScj8ETvtk,good,gas,white,clean,automatic,van,4 cylinders,fwd,north shore,NM0LS7V25K1410068,
CASH FOR CARS,1234,"100,000",0,https://www.craigslist.org/view/d/surrey-cash-for-cars/3xqSLFcjPfgxz7pcGtna5T,excellent,gas,,clean,automatic,,,,Surrey,,
"2018 Dodge Grand Caravan GT – 115,000 km – Excellent Condition",18900,"115,000",0,https://www.craigslist.org/view/d/vancouver-2018-dodge-grand-caravan-gt/tyoTpcZJ1GB8Wt7kFAKS2j,excellent,gas,white,clean,automatic,minivan,6 cylinders,fwd,Downtown Vancouver,,
2011 BMW X5 50i,8500,"156,000",0,https://www.craigslist.org/view/d/vancouver-2011-bmw-x5-50i/fruH6PEko6xtvXmymx69Si,good,gas,white,clean,automatic,SUV,8 cylinders,4wd,Vancouver,,
Buying vehicles with mechanical issues,123,"120,000",0,https://www.craigslist.org/view/d/surrey-buying-vehicles-with-mechanical/ewdDv4nXXKTyXmcpXcFWg6,like new,gas,,clean,automatic,,,,Surrey,,
2010 Mini Cooper auto 104k km,6200,"104,000",0,https://www.craigslist.org/view/d/vancouver-2010-mini-cooper-auto-104k-km/odpMywRNsRFwQxMkMwVGac,excellent,gas,grey,clean,automatic,hatchback,4 cylinders,fwd,Vancouver,,
Buying cars,11111,"250,000",0,https://www.craigslist.org/view/d/surrey-buying-cars/p4rEqJKGP91d2rWU9yHsYR,new,gas,,clean,automatic,,,,Surrey,,
2019 Subaru Forrester Sport,23000,"125,000",0,https://www.craigslist.org/view/d/kingcome-inlet-2019-subaru-forrester/iMvqYmgPr6wgeCHcigqQF8,excellent,gas,black,clean,automatic,wagon,4 cylinders,4wd,Vancouver,,
2007 Jeep wrangler rubicon for sale... GREAT DEAL..,7999,"379,000",0,https://www.craigslist.org/view/d/surrey-upper-west-2007-jeep-wrangler/j68nto1pxHRafW7wb6jDzx,excellent,gas,silver,clean,automatic,SUV,6 cylinders,4wd,Surrey,,
2016 Ford Transit Connect,18000,"125,000",0,https://www.craigslist.org/view/d/port-coquitlam-south-2016-ford-transit/jYWCHFFEnHxmyGVxj6qMyC,excellent,gas,,clean,automatic,van,4 cylinders,,Port Coquitlam,,
2020 Cadillac CT4-V,47000,"62,000",0,https://www.craigslist.org/view/d/north-vancouver-southwest-2020-cadillac/pGMrLu6RvFJLVbG97XRCvm,like new,gas,white,clean,automatic,sedan,4 cylinders,4wd,North Vancouver,,
"Car for Rent, 700 per month, available for September",700,"90,000",0,https://www.craigslist.org/view/d/west-vancouver-south-car-for-rent-700/rLyjguFsartWZwxfdMfpbV,excellent,gas,,clean,automatic,,,4wd,North Vancouver,,
2018 Subaru WRX STI,30500,"79,064",0,https://www.craigslist.org/view/d/vancouver-2018-subaru-wrx-sti/1PTj2BqRxWeU8PXqyHEoky,excellent,gas,white,clean,manual,,4 cylinders,4wd,Vancouver,,
1947 Jeep Willys CJ2A,26900,"11,111",0,https://www.craigslist.org/view/d/vancouver-1947-jeep-willys-cj2a/9XsafXF1kqXedNCbVQdyLR,like new,gas,grey,clean,manual,truck,4 cylinders,4wd,Fairview,,
2007 volkswagon beetle,3980,"230,000",0,https://www.craigslist.org/view/d/vancouver-2007-volkswagon-beetle/hkmfjAwWnqnVF56dTn1ZfR,like new,gas,white,clean,automatic,convertible,4 cylinders,fwd,Vancouver,,
2015 Chevrolet Cruze,6000,"100,000",0,https://www.craigslist.org/view/d/vancouver-2015-chevrolet-cruze/pY4ih1wmjfJYtDPLHHhwEb,good,gas,,clean,manual,sedan,4 cylinders,,city of vancouver,,
Kia optima LX,6200,"162,000",0,https://www.craigslist.org/view/d/surrey-kia-optima-lx/pnBUNoDrLNH4wJVM1y7Hoq,excellent,gas,white,rebuilt,automatic,sedan,4 cylinders,fwd,Surrey,,
2003 mercedes C230,2900,"169,000",0,https://www.craigslist.org/view/d/surrey-upper-west-2003-mercedes-c230/cVB2SupSUwjbwPKcSGkKYp,good,gas,silver,rebuilt,automatic,coupe,4 cylinders,rwd,132 and 68th avenue,,
"Toyota, Land Cruiser, 1995",42000,"265,000",0,https://www.craigslist.org/view/d/coquitlam-toyota-land-cruiser-1995/1G64inY2u5VmQHB17Q8S3R,good,gas,red,clean,automatic,SUV,6 cylinders,fwd,tricities/pitt/maple,,
"2002 Suzuki carry, excellent mechanical condition",10000,"27,000",0,https://www.craigslist.org/view/d/new-westminster-northeast-2002-suzuki/g6MaU81dUktyXPG9zd1NTw,like new,gas,white,clean,manual,truck,3 cylinders,4wd,New westminster,,
Range Rover 2006 HSE Sports 148393KM,7777,"148,393",0,https://www.craigslist.org/view/d/surrey-range-rover-2006-hse-sports-km/hqeu5984oY9JBt6gLRM2QD,excellent,gas,red,clean,automatic,SUV,8 cylinders,fwd,Surrey,SALSF25476A975749,
2008 Nissan Versa with lots of updates,2999,"182,000",0,https://www.craigslist.org/view/d/vancouver-2008-nissan-versa-with-lots/8PcpxiSRwCnHYmPGgnFWsB,good,gas,,rebuilt,automatic,sedan,,,city of vancouver,,
2016 Chevy Suburban LT,21500,"233,000",0,https://www.craigslist.org/view/d/port-coquitlam-central-2016-chevy/szHTPwem3kDSnxPTGxr5or,good,gas,white,clean,automatic,SUV,8 cylinders,4wd,Coquitlam BC,,
$$$2016 Ford Escape Titaium AWD--For sale $$$,9999,"133,000",0,https://www.craigslist.org/view/d/maple-ridge-2016-ford-escape-titaium/6nGBphKRcVMWdD1LMvgnjp,excellent,gas,white,clean,automatic,SUV,,4wd,Maple Ridge,,
"2005 BMW X3 – 222,765 km – CarPlay + Backup Camera",2500,"222,765",0,https://www.craigslist.org/view/d/burnaby-2005-bmw-km-carplay-backup/kUUu5p1CmuWq5Vz9VH31fU,good,gas,blue,clean,automatic,SUV,,,Burnaby,,
Lexus Sc430,10000,"192,700",0,https://www.craigslist.org/view/d/north-vancouver-lexus-sc430/hgnghMiSioHHJ3BU3A3i6K,good,gas,,clean,automatic,convertible,8 cylinders,rwd,North Shore,,
1991 toyota corolla,4000,"157,000",0,https://www.craigslist.org/view/d/maple-ridge-1991-toyota-corolla/gtmuqhn8RVbCCRkhT132Yq,good,gas,blue,clean,automatic,sedan,4 cylinders,fwd,maple ridge,,
DODGE RAM B250,10750,"177,000",0,https://www.craigslist.org/view/d/north-vancouver-dodge-ram-b250/6u98DtMNUeVSqKUBx54ZeU,excellent,gas,white,clean,automatic,other,8 cylinders,rwd,North Vancouver,,
Looking for Mercedes G500 or G320,25000,"200,000",0,https://www.craigslist.org/view/d/richmond-south-looking-for-mercedes/63hgZoDqKKaJPRBDXrCp11,,gas,,clean,automatic,,,,city of vancouver,,
BMW iX 2024 xDrive 40,65000,"20,625",0,https://www.craigslist.org/view/d/vancouver-bmw-ix-2024-xdrive-40/2kFK1ABhj6nKrh7w9PUvQa,excellent,electric,grey,clean,automatic,SUV,,,city of vancouver,,
Mercedes-Benz SLK 350 Roadster | Hardtop Convertible | CarPlay | Android Auto,10250,"180,000",0,https://www.craigslist.org/view/d/surrey-mercedes-benz-slk-350-roadster/8B8VqyAWJS53XHJ36gYSns,good,gas,silver,clean,automatic,convertible,6 cylinders,rwd,South Surrey,,
Mazda CX5 2014,11300,"206,000",0,https://www.craigslist.org/view/d/port-coquitlam-mazda-cx5-2014/pPj7pfwpo1s9yXAAo8Atx4,excellent,gas,white,rebuilt,automatic,SUV,4 cylinders,fwd,Port coquitlam,,
Cadillac Fleetwood 1990 (Has Collectors Plate),5500,"230,000",0,https://www.craigslist.org/view/d/langley-city-cadillac-fleetwood-1990/cqKyvPBiPtxZGbqLDYbaHe,excellent,gas,brown,clean,automatic,sedan,8 cylinders,fwd,Langley,,
2012 BMW X5 M Package,17000,"135,000",0,https://www.craigslist.org/view/d/richmond-2012-bmw-x5-package/x3LfFVxJdPgveCtfvHipcK,,gas,,clean,automatic,SUV,,,Richmond,,
BMW Z3 Roadster Convertible 5-Speed Manual  > Only 105 K Miles,9900,"169,000",0,https://www.craigslist.org/view/d/vancouver-bmw-z3-roadster-convertible/2EiiKXZS2wLeUcs633vwHv,excellent,gas,blue,clean,manual,convertible,4 cylinders,4wd,Vancouver,,
2005 Lexus RX 330 AWD for sale,8000,"189,000",0,https://www.craigslist.org/view/d/surrey-northeast-2005-lexus-rx-330-awd/48GMesExpLhSWQxKTXPjDG,excellent,gas,silver,clean,automatic,SUV,,4wd,Surrey,,
"2011 Nissan Altima Sedan - Black, 158k km, Well Maintained",4600,"158,000",0,https://www.craigslist.org/view/d/surrey-lower-west-2011-nissan-altima/hUU6Xg5JvaTZmyT7pYYsWV,excellent,gas,black,rebuilt,automatic,sedan,4 cylinders,fwd,Surrey,,
2008 Ford econoline E-250,14800,"130,000",0,https://www.craigslist.org/view/d/burnaby-2008-ford-econoline-250/7vP7P8JfNCdp58HUzhH7pV,excellent,gas,,clean,automatic,van,,,city of vancouver,,
Drive Walter White’s Pontiac Aztek,2900,"243,000",0,https://www.craigslist.org/view/d/abbotsford-southeast-drive-walter/31oeexbWWgrNwgzSx2S5zX,like new,gas,grey,clean,automatic,SUV,6 cylinders,fwd,Abbotsford,,
2005 Mitsubishi high delica 4wd 86k km,11500,"85,500",0,https://www.craigslist.org/view/d/abbotsford-southwest-2005-mitsubishi/94nVsM3eZUmW5cSKBpbse6,,gas,,clean,automatic,,,4wd,abbotsford,,
"2001 Toyota grand hiace, 4wd, wheelchair lift. 25kkm. 2meter tall",28000,"25,000",0,https://www.craigslist.org/view/d/abbotsford-southwest-2001-toyota-grand/mzL7PL5pQ9r15YoYKgQz8g,,gas,,clean,automatic,,,4wd,abbotsford,,
2018 Tesla Model 3 Long Range AWD,1600,"96,000",0,https://www.craigslist.org/view/d/vancouver-2018-tesla-model-long-range/kpR8BeZUFnXWoty9dsdgzz,excellent,electric,black,clean,automatic,sedan,other,4wd,Burnaby,,
2024 Nissan kicks SV,22500,"4,950",0,https://www.craigslist.org/view/d/surrey-east-2024-nissan-kicks-sv/vgU1W6ADANWY6VNTv33CpC,like new,gas,white,clean,automatic,hatchback,,,delta/surrey/langley,,
2018 HONDA ACCORD LX CLEAN TITLE,13500,"235,415",0,https://www.craigslist.org/view/d/surrey-northeast-2018-honda-accord-lx/aoVkoXUePa4GXEDEdL2gSg,fair,gas,,clean,automatic,sedan,4 cylinders,fwd,delta/surrey/langley,,
"1999 Toyota Corolla | 285,499km | Clean",1800,"285,499",0,https://www.craigslist.org/view/d/vancouver-1999-toyota-corolla-km-clean/dXb1GqwBt4W5pYd7R1MK2u,fair,gas,green,clean,automatic,sedan,4 cylinders,fwd,Vancouver,,
2006 Pontiac Montana Minivan,3000,"163,137",0,https://www.craigslist.org/view/d/delta-southeast-2006-pontiac-montana/hx1g8r5hdLLnxbnBQx7zLP,good,gas,grey,clean,automatic,minivan,,fwd,delta/surrey/langley,,
2014 Nissan sentra SV,6500,"131,314",0,https://www.craigslist.org/view/d/delta-northeast-2014-nissan-sentra-sv/66yDrbwefYD2rKiZf6Jmop,excellent,gas,white,clean,automatic,sedan,4 cylinders,fwd,North delta,,
2015 Chrysler 300 S,12500,"65,800",0,https://www.craigslist.org/view/d/richmond-southwest-2015-chrysler-300/3E9NFmLDYNZv6RPVtK8vjU,excellent,gas,grey,clean,automatic,sedan,6 cylinders,rwd,richmond,2C3CCABG2FH848832,
BMW325I,3700,"198,952",0,https://www.craigslist.org/view/d/surrey-outer-northwest-bmw325i/jd1oshNSNPBRsscCjVUh3p,,gas,black,clean,automatic,,,fwd,Sureey,,
"2019 FORD TRANSIT 350 XLT HIGH ROOF DIESEL | 84,274 KM | 11 PASSENGER",42900,"84,274",0,https://www.craigslist.org/view/d/vancouver-2019-ford-transit-350-xlt/mWP3jD4VDzbF22sY1Sjsby,excellent,diesel,white,clean,automatic,van,5 cylinders,rwd,city of vancouver,,
2020 Subaru WRX STI,44500,"63,500",0,https://www.craigslist.org/view/d/pitt-meadows-2020-subaru-wrx-sti/89E92aB3FbcvqwDNMd1dS8,excellent,gas,grey,clean,manual,sedan,4 cylinders,4wd,Pitt meadow,,
2006 Volkswagen Jetta,4100,"280,000",0,https://www.craigslist.org/view/d/vancouver-2006-volkswagen-jetta/dKKcCZNaGFn84w4JMLMGhe,good,diesel,,clean,automatic,sedan,,,city of vancouver,,
YAMAHA 25 hp short shaft outboard,2400,106,0,https://www.craigslist.org/view/d/vancouver-yamaha-25-hp-short-shaft/2EkXnnEe9KYQk6ExaPojTE,like new,gas,grey,clean,automatic,other,4 cylinders,,city of vancouver,,
2010 Ford Escape XLT 175000 km,5300,"175,000",0,https://www.craigslist.org/view/d/vancouver-2010-ford-escape-xlt-km/c8C9sp9RJggdaMfbrpoCPb,good,gas,yellow,clean,automatic,SUV,6 cylinders,4wd,vancouver,,
2017 Toyota Tacoma Off Road TRD Pro,25000,"206,000",0,https://www.craigslist.org/view/d/white-rock-2017-toyota-tacoma-off-road/3P14JbsUagsQMEn7GSr1b9,excellent,gas,white,clean,automatic,pickup,6 cylinders,4wd,White Rock,,
2011 Honda Accord,8800,"184,000",0,https://www.craigslist.org/view/d/burnaby-2011-honda-accord/tRD7GwyiazPdrWv4Rs2hfK,excellent,gas,,rebuilt,automatic,,6 cylinders,fwd,Burnaby,,
1984 Volvo-Needs Work,1500,"195,711",0,https://www.craigslist.org/view/d/vancouver-1984-volvo-needs-work/ng9VqxcL5xUvjchHTxFPVf,fair,gas,,clean,automatic,,,,East Vancouver,,
f150 flare side,20000,"215,000",0,https://www.craigslist.org/view/d/burnaby-f150-flare-side/d8XBmJQA2PiABrsNUqJSv2,excellent,gas,blue,rebuilt,manual,pickup,8 cylinders,4wd,Burnaby,,
2011 bmw x6,4000,"330,000",0,https://www.craigslist.org/view/d/surrey-northeast-2011-bmw-x6/kBdHDp2Z5tnSLn99rvE89N,good,gas,,clean,automatic,SUV,6 cylinders,4wd,Surrey,,
2019 sonata,8999,"143,000",0,https://www.craigslist.org/view/d/vancouver-2019-sonata/7t3q8cjYb5T3zrkxWhhspL,excellent,gas,silver,rebuilt,automatic,,,fwd,Vancouver,,
2012 Kia Forte Koup,5800,"124,700",0,https://www.craigslist.org/view/d/surrey-2012-kia-forte-koup/mWKrKN963TqXpspfm9G4sT,good,gas,white,rebuilt,automatic,sedan,,fwd,Clayton Heights/Surrey,,
Nissan pathfinder & camping setup,8000,"250,742",0,https://www.craigslist.org/view/d/vancouver-nissan-pathfinder-camping/tjtHGofRYq57ytY7s14AY6,good,gas,red,clean,automatic,SUV,6 cylinders,4wd,Vancouver,,
Toyota corolla,5000,"230,000",0,https://www.craigslist.org/view/d/delta-northeast-toyota-corolla/dBTkdUtcrFcytUU3FhE382,good,gas,silver,clean,automatic,sedan,4 cylinders,fwd,Surrey,,
VW Tiguan 2017,18995,"68,844",0,https://www.craigslist.org/view/d/burnaby-vw-tiguan-2017/sTD5VRrurRLEHqf4QreYYQ,excellent,gas,white,clean,automatic,SUV,4 cylinders,,Burnaby,,
2012 Impreza WRX STI Sport Tech Sedan,18000,"166,000",0,https://www.craigslist.org/view/d/burnaby-2012-impreza-wrx-sti-sport-tech/ddCruwaBG4V675gB2t9qTw,excellent,gas,black,clean,manual,sedan,4 cylinders,4wd,Burnaby,,
2017 Ford Transit Connect,26000,"96,000",0,https://www.craigslist.org/view/d/coquitlam-2017-ford-transit-connect/dLrbySYmgo8LQmrb2RvRa6,,gas,,clean,automatic,,,,Coquitlam,,
2017 Hyundai Santa Fe Sport Ultimate 2.0L AWD,15999,"126,500",0,https://www.craigslist.org/view/d/abbotsford-southeast-2017-hyundai-santa/festj5GoP8ucTwbnA8yFuw,like new,gas,black,clean,automatic,SUV,4 cylinders,4wd,Abbotsford B.C.,5XYZUDLA9HG459900,
2001 Audi A4 Quattro,2000,"157,000",0,https://www.craigslist.org/view/d/delta-2001-audi-a4-quattro/a4SjaBu9udLebPd9J6G54s,fair,gas,black,clean,automatic,sedan,6 cylinders,,Ladner,,
2008 Honda pilot EXL,3200,"320,000",0,https://www.craigslist.org/view/d/richmond-2008-honda-pilot-exl/9vq35iWh5v6XxpK1HG1Urc,good,gas,grey,clean,automatic,SUV,6 cylinders,4wd,Richmond,5FNYF18668B503562,
2014 Chrysler Town & Country - Sunroof - Leather,8450,"230,000",0,https://www.craigslist.org/view/d/north-vancouver-2014-chrysler-town/5DoqM3Kj53gcuFD4afbix7,excellent,gas,,clean,automatic,minivan,6 cylinders,fwd,North Vancouver,,
2000 Nissan Skyline R34,19995,"98,116",0,https://www.craigslist.org/view/d/richmond-2000-nissan-skyline-r34/q6AWitoApx1MSGBFi1YPoT,excellent,gas,custom,clean,manual,sedan,6 cylinders,4wd,Richmond,,
2019 Audi RS 5 Sportback 2.9 TFSI quattro,53995,"63,977",0,https://www.craigslist.org/view/d/richmond-2019-audi-rs-sportback-29-tfsi/mCxgY37oYRn7uZZXfL7pox,like new,gas,red,clean,automatic,hatchback,6 cylinders,4wd,Richmond,WUACWCF59KA903344,
2018 Mercedes-Benz C-Class C 300 4MATIC/ WOOD TRIM PKG/ CLEAN TITLE/ B,19800,"89,655",0,https://www.craigslist.org/view/d/richmond-2018-mercedes-benz-class-300/aaNeZeE6VGFmvxbG4RvLUP,excellent,gas,silver,clean,automatic,sedan,4 cylinders,,Richmond,55SWF4KB3JU254818,
2024 Porsche 911 carrera gts coupe,218000,"7,451",0,https://www.craigslist.org/view/d/richmond-2024-porsche-911-carrera-gts/oajWicyXjw7GxJqe7VoMSA,excellent,gas,grey,clean,automatic,coupe,6 cylinders,,Richmond,WP0AB2A9XRS221629,
2016 Tesla model x 90D,37995,"67,046",0,https://www.craigslist.org/view/d/richmond-2016-tesla-model-90d/1ZNFYViEJ9mHovuMYG6W2n,good,electric,grey,clean,other,SUV,,,Richmond,5YJXCBE2XGF013443,
2021 Mercedes-Benz cls 450 4matic,42995,"88,728",0,https://www.craigslist.org/view/d/richmond-2021-mercedes-benz-cls-450/srLpB43LQXU2MGUcziSbCk,excellent,gas,black,clean,automatic,sedan,6 cylinders,4wd,Richmond,W1K2J5KB0MA089754,
2007 Toyota Yaris hatchback 2 door,4200,"212,000",0,https://www.craigslist.org/view/d/new-westminster-2007-toyota-yaris/eycBR6QKGZsKVi3zup9ZRZ,good,gas,red,clean,automatic,hatchback,,fwd,New Westminster,,
FOUR OEM FORD CENTER CUP SET. NEW,80,"1,000",0,https://www.craigslist.org/view/d/surrey-four-oem-ford-center-cup-set-new/2abpmDjeHATiPehjWPUU2o,,gas,,parts only,automatic,,,,Cloverdale Langley Surrey white rock,,
"2010 Jeep Compass 4X4, north edition",6700,"209,000",0,https://www.craigslist.org/view/d/surrey-northeast-2010-jeep-compass-4x4/bvSEs5kw8mcsRsmJ6g7V8X,,gas,,clean,automatic,SUV,,,delta/surrey/langley,,
2022 Toyota GR86 Premium Manual/ CLEAN TITLE/ BC LOCAL,34995,"38,482",0,https://www.craigslist.org/view/d/richmond-2022-toyota-gr86-premium/dT1YDwF5ueUyPbQpmUirhy,excellent,gas,white,clean,manual,coupe,4 cylinders,rwd,Richmond,JF1ZNBE12N9751387,
2024 Mitsubishi Mirage 16286 KM,20000,"16,286",0,https://www.craigslist.org/view/d/vancouver-2024-mitsubishi-mirage-km/v2QmtyxxFNd34ohQhQWDUy,like new,gas,black,clean,automatic,hatchback,3 cylinders,fwd,Vancouver,ML32AWHJ4RH026141,
2019 Tesla 3 rwd standard range plus,20000,"131,000",0,https://www.craigslist.org/view/d/surrey-east-2019-tesla-rwd-standard/rwTisvDCzAuz6SgkyDom2C,excellent,electric,blue,clean,automatic,other,,rwd,Surrey,5YJ3E1EA7KF419067,
WTB Porsche 996 Carrera 2 (911) with Aero kit,911,996,0,https://www.craigslist.org/view/d/burnaby-wtb-porsche-996-carrera-with/p5B4GhPuuq2nZAcSLdequA,,gas,,clean,manual,,,,city of vancouver,,
WTB Mercedes G500 / G550 G-Wagom,500,100,0,https://www.craigslist.org/view/d/burnaby-wtb-mercedes-g500-g550-wagom/9r3J4rApmhD4HMMPZZsdvE,,gas,,clean,automatic,,,,city of vancouver,,
WTB Porsche Cayenne Diesel 958,958,958,0,https://www.craigslist.org/view/d/burnaby-wtb-porsche-cayenne-diesel-958/jrLhnG4nQ9eaaJQxvcNAGP,,diesel,,clean,automatic,SUV,,,city of vancouver,,
GMC Savana 2008 Campervan,5500,"329,000",0,https://www.craigslist.org/view/d/vancouver-gmc-savana-2008-campervan/7TufVJfbUiegkgoy1pGSNg,excellent,gas,white,clean,automatic,van,5 cylinders,rwd,downtown,,
2015-2016 Corolla CE,1,"100,000",0,https://www.craigslist.org/view/d/port-moody-corolla-ce/5VNv1zHr6QXymKhyU8V2yJ,,gas,,clean,automatic,sedan,,,Port Moody,,
2013 Kia Forte 2.0L Automatic – Clean Title – No Accidents,7200,"176,159",0,https://www.craigslist.org/view/d/burnaby-2013-kia-forte-20l-automatic/qWKXvVRRKhyJ33gFfUdLY4,excellent,gas,white,clean,automatic,sedan,,,Burnaby,,
Rear engine dragster,7000,300,0,https://www.craigslist.org/view/d/surrey-northeast-rear-engine-dragster/vkUi2arZv1wCNJp6QM6YK5,,gas,,clean,automatic,,,,delta/surrey/langley,,
2024 MINI John Cooper Works Convertible,50000,"13,500",0,https://www.craigslist.org/view/d/north-vancouver-inner-east-2024-mini/69NYw5SNS2vF9xTtQLoxCa,like new,gas,black,clean,automatic,convertible,,,North Vancouver,,
Toyota Crown Athlete,9500,"79,000",0,https://www.craigslist.org/view/d/burnaby-toyota-crown-athlete/uUmuNLrbhj2Ecz3Caid8bA,like new,gas,white,clean,automatic,sedan,6 cylinders,rwd,burnaby/newwest,,
2022 BMW iX XDrive50/ EXCELLENT PKG/ NO ACCIDENT/ M SPORT PRO,57995,"65,550",0,https://www.craigslist.org/view/d/richmond-2022-bmw-ix-xdrive50-excellent/cNAz2pht8M7BRRY8rLJfHj,excellent,electric,red,clean,automatic,SUV,,4wd,Richmond,WB523CF07NCJ58166,
Cadillac CTS — Luxury with an Edge,19999,"48,500",0,https://www.craigslist.org/view/d/vancouver-cadillac-cts-luxury-with-an/1F7qg23449ChyRiTSonpep,like new,gas,white,clean,automatic,sedan,6 cylinders,rwd,Vancouver,,
BMW 2003 745Li only 57K,6500,"57,800",0,https://www.craigslist.org/view/d/west-vancouver-bmw-li-only-57k/vb4HMfSgdawjCj956W352K,excellent,gas,,clean,automatic,sedan,8 cylinders,,West Vancouver,WBAGN63453DR18323,
RARE  1998 Jeep grand cherokee 5.9 LIMITED aka Trackhawk,6000,"290,000",0,https://www.craigslist.org/view/d/vancouver-rare-1998-jeep-grand-cherokee/gpvobiMJuV8j3TVG6x2vVZ,excellent,gas,white,clean,automatic,SUV,8 cylinders,4wd,vancouver,,
2020 Jaguar F-PACE SVR | 550HP Supercharged V8 | AWD | One Owner,59500,"44,955",0,https://www.craigslist.org/view/d/vancouver-2020-jaguar-pace-svr-550hp/uaox4WsNUxhPUmGmF44F5M,excellent,gas,black,clean,automatic,SUV,8 cylinders,4wd,"Vancouver, BC",,
Well-maintained 2017 Toyota Sienna SE (FWD),29800,"65,000",0,https://www.craigslist.org/view/d/richmond-well-maintained-2017-toyota/m8ify13Ywog3PUvrN26dTx,excellent,gas,white,clean,automatic,minivan,,fwd,Richmond,,
"2008 BMW 328xi (E90) — 130,000 km  MINT condition Full Service History",9000,"130,000",0,https://www.craigslist.org/view/d/langley-city-2008-bmw-328xi-km-mint/kmo8FnN7u7uQ58QPEohAo7,excellent,gas,,clean,automatic,sedan,6 cylinders,4wd,Langley,,
AUDI for sale,5500,"167,264",0,https://www.craigslist.org/view/d/port-coquitlam-north-audi-for-sale/5w7F8SAqTro9UKBEmZCW2w,excellent,gas,,clean,automatic,wagon,4 cylinders,4wd,tricities/pitt/maple,,
Audi Q3 progressive,30000,"56,600",0,https://www.craigslist.org/view/d/vancouver-audi-q3-progressive/8NqaUyox6R4jbmSho2poDS,excellent,gas,black,clean,automatic,SUV,4 cylinders,4wd,city of vancouver,,
2006 Porsche Cayenne V6 EXCELLENT RUNNING and Good on Gas,8500,"278,500",0,https://www.craigslist.org/view/d/vancouver-2006-porsche-cayenne-v6/eCgebeKtZBT8bD6nB8Dbi2,good,gas,black,clean,automatic,SUV,6 cylinders,,Vancouver Westside,WP1AA29P66LA23396,
Low Milage Nissan Pathfinder V6 2012 Black in Excellent Driving Condit,10950,"177,000",0,https://www.craigslist.org/view/d/vancouver-low-milage-nissan-pathfinder/pbNYLWDgiwHKNPWBqXqQMG,excellent,gas,,clean,automatic,SUV,6 cylinders,4wd,Vancouver Westside,,
*****VW GOLF GTI******,7800,"150,000",0,https://www.craigslist.org/view/d/port-coquitlam-south-vw-golf-gti/pPSZc6oBUQkoDq9ka47q8A,excellent,gas,black,clean,automatic,hatchback,4 cylinders,,Port Coquitlam,,
2018 Porsche Macan AWD | No Accidents | One Owner,27999,"83,200",0,https://www.craigslist.org/view/d/vancouver-2018-porsche-macan-awd-no/8yBHQVGR9HtuuRNHbKy4Pb,like new,gas,silver,clean,automatic,SUV,4 cylinders,4wd,Vancouver,,
2022 Porsche 911S RWD Coupe | Wrty June 2027 | 7 Spd Man | 18.5k KM's,187500,"18,500",0,https://www.craigslist.org/view/d/vancouver-2022-porsche-911s-rwd-coupe/vv5sRacNV5DCe83SWBzzqn,like new,gas,silver,clean,manual,coupe,6 cylinders,rwd,West Vancouver,WP0AB2A92NS221831,
2022 Toyota Tacoma SR5/ NO ACCIDENT/ BC LOCAL/ ONE OWNER,39900,"130,494",0,https://www.craigslist.org/view/d/surrey-inner-northwest-2022-toyota/cHwngKpkjKqCHACk6NktnM,excellent,gas,red,clean,automatic,pickup,6 cylinders,4wd,Surrey,3TYDZ5BN2NT009207,
2005 Subaru Legacy,1500,"358,000",0,https://www.craigslist.org/view/d/west-vancouver-north-2005-subaru-legacy/p5uDgUtx7C5YvPm8aa3eQM,fair,gas,blue,clean,automatic,sedan,4 cylinders,4wd,West Vancouver,,
2008 Subaru Impreza,5000,"251,000",0,https://www.craigslist.org/view/d/west-vancouver-north-2008-subaru-impreza/x3m2ezfHn9AJ5ekmRVkzwt,good,gas,silver,clean,automatic,hatchback,4 cylinders,4wd,West Vancouver,,
Ram Promaster 3500 High Roof,23000,"180,000",0,https://www.craigslist.org/view/d/new-westminster-ram-promaster-3500-high/nFBvrbFNZUEMYMVQDcfq6R,,gas,white,clean,automatic,,,,New Westminster,,
2023 Ford F-150 XLT,48889,"47,000",0,https://www.craigslist.org/view/d/mission-2023-ford-150-xlt/33QWg1UJ9WXWJCxcbXmV2H,,gas,,clean,automatic,pickup,,,Mission,,
2019 Ford Transit 150 XLT – 8 Passenger – LOW KM – Excellent Condition,38000,"94,500",0,https://www.craigslist.org/view/d/comox-2019-ford-transit-150-xlt/1GK5NQDQQJk14AYeGH2Etu,excellent,gas,silver,clean,automatic,van,6 cylinders,4wd,city of vancouver,1FMZK1YM2KKA43899,
1967 mustang coupe,6500,"23,075",0,https://www.craigslist.org/view/d/delta-northeast-1967-mustang-coupe/vfjQVbV6z3TmHMcJsK8Qfe,fair,gas,blue,clean,manual,coupe,8 cylinders,rwd,North Delta,,
2013 mini Countryman | No accident | BC Local | One owner,11950,"80,674",0,https://www.craigslist.org/view/d/richmond-southeast-2013-mini-countryman/mRuBnSoqufBWmumb1DZfW9,,gas,,clean,automatic,,,,call Josh,,
2011 BMW X3 XDrive 28i | BC Local | new tire,6950,"232,800",0,https://www.craigslist.org/view/d/richmond-southeast-2011-bmw-x3-xdrive/83uttyWtrwfGw9PLy53nAg,,gas,,clean,automatic,SUV,,,call Josh,,
2010 Volkswagen Scirocco TSI | Left Handed Drive | same Golf GTI engin,19800,"91,547",0,https://www.craigslist.org/view/d/vancouver-2010-volkswagen-scirocco-tsi/628JrbiL83iTqgMFk61jEu,,gas,,clean,automatic,,,,vancouver,,
Dodge 2500 4x4,7000,"190,000",0,https://www.craigslist.org/view/d/vancouver-dodge-x4/sutKjX3tQhmVihVoKwszkb,fair,gas,blue,clean,automatic,pickup,,4wd,Vancouver,,
2015 Hyundai Elantra Limited – Mint Condition – New All-Weather Tires-,-1,"63,000",0,https://www.craigslist.org/view/d/burnaby-2015-hyundai-elantra-limited/2G8eXmtFN19ZyvBsJg6mzn,excellent,gas,silver,clean,automatic,sedan,4 cylinders,fwd,burnaby/newwest,,
2018 bmw X5M | Clean title | BC local | Fully loaded | B&O sound syste,44950,"101,326",0,https://www.craigslist.org/view/d/richmond-southeast-2018-bmw-x5m-clean/euU6mHReY7Cw2FJGUav4yo,,gas,,clean,automatic,SUV,,,call Josh,,
2004 Ford FreeStar Van For Sale,4500,"180,000",0,https://www.craigslist.org/view/d/new-westminster-southwest-2004-ford/2qtJAbvT5Cscv14uacNogv,fair,gas,green,clean,automatic,minivan,6 cylinders,fwd,Burnaby/New Westminster,,
Very good condition Hyundai Azera sedan,2100,"260,000",0,https://www.craigslist.org/view/d/delta-northeast-very-good-condition/s4vyVJn1zM84f8MiUKF6uD,good,gas,blue,clean,automatic,sedan,6 cylinders,,Surrey,,
2024 Range Rover Sport P400 Dynamic - Legacy 3.99% Rate + Full Protect,1903,"31,116",0,https://www.craigslist.org/view/d/burnaby-2024-range-rover-sport-p400/gvLsJnyc9WKy5cL1XTAHsg,like new,gas,grey,clean,automatic,SUV,6 cylinders,4wd,"Lower Mainland, BC",,
"1999 GMC T8500 Tandem Reefer Truck | 190,511 km | 26' Box",38000,"190,511",0,https://www.craigslist.org/view/d/richmond-1999-gmc-t8500-tandem-reefer/nHmWCwLNxJLMBWFqevNH1E,excellent,diesel,,rebuilt,manual,truck,,,Richmond,,
2007 gmc Sierra 2500hd,3000,"370,000",0,https://www.craigslist.org/view/d/delta-2007-gmc-sierra-2500hd/dGEFf7nr9Zxf7Tc1Jfy5AQ,fair,gas,white,clean,automatic,pickup,8 cylinders,4wd,Delta,,
2011 Mercedes R350 4-matic Diesel for sale -$7000 (South Surrey),7000,"206,000",0,https://www.craigslist.org/view/d/white-rock-2011-mercedes-r350-matic/pZ7rX44Y95D1p7g1aYBpth,good,diesel,white,clean,automatic,,,,South Surrey,,
Scion xB or Scion xD wanted,3000,"300,000",0,https://www.craigslist.org/view/d/vancouver-scion-xb-or-scion-xd-wanted/cFX7aiy2WAdpbqCADbBWcU,fair,gas,,rebuilt,automatic,,4 cylinders,fwd,Vancouver,,
2012 Ford F-150 XLT 4x4,5900,"238,000",0,https://www.craigslist.org/view/d/surrey-northeast-2012-ford-150-xlt-4x4/cbBpenZ6r9Hoo3NhpKKzLn,good,gas,grey,clean,automatic,pickup,,,surrey,,
Hyundai Elentra GT 2013,6000,"163,300",0,https://www.craigslist.org/view/d/richmond-hyundai-elentra-gt-2013/3zB44m88LRQxu191dWJQzS,like new,gas,silver,clean,automatic,hatchback,other,fwd,Richmond,,
2013ford focus titanium,10,"80,000",0,https://www.craigslist.org/view/d/new-westminster-southwest-2013ford/pDmkCHXsT3KMdQ6yYd7P4A,excellent,gas,grey,clean,automatic,hatchback,4 cylinders,fwd,new westminister,,
For Sale: Mercedes-Benz B-Class 2014,11000,"107,000",0,https://www.craigslist.org/view/d/burnaby-for-sale-mercedes-benz-class/wauopmAnLcvbpmkv5dMNQJ,excellent,gas,,clean,automatic,hatchback,,fwd,Burnaby,,
"2007 Chevy Uplander Adventure Van – 141,000 km",1500,"141,000",0,https://www.craigslist.org/view/d/vancouver-2007-chevy-uplander-adventure/jdcboYkygR6eLZg9x36HTM,good,gas,red,clean,automatic,minivan,,rwd,Vancouver,,
2011 4 dr Nissan sentra,5000,"148,922",0,https://www.craigslist.org/view/d/burnaby-dr-nissan-sentra/dTzQ4Z5yS7EJaDooWJ1BV1,excellent,gas,black,clean,automatic,sedan,4 cylinders,fwd,burnaby/newwest,,
Mechanic special,550,"200,000",0,https://www.craigslist.org/view/d/richmond-mechanic-special/moBQa8DwdkB1Yi6avBTUYU,good,gas,green,clean,automatic,hatchback,4 cylinders,fwd,Richmond,,
2024 Ford Transit 15 Passenger *RARE* NO ACCIDENT - LOW KM,74980,"14,100",0,https://www.craigslist.org/view/d/vancouver-2024-ford-transit-15/9VqTNQmnTHd8pPFtMvHYnA,new,gas,white,clean,automatic,van,6 cylinders,rwd,Vancouver,,
2023 Isuzu NRR Heavy Duty GVWR No Accidents Power Tailgate,74980,"78,500",0,https://www.craigslist.org/view/d/langley-2023-isuzu-nrr-heavy-duty-gvwr/1wEiZnTMkcAKxkPV1eGFwC,like new,diesel,white,clean,automatic,truck,8 cylinders,rwd,city of vancouver,,
2024 Mercedes-Benz Sprinter Passenger Van 2500 High Roof Extend Body 1,74980,"69,800",0,https://www.craigslist.org/view/d/vancouver-2024-mercedes-benz-sprinter/vqymDDcpiYFzj1mRqtFab2,like new,diesel,,clean,automatic,minivan,4 cylinders,rwd,city of vancouver,,
"2020 RAM ProMaster City Cargo Van ST Edition, No Accidents, Low Kms, S",33980,"70,500",0,https://www.craigslist.org/view/d/vancouver-2020-ram-promaster-city-cargo/ksjtYqrbeVbuP74a9oERXc,like new,gas,white,clean,automatic,van,4 cylinders,fwd,Vancouver,,
Toyota Sienna For sale,13500,"385,000",0,https://www.craigslist.org/view/d/maple-ridge-toyota-sienna-for-sale/qqDy6gmvK6ohNQudEuBfTu,,gas,,clean,automatic,minivan,,,Maple Ridge,,
Hyundai Tuscan 4wd 2006,4300,"224,000",0,https://www.craigslist.org/view/d/tsawwassen-hyundai-tuscan-4wd-2006/7XCNLGwBs5kP7ubM5vNigx,good,gas,red,clean,automatic,SUV,6 cylinders,4wd,Tsawwassen,,
2014 Ford Focus – Mechanic Special / For Parts or Repair,1500,"351,483",0,https://www.craigslist.org/view/d/vancouver-2014-ford-focus-mechanic/gg1XEq9pwCxAuwmXTXMS1i,good,gas,,clean,automatic,hatchback,,,city of vancouver,,
2012 Jeep Wrangler Unlimited Sport S,17000,"136,500",0,https://www.craigslist.org/view/d/north-vancouver-2012-jeep-wrangler/5jf9qP4ZFB9eA1Fg3reSf5,excellent,gas,silver,clean,automatic,truck,6 cylinders,4wd,North Vancouver - Shipyards,,
Hyundai Veloster,3995,"230,000",0,https://www.craigslist.org/view/d/burnaby-hyundai-veloster/bai7ChP6UPFBpNgCHbnGB2,good,gas,white,clean,automatic,hatchback,,fwd,Burnaby,,
1997CadillaSedan Deville 197000klms 4500$ all trades cons,4500,"1,997,000",0,https://www.craigslist.org/view/d/vancouver-1997cadillasedan-deville-klms/iHVZ1ZiP796V1ACnPKB3qy,good,gas,brown,clean,automatic,sedan,8 cylinders,rwd,Vanvouver,,
2021 Kia Seltos EX AWD,22900,"49,496",0,https://www.craigslist.org/view/d/vancouver-2021-kia-seltos-ex-awd/qT5YUN5ChPaVVDuLveNxyu,like new,gas,,clean,automatic,SUV,4 cylinders,4wd,Vancouver,KNDEUCAA2M7070521,
1963 Volvo 122S wagon,12500,"79,928",0,https://www.craigslist.org/view/d/edmonton-1963-volvo-122s-wagon/oECuXLySWcPcKRNBh9YoMb,excellent,gas,blue,clean,manual,wagon,4 cylinders,rwd,Edmonton,,
2012 Toyota RAV4,4500,"345,000",0,https://www.craigslist.org/view/d/north-vancouver-2012-toyota-rav4/3A2w5W1w6wuZYwXoqcSvWf,good,gas,white,clean,automatic,SUV,4 cylinders,4wd,north shore,2T3BF4DV5CW240407,
2011 Buick regal gran sport,4900,"102,000",0,https://www.craigslist.org/view/d/north-vancouver-northwest-2011-buick/5mFXXCWM8wv1whxk7ou3PV,excellent,gas,silver,clean,automatic,sedan,4 cylinders,fwd,north vancouver,,
SUV,3370,160,0,https://www.craigslist.org/view/d/coquitlam-suv/12U7qj1xQ1MK6jWnbZFV8S,excellent,gas,black,salvage,automatic,SUV,8 cylinders,4wd,Coquitlam,,
2023 Chevy BrightDrop 600 AWD - WARRANTY till 2033,66900,"15,000",0,https://www.craigslist.org/view/d/west-vancouver-west-2023-chevy/tmQeVgH2csjXMbmaCZMi2d,like new,electric,white,clean,automatic,van,,4wd,West Vancouver,,
2024 Hyundai Palisade Ultimate Calligraphy - Finance | Lease | Cash,51000,"38,000",0,https://www.craigslist.org/view/d/vancouver-2024-hyundai-palisade/x1PUM581x6wMbU1oBvUPiR,like new,gas,black,clean,automatic,SUV,6 cylinders,4wd,VANCOUVER,,
Mercedes E63 2014,59500,"72,000",0,https://www.craigslist.org/view/d/surrey-outer-northwest-mercedes/3xWfmVsWuqLiR4LC1j8WZB,,gas,,clean,automatic,coupe,,,delta/surrey/langley,,
"2009 Mazda CX-7 – $2,500 OBO",2500,"280,000",0,https://www.craigslist.org/view/d/port-coquitlam-2009-mazda-cx-obo/gRy3y8n5oUexMP7fWyZNx7,good,gas,blue,clean,automatic,SUV,4 cylinders,4wd,Port Coquitlam,,
2006 Ford scape Limited only 33000  mile,5000,"33,000",0,https://www.craigslist.org/view/d/burnaby-2006-ford-scape-limited-only/ha6mqFUYBCgRKZRa5W49zh,excellent,gas,black,rebuilt,automatic,SUV,6 cylinders,4wd,burnaby/newwest,,
Fiat 124-125-126-128 -131 MIRAFIORI,1000,"1,000",0,https://www.craigslist.org/view/d/coquitlam-fiat-mirafiori/4ygrqq6p5AYpTRyU4sfcdr,good,gas,,clean,manual,coupe,4 cylinders,fwd,COQUITLAM,F1AT1TALY,
2008 Subaru Impreza Hatchback AWD Clean Title,4500,"215,434",0,https://www.craigslist.org/view/d/surrey-northeast-2008-subaru-impreza/95L2SAAB37RGi2DyERjqiP,good,gas,silver,clean,automatic,hatchback,4 cylinders,4wd,city of vancouver,,
2015 Mazda CX9,6250,"172,500",0,https://www.craigslist.org/view/d/richmond-2015-mazda-cx9/9BDnH2XLZr67DNw21p44GT,good,gas,white,clean,automatic,sedan,6 cylinders,4wd,Richmond,,
2019 Mitsubishi Eclipse Cross ES S-AWC | Pearl White | Clean Title,14999,"128,000",0,https://www.craigslist.org/view/d/burnaby-2019-mitsubishi-eclipse-cross/cce3uJ9qpSLud4LFRmyiKm,excellent,gas,white,clean,automatic,SUV,,4wd,Burnaby/Vancouver/Surrey,,
2004 Toyota Solara,3000,"208,000",0,https://www.craigslist.org/view/d/vancouver-2004-toyota-solara/tYiF1KmzJN7Ln1WEHmEyTh,fair,gas,red,clean,automatic,coupe,4 cylinders,,city of vancouver,,
Urgent Sale of Toyota Crown,-1,"113,000",0,https://www.craigslist.org/view/d/surrey-urgent-sale-of-toyota-crown/47eh3KmT9KYEDb7F1kfWwi,excellent,gas,blue,clean,automatic,sedan,6 cylinders,rwd,Surrey,,
2004 Mazda3,3700,205,0,https://www.craigslist.org/view/d/richmond-2004-mazda3/pZ2ZgjDtN9qMSpJUG6Ea3Q,good,gas,grey,clean,automatic,,,,Richmond,,
Hyundai Sonata,8000,"135,000",0,https://www.craigslist.org/view/d/new-westminster-hyundai-sonata/8fZ5Es7G8q9Dvk89sJQjCj,excellent,gas,blue,clean,automatic,sedan,4 cylinders,fwd,New Westminster,,
2016 Subaru WRX,15000,"209,000",0,https://www.craigslist.org/view/d/surrey-northeast-2016-subaru-wrx/98BUyA4fi73kPE2iKZCBxr,excellent,gas,,clean,manual,sedan,,,delta/surrey/langley,,
2010 Hyundai Elantra,3000,"346,044",0,https://www.craigslist.org/view/d/vancouver-2010-hyundai-elantra/59J19zR17pz5XBsxWkJiNS,good,gas,,clean,automatic,sedan,4 cylinders,4wd,Vancouver,KMHDU4BD0AU041800,
"2010 Volvo XC90 V8 AWD SE — 205,275 km, Clean Title, No Accidents Repo",6600,"205,275",0,https://www.craigslist.org/view/d/vancouver-2010-volvo-xc90-v8-awd-se-km/wcgdurg1xDucPBxGkEeEMd,excellent,gas,silver,clean,automatic,SUV,8 cylinders,4wd,Dunbar Southlands,,
2013 Smart ForTwo,3900,"105,594",0,https://www.craigslist.org/view/d/burnaby-2013-smart-fortwo/8gWsvGEs8h8C6bCKrnjnHb,good,gas,white,clean,automatic,,,,Burnaby,,
Hyundai Venue,67,"64,000",0,https://www.craigslist.org/view/d/surrey-inner-northwest-hyundai-venue/n2rECmucTGqnBHBTjLLgir,excellent,gas,grey,clean,automatic,SUV,,,Surrey,,
2010 LEXUS LS460 - JDM RHD - 105KMs,12350,"105,000",0,https://www.craigslist.org/view/d/port-coquitlam-central-2010-lexus-ls460/1AWMAYmCjup7CM4tF5uTaX,excellent,gas,white,clean,automatic,sedan,8 cylinders,rwd,Coquitlam,,
2008 LEXUS LS600h - JDM RHD - 103KMs,11300,"103,000",0,https://www.craigslist.org/view/d/port-coquitlam-central-2008-lexus/fJWDQbtYWrgHufpA36iZy7,excellent,gas,black,clean,automatic,sedan,8 cylinders,4wd,Coquitlam,,
2009 Audi A3 2.0L Quattro,4000,"232,000",0,https://www.craigslist.org/view/d/vancouver-2009-audi-a3-20l-quattro/keW4iL3kevNSJ6jwC6GWGy,good,gas,black,clean,automatic,hatchback,4 cylinders,4wd,Vancouver,,
2010 Nissan Pathfinder SE4.0L V6 For sale,8000,"208,000",0,https://www.craigslist.org/view/d/vancouver-2010-nissan-pathfinder-se40l/mLsLv45dvJ5EnfTneG8AW2,excellent,gas,silver,clean,automatic,SUV,6 cylinders,4wd,city of vancouver,,
2003 Honda Acura 3.2 TL Sedan,2500,"278,010",0,https://www.craigslist.org/view/d/vancouver-2003-honda-acura-32-tl-sedan/sdZ198wfpttQukq2jGZ87D,excellent,gas,grey,clean,automatic,sedan,6 cylinders,fwd,Vancouver,,
2012 Jeep Compass,8000,"156,830",0,https://www.craigslist.org/view/d/surrey-2012-jeep-compass/xmE3aE3JaR7k4ib5Gnu2HL,excellent,gas,white,clean,automatic,SUV,4 cylinders,4wd,Surrey,,
2011 Subaru Outback 2.5i Sport AWD –  km,6300,"234,000",0,https://www.craigslist.org/view/d/vancouver-2011-subaru-outback-25i-sport/41qjLQGEUFgnp7yEiqvHue,good,gas,grey,clean,automatic,SUV,4 cylinders,4wd,Vancouver,,
Car sale,4500,"207,000",0,https://www.craigslist.org/view/d/burnaby-car-sale/35dAWjDxbkMDvVZJxitWqy,good,gas,white,clean,automatic,hatchback,4 cylinders,,burnaby/newwest,,
GMC Yukon  Denali 2017,28500,"153,000",0,https://www.craigslist.org/view/d/surrey-inner-northwest-gmc-yukon-denali/8DQmxBT7UVhcVgHRqAuqYa,excellent,gas,red,rebuilt,automatic,SUV,8 cylinders,4wd,delta/surrey/langley,,
2010 Audi A5 S-Line Quattro 2.0T,7800,"160,000",0,https://www.craigslist.org/view/d/burnaby-2010-audi-a5-line-quattro-20t/jCxsKy83vKYakWMt8DsGS4,good,gas,grey,clean,automatic,coupe,4 cylinders,4wd,Burnaby,,
2006 Toyota Estima RIGHT Hand Drive Low KM,7500,"115,600",0,https://www.craigslist.org/view/d/vancouver-2006-toyota-estima-right-hand/jdZBP9Zy4ybfEj7ovBqL6c,good,gas,white,clean,automatic,minivan,6 cylinders,fwd,Vancouver,,
2017 Mini Cooper 5 door,9000,"147,000",0,https://www.craigslist.org/view/d/whistler-2017-mini-cooper-door/ssybxkGoQrGh8hWm16p43Y,excellent,gas,black,clean,automatic,,3 cylinders,fwd,Whistler,,
Mercedes C350 for sale,17000,"71,000",0,https://www.craigslist.org/view/d/vancouver-mercedes-c350-for-sale/62spQSpEttc9jNomAGKuzj,excellent,gas,,clean,automatic,sedan,6 cylinders,,Vancouver,WDDGF8JB9DA844071,
2010 Mercedes E550 Coupe,17900,"75,000",0,https://www.craigslist.org/view/d/burnaby-2010-mercedes-e550-coupe/rrvAsz1k2q1dfaxdkyifBJ,like new,gas,silver,clean,automatic,,8 cylinders,rwd,Burnaby,,
2008 Nissan Rogue SL,4000,"190,500",0,https://www.craigslist.org/view/d/vancouver-2008-nissan-rogue-sl/2GQyWvNAz3KQ1KQm6kqNTd,good,gas,silver,clean,automatic,SUV,4 cylinders,4wd,Vancouver,,
1980 Chevy Malibu Classic,2800,1,0,https://www.craigslist.org/view/d/vancouver-1980-chevy-malibu-classic/nugfci4vpnhYfSsnZskh67,fair,gas,brown,clean,automatic,coupe,8 cylinders,rwd,Vancouver,,
1994 black corvette,24700,"84,000",0,https://www.craigslist.org/view/d/vancouver-1994-black-corvette/pPdAd2pBugWrXm5ArtYMby,excellent,gas,black,clean,automatic,coupe,8 cylinders,rwd,Vancouver,,
2007 Mercedes-Benz CLS 350,9500,"89,805",0,https://www.craigslist.org/view/d/vancouver-2007-mercedes-benz-cls-350/g6ig6iK3xsNgcuUy1i3ky9,excellent,gas,white,clean,automatic,coupe,6 cylinders,rwd,Vancouver,,
2014 Mitsubishi RVR AWD,5500,"241,000",0,https://www.craigslist.org/view/d/vancouver-2014-mitsubishi-rvr-awd/1NH6vCTsdK7CoM2a8vt42M,good,gas,black,rebuilt,automatic,SUV,4 cylinders,4wd,Vancouver,,
1977cadillac,1,"5,888",0,https://www.craigslist.org/view/d/chilliwack-west-1977cadillac/31rBfvYVsCRDozq2GKJqwe,good,gas,blue,clean,automatic,,6 cylinders,fwd,CHILLIWACK,,
WANTED Ferrari 458 Italia by local private Cash buyer,1,"10,000",0,https://www.craigslist.org/view/d/vancouver-wanted-ferrari-458-italia-by/9rL86jz1UegpthBJ6AnRtk,,gas,,clean,other,,,,Vancouver,,
2002 NB Mazda Miata Special Edition,1,"83,005",0,https://www.craigslist.org/view/d/north-vancouver-2002-nb-mazda-miata/8jRgF1U19M8TojtheCYdBz,excellent,gas,yellow,clean,manual,convertible,4 cylinders,rwd,North Vancouver,,
97/98  MERCEDES C230 parts car and 2003 Mercedes c320 4matic parts,1,"175,000",0,https://www.craigslist.org/view/d/burnaby-mercedes-c230-parts-car-and/quScBv97PLYH1RuEnBdo36,good,gas,black,parts only,automatic,sedan,4 cylinders,rwd,burnaby,,
2004 CHEVY MALIBU LS 4CYL/AUTO,1,"330,000",0,https://www.craigslist.org/view/d/chilliwack-central-2004-chevy-malibu-ls/5zsGxdvy85C5pAbETReA2L,excellent,gas,silver,clean,automatic,sedan,4 cylinders,fwd,CHILLIWACK,,
TRUCKS FOR SALE LOW KMS PRIVATE SALE OPEN TO OFFERS,1,"230,000",0,https://www.craigslist.org/view/d/vancouver-trucks-for-sale-low-kms/9gtV1dW8WYVWSU5wi2NWJ7,excellent,diesel,white,clean,automatic,truck,,,Burnaby,,
Automotive Mechanic – Shop & Mobile,1,"1,000",0,https://www.craigslist.org/view/d/vancouver-automotive-mechanic-shop/j7TxQHDYXqHxpC4SsZxc74,,gas,,clean,automatic,,,,Vancouver,,
"2 Honda CRV , 1 Mercedes - $4,000 firm",1,"314,000",0,https://www.craigslist.org/view/d/vancouver-honda-crv-mercedes-firm/7smbsjpHYq3ZBTs5XsE8G3,good,gas,blue,clean,automatic,SUV,4 cylinders,4wd,city of vancouver,,
"3 vehicles for $4,000 firm",1,"314,000",0,https://www.craigslist.org/view/d/vancouver-vehicles-for-4000-firm/pqQWa5pHSk7ckW1tdYrHAm,good,gas,blue,clean,automatic,SUV,4 cylinders,4wd,city of vancouver,,
"2002 Honda CRV -$1,500",1,"302,000",0,https://www.craigslist.org/view/d/port-coquitlam-2002-honda-crv-1500/i1a3C3yunVd5Yv5yF8ZJDb,good,gas,blue,clean,automatic,SUV,4 cylinders,4wd,Port Coquitlam,,
"2007 Honda CRV awd , $3,000 firm",1,"314,000",0,https://www.craigslist.org/view/d/vancouver-2007-honda-crv-awd-firm/uTXA3TyPrUTkXTVW2Z1WeM,good,gas,grey,clean,automatic,SUV,4 cylinders,4wd,Vancouver,,
Transit 250 2018,1,"73,444",0,https://www.craigslist.org/view/d/burnaby-transit/k7BAL4wuZdBXUS17EmtmFH,excellent,gas,white,rebuilt,automatic,van,4 cylinders,rwd,Vancouver,,
TRUCKS FOR SALE LOW KMS PRIVATE SALE OPEN TO OFFERS,1,"230,000",0,https://www.craigslist.org/view/d/vancouver-trucks-for-sale-low-kms/ccWK6U3j6tgtQ7xwejCWCt,excellent,diesel,white,clean,automatic,truck,,,Burnaby,,
Parting Out 1998 Jetta TDI,1,"390,000",0,https://www.craigslist.org/view/d/delta-parting-out-1998-jetta-tdi/n9b5a1mCqXBt7mS3g4jjHi,salvage,diesel,,clean,manual,,,,Tsawwassen,,
selling 2018 Nissan Micra,10,"10,020",0,https://www.craigslist.org/view/d/vancouver-selling-2018-nissan-micra/2YSBhDRVGu3TUpGpniCgSc,good,gas,red,clean,automatic,sedan,,,city of vancouver,,
1963 chevy II 62 CHEVY CUSTOM FORD BRONCO,11,"1,000",0,https://www.craigslist.org/view/d/coquitlam-1963-chevy-ii-62-chevy-custom/dYcMx5UajzmmosvP8YUnS8,new,other,blue,clean,manual,SUV,other,,COQUITLAM,,
2000 f 350 dually,30,177,0,https://www.craigslist.org/view/d/surrey-2000-350-dually/tWvCTfdqm46sLn4RxopS6R,excellent,diesel,white,clean,automatic,,8 cylinders,4wd,Surrey,,
Nissan Juke FOBs Original OEM,30,"60,000",0,https://www.craigslist.org/view/d/vancouver-nissan-juke-fobs-original-oem/jAxRp8MiEuwxQ6wPV74Mt4,excellent,gas,silver,clean,automatic,SUV,4 cylinders,fwd,Vancouver,,
SAE J1772 Charging Adapter,50,1,0,https://www.craigslist.org/view/d/port-coquitlam-central-sae-j1772/nXqEWCX2dtSHN5SRynKoFJ,new,electric,,clean,other,,,,COQUITLAM,,
Snow plow 4/4 f 600,55,"3,000",0,https://www.craigslist.org/view/d/surrey-northeast-snow-plow-4-600/7Jd8VVmzLo7bEnEwVUzCye,excellent,diesel,grey,clean,manual,truck,6 cylinders,4wd,Surrey bc,,
Roof rail for bmw X3,60,90,0,https://www.craigslist.org/view/d/vancouver-roof-rail-for-bmw-x3/isMU5Mc5cHkGbaDMMNHHjq,,other,,clean,other,SUV,,,city of vancouver,,
Vehicles for rent,69,"100,000",0,https://www.craigslist.org/view/d/vancouver-vehicles-for-rent/dHURZuWQPQJnVNpecDHUWe,good,gas,,clean,automatic,,,,city of vancouver,,
heavy duty truck cover for Toyota Tundra or fits any trucks,75,1,0,https://www.craigslist.org/view/d/surrey-outer-northwest-heavy-duty-truck/vQw14AHjpiXh2aAHjn3RFr,,other,,clean,other,truck,,,delta/surrey/langley,,
2025 Fiat 500e lease takeover,79,"12,500",0,https://www.craigslist.org/view/d/new-westminster-northeast-2025-fiat/cAQmXaz826xcYLgyzMmYZQ,like new,electric,black,clean,automatic,hatchback,,,New Westminster,,
Parking available for car or small RV.,80,"80,000",0,https://www.craigslist.org/view/d/delta-parking-available-for-car-or/dcjsRRs9S6yn1qjhVTPhh8,,other,,clean,manual,,,,88th and Scott Rd,,
Wheelchair van for rent - Handicap mobility ramp vans,89,"50,000",0,https://www.craigslist.org/view/d/delta-northeast-wheelchair-van-for-rent/fsSjEhaMDyxaYzUMJtbfPu,,gas,,clean,automatic,van,,,delta/surrey/langley,,
Pick up truck seperator and extender,100,1,0,https://www.craigslist.org/view/d/vancouver-pick-up-truck-seperator-and/bRW1MZtqPsUfoTd158d6h1,,gas,,clean,automatic,truck,,,city of vancouver,,
Looking for Old Toyota / Nissan / Mazda / Honda,100,"20,000",0,https://www.craigslist.org/view/d/north-vancouver-looking-for-old-toyota/7hDk6Zh5Cg5nVH5bu4VSHm,excellent,gas,,clean,manual,,,,North Vancouver,,
2015 Ford Escape tires with steel wheels 235/55R17 Set of 4,100,"12,000",0,https://www.craigslist.org/view/d/surrey-2015-ford-escape-tires-with/6jWbHqjZJGRwZtZKPkhCej,,other,,clean,other,,,,Surrey,,
"BMW Z4 2003-08 F front bumper-$120, $250- soft roof assembly, $150 doo",120,"100,000",0,https://www.craigslist.org/view/d/port-moody-bmw-f-front-bumper-soft-roof/exgsK4D5jLiQcq2MLpfphf,,gas,,clean,manual,,,,tricities/pitt/maple,,
CCS1 to NACS Adapter,200,1,0,https://www.craigslist.org/view/d/port-coquitlam-central-ccs1-to-nacs/8peoCg3n9QVPamJk54DGQZ,new,electric,,clean,other,,,,COQUITLAM,,
Lease Takeover,299,"28,000",0,https://www.craigslist.org/view/d/vancouver-lease-takeover/2FHQEXWuX3MwtpBN55o2yZ,like new,hybrid,white,clean,automatic,truck,6 cylinders,4wd,delta/surrey/langley,,
BMW Wheels,300,"1,111,111",0,https://www.craigslist.org/view/d/delta-southwest-bmw-wheels/5C4n4n1oQzv6SQXudYhbNE,,gas,,clean,automatic,,,,Tsawwassen,,
2025 Ford Bronco Sport Big Bend — Lease Takeover (~30 months left),334,"16,750",0,https://www.craigslist.org/view/d/vancouver-2025-ford-bronco-sport-big/usUR968HyL9HgPFvFJbj6H,excellent,gas,grey,clean,automatic,,,4wd,Vancouver,,
Mobile Connector,350,1,0,https://www.craigslist.org/view/d/port-coquitlam-central-mobile-connector/qw8DTKzBq59ALrib7uGWV5,like new,electric,,clean,other,,,,COQUITLAM,,
Nissan Titan 2012 Factory OEM aluminum rims,380,"180,000",0,https://www.craigslist.org/view/d/surrey-north-nissan-titan-2012-factory/uB3PHCYu2i4UzxKxin2ZbV,,gas,grey,rebuilt,automatic,pickup,8 cylinders,4wd,Surrey,,
Lease Takeover – 2025 Nissan Kicks SR AWD (Cash incentive $5000),396,"8,500",0,https://www.craigslist.org/view/d/surrey-lease-takeover-nissan-kicks-sr/9Swyj4FT67GGPmfAsfbHXC,like new,gas,grey,clean,automatic,hatchback,4 cylinders,4wd,Surrey,,
AUTOART PORSCHE  CARRERA GT  DIE CAST MODEL1:18 Scale - IN THE BOX! On,475,121,0,https://www.craigslist.org/view/d/vancouver-autoart-porsche-carrera-gt/7SxF8U2atYEtq4ByZ3bk4P,new,gas,,clean,manual,,,,Vancouver,,
1992 Toyota Corolla wagon,500,"335,000",0,https://www.craigslist.org/view/d/vancouver-1992-toyota-corolla-wagon/wukcfSpaQGSemXsuhHtjaG,fair,gas,blue,clean,automatic,wagon,4 cylinders,fwd,city of vancouver,,
Alfa Romeo Rims,500,"100,000",0,https://www.craigslist.org/view/d/coquitlam-north-alfa-romeo-rims/qrYB5XbTKfCEFoCEutqXby,good,other,,clean,other,,,,South surrey,,
AUTOART PORSCHE  CARRERA GT  DIE CAST MODEL1:18 Scale - IN THE BOX! On,575,121,0,https://www.craigslist.org/view/d/vancouver-autoart-porsche-carrera-gt/tThxSkBGEzPiFCDTU14Chj,new,gas,,clean,manual,,,,Vancouver,,
Wanted Chevy astro or gmc safari van 1985-2005,604,"100,000",0,https://www.craigslist.org/view/d/vancouver-wanted-chevy-astro-or-gmc/hui2xC9Goq2mfozZXBaVGz,,gas,,clean,automatic,minivan,,,city of vancouver,,
mgb 1973 project or parts car,650,"100,000",0,https://www.craigslist.org/view/d/langley-township-southwest-mgb-1973/ikXmyaW1nnZQRsEVGNucNX,fair,gas,custom,missing,manual,convertible,4 cylinders,rwd,langley,,
1971 Cadillac Eldorado Convertible in Courtenay,650,"46,614",0,https://www.craigslist.org/view/d/vancouver-1971-cadillac-eldorado/1rmDMKWmoyx83FribHaCfN,fair,gas,white,missing,automatic,convertible,8 cylinders,fwd,Vancouver,,
2004 mini cooper Chrysler 2014,700,"200,000",0,https://www.craigslist.org/view/d/vancouver-2004-mini-cooper-chrysler-2014/kgc3xmvMuKg4WNgCRciZzG,,gas,,rebuilt,automatic,,,,Vancouver,,
Backflip mx4 tonneau cover honda ridgeline,700,100,0,https://www.craigslist.org/view/d/north-vancouver-backflip-mx4-tonneau/3tgXP5FKHug5naz1ZPToRL,,gas,,clean,automatic,pickup,,,North vancouver,,
2025 Lexus UX 300h Hybrid – Lease Takeover,737,"8,500",0,https://www.craigslist.org/view/d/west-vancouver-2025-lexus-ux-300h/aG46PoDzr3ySy3d2ik1Wpy,like new,hybrid,black,clean,automatic,SUV,4 cylinders,fwd,West Vancouver,,
2025 Nissan Ariya Evolve+ AWD – Lease Takeover,769,"33,800",0,https://www.craigslist.org/view/d/coquitlam-2025-nissan-ariya-evolve-awd/eW1sD9APA38QKEabMZL5T5,like new,electric,black,clean,automatic,SUV,,4wd,Coquitlam,,
2025 Range Rover Sport P400 Dynamic SE,775,"12,060",0,https://www.craigslist.org/view/d/vancouver-2025-range-rover-sport-p400/hFb6zKk5KGmRtYqEE4GMfM,excellent,gas,black,clean,automatic,SUV,6 cylinders,fwd,Vancouver,,
2010 Chevrolet Aveo ls burning coolant this seller Chris is a scammer,800,"200,000",0,https://www.craigslist.org/view/d/vancouver-2010-chevrolet-aveo-ls/vbfqA61JJKt8YVja6UG6UM,salvage,gas,white,rebuilt,automatic,,4 cylinders,,Vancouver,,
2010 Kia rio Chris Mashall scammer,800,"280,000",0,https://www.craigslist.org/view/d/vancouver-2010-kia-rio-chris-mashall/sMN4RSXVeD4TKgxgGv6pA4,,gas,,rebuilt,automatic,sedan,,,Vancouver,,
"2026 Ford F-150 STX 4x4 Lease Takeover — $830/mo TAX INCLUDED — 25,000",830,"7,500",0,https://www.craigslist.org/view/d/surrey-north-2026-ford-150-stx-4x4/kQvhVq1conYyJJR2NZVmRk,like new,gas,black,clean,automatic,pickup,6 cylinders,4wd,Burnaby,,
mazda 3  2005.  mechanic special,850,"306,000",0,https://www.craigslist.org/view/d/langley-township-southwest-mazda/8BCsVMzyVd1oa4aB8ZQryA,good,gas,silver,clean,manual,hatchback,4 cylinders,,langley,,
Mercedes-Benz EQB250 Lease Transfer – $888/Month,888,"52,223",0,https://www.craigslist.org/view/d/coquitlam-mercedes-benz-eqb250-lease/8iWyP5PN6gPP4xwwFuhQGU,good,electric,grey,clean,automatic,SUV,,rwd,Coquitlam,,
1988 Chevy caprice,888,"999,999",0,https://www.craigslist.org/view/d/north-vancouver-southwest-1988-chevy/wTuSXfTt99QfBXFp7qQriV,good,gas,,clean,automatic,,,,north shore,,
2003 Subaru Outback LtdNeeds head gasket work Excellent body,900,"300,000",0,https://www.craigslist.org/view/d/vancouver-2003-subaru-outback-ltdneeds/1Fge9BZgthkWTD2NuenxSC,good,gas,green,clean,automatic,wagon,4 cylinders,,Vancouver,,
235/65/17” Michelin Cross mate2 (Set of 4),900,"1,000",0,https://www.craigslist.org/view/d/surrey-michelin-cross-mate2-set-of/diZ7FrwX6B8cb3diZmyrbP,like new,other,,clean,other,,,,Surrey,,
2003 Subaru Outback LtdNeeds head gasket work Excellent body,900,"300,000",0,https://www.craigslist.org/view/d/vancouver-2003-subaru-outback-ltdneeds/nBzQ395HXrcMGPEnEcfSmv,good,gas,green,clean,automatic,wagon,4 cylinders,,Vancouver,,
2024 Ariya Platinum+ AWD Lease Takeover - 20 Mo / 42K KM Left,942,"53,914",0,https://www.craigslist.org/view/d/burnaby-2024-ariya-platinum-awd-lease/upRZ41W6s2QVUxFJb1ATpt,excellent,electric,blue,lien,automatic,SUV,other,4wd,Burnaby,JN1DF0CD8RM738314,
2006 Honda odyssey ex for part or fixed up transmission issues,950,"300,000",0,https://www.craigslist.org/view/d/burnaby-2006-honda-odyssey-ex-for-part/u55ntoXvpcxfadypCDh79F,,gas,,clean,automatic,minivan,,,Burnaby,,
short term lease taker over 8 months,959,"16,000",0,https://www.craigslist.org/view/d/delta-northeast-short-term-lease-taker/pj6dUUjXLN4bGCewjaRrqD,like new,gas,blue,clean,automatic,pickup,6 cylinders,4wd,delta/surrey/langley,,
2024 Audi Q5 45 TFSI quattro Technik (Top Trim) | Lease Takeover,999,"41,000",0,https://www.craigslist.org/view/d/north-vancouver-2024-audi-q5-45-tfsi/cihv46oSJ8RCyvuNZ5PQu7,like new,gas,blue,clean,automatic,SUV,4 cylinders,4wd,North Vancouver,,
Ford F150 4 x 4,999,"327,000",0,https://www.craigslist.org/view/d/new-westminster-northeast-ford-f150-x/hpGB5RtoC5ynZwZnAsB4jY,like new,gas,,clean,automatic,pickup,8 cylinders,,New Westminister,,
'89 Crown Victoria,1000,"183,000",0,https://www.craigslist.org/view/d/vancouver-89-crown-victoria/akjkHvzpYVdB8P7sUk2dXV,,gas,,clean,automatic,,,,Vancouver,,
1986 ford f250 diesel truck,1000,"1,111,111",0,https://www.craigslist.org/view/d/pemberton-1986-ford-f250-diesel-truck/5RkBDg6KPFyCeZ2expb5QT,,diesel,red,clean,automatic,,,,pemberton,,
1996 ford mustang,1000,"260,000",0,https://www.craigslist.org/view/d/north-vancouver-1996-ford-mustang/gCk18pQUGRQAvQVk7zFNZ7,fair,gas,white,clean,manual,coupe,6 cylinders,rwd,north shore,,
Mazda Manual 5 Speed,1000,"250,000",0,https://www.craigslist.org/view/d/vancouver-mazda-manual-speed/8xHEP6YY7yKhaDHKMjz2M9,,gas,,clean,manual,,,,city of vancouver,,
1989 Caprice Brougham,1000,"140,000",0,https://www.craigslist.org/view/d/new-westminster-southwest-1989-caprice/8DnVxWBvLyr74ampn9pp7t,fair,gas,,clean,automatic,,8 cylinders,rwd,delta/surrey/langley,,
2004 Volvo S40,1000,"250,000",0,https://www.craigslist.org/view/d/west-vancouver-north-2004-volvo-s40/9vLLDaQ2d9AGooGv6Xv5vk,fair,gas,black,clean,automatic,sedan,4 cylinders,fwd,north shore,,
Montana Pontiac. 2004,1000,240,0,https://www.craigslist.org/view/d/vancouver-montana-pontiac-2004/jiGa8Aw1DRMPuDTEdoMgW9,,gas,grey,clean,automatic,minivan,,,Vancouver,,
2025 Audi S5 Lease Takeover,1023,"3,600",0,https://www.craigslist.org/view/d/richmond-2025-audi-s5-lease-takeover/roaX8rFrsarwZZo8Db1Pfm,like new,gas,black,clean,automatic,,,,Richmond,,
"Lease Take over - 2023 BMW X3 - $1,089.47(Tax Incl.)",1090,"31,000",0,https://www.craigslist.org/view/d/vancouver-lease-take-over-bmw-tax-incl/djtnJ33VhNEaDVRzQ6RE3G,like new,gas,black,clean,automatic,SUV,4 cylinders,4wd,vancouver,,
2000 Honda Odyssey Passenger Van,1100,"260,523",0,https://www.craigslist.org/view/d/richmond-2000-honda-odyssey-passenger/535kGBPWLPL1SstCf82Ccy,good,gas,grey,clean,automatic,minivan,6 cylinders,fwd,Richmond,,
2010 Nissan Cube - Mechanic Special,1100,"308,199",0,https://www.craigslist.org/view/d/burnaby-2010-nissan-cube-mechanic/7XaaJVumPhx24RXhnuuZJn,,gas,,clean,automatic,,,,burnaby/newwest,,
2005 Nissan Altima 2.5L SL,1100,"256,000",0,https://www.craigslist.org/view/d/surrey-northeast-2005-nissan-altima-25l/ciJNCjsEUBC54YN1CT3dNi,fair,gas,red,clean,automatic,sedan,4 cylinders,fwd,Surrey,,
2004 Nissan Murano,1200,"230,000",0,https://www.craigslist.org/view/d/vancouver-2004-nissan-murano/jfP4HjCcHrjitHsZMA4E7j,good,gas,brown,clean,automatic,SUV,6 cylinders,4wd,Vancouver   Killarney,,
DODGE DIPLOMAT MOTOR HOME CAMPER,1200,"61,444",0,https://www.craigslist.org/view/d/surrey-upper-west-dodge-diplomat-motor/i7YK1RPWKW7HGLuEsxqdWX,good,gas,,clean,automatic,van,8 cylinders,rwd,NEWTON,,
"2003 BMW 320i for sale, great project car",1200,"184,117",0,https://www.craigslist.org/view/d/burnaby-2003-bmw-320i-for-sale-great/36TL8xUsCGBnNuYZVP7xiE,good,gas,silver,clean,automatic,sedan,6 cylinders,rwd,Burnaby,,
Dodge Dart 2013 to 2016 wanted,1234,"150,000",0,https://www.craigslist.org/view/d/maple-ridge-dodge-dart-2013-to-2016/9YXyWhBCeVEeXjKgBwxdKr,fair,gas,,clean,manual,sedan,4 cylinders,fwd,Fraser valley,,
WTB 1954 to 1967 corvette,1234,,0,https://www.craigslist.org/view/d/white-rock-wtb-1954-to-1967-corvette/9hyFuTg5Sdov4UjgAT1ixE,fair,gas,,clean,manual,coupe,8 cylinders,,White Rock,,
2000 Honda Civic / Does Not Run / Needs New Transmission,1250,"258,000",0,https://www.craigslist.org/view/d/port-coquitlam-south-2000-honda-civic/e8ksr8winnsXuRhEu4WMm5,,gas,,clean,automatic,,,,port coquitlam,,
1995 Honda odyssey,1250,"240,000",0,https://www.craigslist.org/view/d/vancouver-1995-honda-odyssey/2TPWCmTzSHRJu2LDcUiz4d,fair,gas,silver,clean,automatic,minivan,4 cylinders,fwd,Vancouver,,
2010 Subaru Impreza,1299,"216,000",0,https://www.craigslist.org/view/d/burnaby-2010-subaru-impreza/uYZvfGr1t9wEgUDvi7gWLm,,gas,,rebuilt,automatic,hatchback,,,city of vancouver,,
2008 Honda Civic,1300,"197,720",0,https://www.craigslist.org/view/d/vancouver-2008-honda-civic/ti58n7PzCb1P3o3QRF6VsT,,gas,,clean,automatic,,,,city of vancouver,,
"Mercedes sprinter 2500 , Lease Takeover , Lease Assumption $1,347",1347,"25,000",0,https://www.craigslist.org/view/d/north-vancouver-mercedes-sprinter-lease/fKEiiZFMdLZN1amwnTm5u7,like new,diesel,white,clean,automatic,minivan,4 cylinders,,2601 westview drive,,
"2007 Dodge Caliber Hatchback,- Gas saver",1399,"330,000",0,https://www.craigslist.org/view/d/port-coquitlam-south-2007-dodge-caliber/6QeefU37KH3MBDhtCD3wQU,fair,gas,blue,clean,automatic,hatchback,4 cylinders,fwd,Port Coquitlam,,
2000 Lexus RX350,1400,"220,000",0,https://www.craigslist.org/view/d/burnaby-2000-lexus-rx350/5eTxL6cPN1WsM1BaCxUduY,fair,gas,black,clean,automatic,SUV,6 cylinders,fwd,"Burnaby,",,
HONDA CIVIC 2007 STICK SHIFT,1400,"289,000",0,https://www.craigslist.org/view/d/north-vancouver-honda-civic-2007-stick/etaYuF6ryjnTJ1pQ6FR64m,good,gas,silver,clean,manual,sedan,4 cylinders,4wd,North vancouver,,
Lease Take Over with $7000 Cash Incentive,1495,"59,500",0,https://www.craigslist.org/view/d/north-vancouver-lease-take-over-with/8jR1vjux3suqkQpRSvyYE3,,electric,,clean,automatic,,,,north shore,,
"2014 Hyundai Elantra - 142,705 km - Runs Great - Cheap on Gas - Make Offer",1499,"142,705",0,https://www.craigslist.org/view/d/vancouver-2014-hyundai-elantra-km-runs/mJkuJAsXeziz5Qss5jf8c8,good,gas,black,missing,automatic,,4 cylinders,,Vancouver,,
2013 Chevy Sonic,1500,"190,000",0,https://www.craigslist.org/view/d/surrey-2013-chevy-sonic/a53TBEugRSMccU6acyUM8W,fair,gas,,clean,automatic,hatchback,4 cylinders,,delta/surrey/langley,,
2007 F150,1500,"250,000",0,https://www.craigslist.org/view/d/vancouver-2007-f150/wiTxku4iWhhWh3ebyv3bJi,fair,gas,,clean,automatic,pickup,6 cylinders,4wd,Vancouver / Coquitlam,,
2014 kia Sedona mini van,1500,"187,000",0,https://www.craigslist.org/view/d/surrey-2014-kia-sedona-mini-van/8E6Uo7xuLfgqAVxfTxgcyT,fair,gas,black,rebuilt,automatic,van,6 cylinders,fwd,Surrey,,
"2007 Electric, Dynasty IT, 72volts",1500,"1,234,567",0,https://www.craigslist.org/view/d/coquitlam-2007-electric-dynasty-it/1anSXDeZytAPvNuC57Z6kK,,electric,,clean,automatic,,,,Coquitlam,,
"1996 Tacoma, PARTS VEHICLE. Frame is done",1500,"394,000",0,https://www.craigslist.org/view/d/vancouver-1996-tacoma-parts-vehicle/aeUk4xhTzWnyhAdXYnyCS9,,gas,,parts only,manual,,,,Kits,,
1968 Fiat 124,1500,767,0,https://www.craigslist.org/view/d/vancouver-1968-fiat-124/rFvQ6zK9x2RC96JHdMF61U,good,gas,,clean,manual,,,,Vancouver,,
1997 Ford Taurus LX Wagon 3L 6cyl Duratec,1500,"230,000",0,https://www.craigslist.org/view/d/north-vancouver-1997-ford-taurus-lx/wkqbPrxAe6Eku6AkXKgDEd,,gas,,clean,automatic,wagon,6 cylinders,fwd,North Vancouver,,
2006 Nissan Sentra 2.0L Automatic,1500,"210,000",0,https://www.craigslist.org/view/d/vancouver-2006-nissan-sentra-20l/xvfQuo5s84K5UzTpghSdor,good,gas,silver,clean,automatic,sedan,,,city of vancouver,,
🔋 2024 BMW iX xDrive40 Lease Takeover — Black on Black,1500,"26,000",0,https://www.craigslist.org/view/d/west-vancouver-south-bmw-ix-xdrive40/55WL66CTHJKcY1Bh6EEzcQ,new,electric,black,clean,automatic,,,,West Vancouver,,
2005 Ford Explorer Eddie Bauer,1500,"205,000",0,https://www.craigslist.org/view/d/maple-ridge-2005-ford-explorer-eddie/d6kK9AwGerhsiYt7NSgwhV,excellent,gas,black,clean,automatic,SUV,8 cylinders,4wd,Maple Ridge,,
Westbrook Galvanized Utility Trailer – 4.8 ft x 12 ft,1650,"1,000",0,https://www.craigslist.org/view/d/port-coquitlam-north-westbrook/1rRCYWXHWGoVagnX3sWnu9,excellent,other,,clean,other,other,,,tricities/pitt/maple,,
2003 Mitsubishi lancer,1650,"201,000",0,https://www.craigslist.org/view/d/vancouver-2003-mitsubishi-lancer/b8tBiU3B4JUXFp9rXfYyvC,fair,gas,blue,clean,automatic,sedan,4 cylinders,fwd,city of vancouver,,
2010 Nissan Versa SL 110K km  failed transmission /Mechanic Sp,1650,"110,000",0,https://www.craigslist.org/view/d/north-vancouver-2010-nissan-versa-sl/rfWkeLNbTBUSrSnLwMqdBX,good,gas,black,clean,automatic,hatchback,4 cylinders,fwd,city of vancouver,,
2007 Honda Accord 2.4L,1750,"331,000",0,https://www.craigslist.org/view/d/vancouver-2007-honda-accord-24l/2zDT8E1vZ1WpmAySmo3igG,good,gas,grey,clean,automatic,sedan,4 cylinders,fwd,Vancouver,,
2004 Saab 9-5 Wagon,1800,"194,190",0,https://www.craigslist.org/view/d/vancouver-2004-saab-5-wagon/pCMcTSyjNtdPo63WEFoJTd,good,gas,blue,clean,automatic,wagon,4 cylinders,,Vancouver,,
"2007 F150 4x4 needs cam phaser, timing guides.",1800,"330,000",0,https://www.craigslist.org/view/d/vancouver-2007-f150-4x4-needs-cam/7X9uzw7xj2uZgz1pcc8x4Y,fair,gas,,clean,automatic,pickup,8 cylinders,rwd,New west,,
2002 mazda protege trade,1800,"225,000",0,https://www.craigslist.org/view/d/maple-ridge-northwest-2002-mazda/ufrbSDbnQW6z3MzrmirQGw,fair,gas,,clean,automatic,,4 cylinders,,Vancouver,,
2004 Toyota Camry 205k local no accident mechanic special trany issue,1800,"205,000",0,https://www.craigslist.org/view/d/burnaby-2004-toyota-camry-205k-local-no/3PuMVcHGwAwEoScPSswFgw,good,gas,brown,clean,automatic,sedan,6 cylinders,fwd,Burnaby,,
1997 Honda Accord EX-R,1825,"180,000",0,https://www.craigslist.org/view/d/burnaby-1997-honda-accord-ex/1E3RgtxNo43PDGRLKhpMaK,good,gas,silver,clean,automatic,sedan,4 cylinders,fwd,Burnaby,,
2009 Nissan versa,1950,"220,000",0,https://www.craigslist.org/view/d/vancouver-2009-nissan-versa/xtsvA3SMBF6yXE2pff3rY6,good,gas,black,clean,automatic,hatchback,4 cylinders,fwd,Vancouver,,
2010 Dodge Journey 4x4,1995,"260,000",0,https://www.craigslist.org/view/d/vancouver-2010-dodge-journey-4x4/paoZZ6UAajM1xcWFgH9TWF,good,gas,red,clean,automatic,SUV,6 cylinders,4wd,city of vancouver,,
2004,1999,"447,000",0,https://www.craigslist.org/view/d/burnaby-2004/bKKiauWLVVKxt182pYAPeB,good,gas,red,clean,automatic,van,8 cylinders,rwd,Burnaby,,
"1952 Chevy car, deluxe, split window",2000,"100,000",0,https://www.craigslist.org/view/d/surrey-1952-chevy-car-deluxe-split/ed2M2v9RghYyKCjhASyrga,,gas,,parts only,automatic,coupe,,,delta/surrey/langley,,
2006 Pontiac g5,2000,"250,000",0,https://www.craigslist.org/view/d/surrey-2006-pontiac-g5/2D3iDDvF7mEnWVt3c7Dxnx,excellent,gas,orange,clean,automatic,sedan,4 cylinders,fwd,delta/surrey/langley,,
2004 Nissan Murano,2000,"210,000",0,https://www.craigslist.org/view/d/vancouver-2004-nissan-murano/ujuj3e1jknbKmz8ANiGt5j,fair,gas,grey,clean,automatic,SUV,6 cylinders,4wd,van,,
1997 JEEP GRANDE CHEROKEE,2000,"280,000",0,https://www.craigslist.org/view/d/port-moody-1997-jeep-grande-cherokee/pREdXBPFGVhcwdNt9ZtSci,fair,gas,silver,clean,automatic,SUV,6 cylinders,4wd,PORT MOODY,,
2008 MAZDA 3 Auto,2000,"195,000",0,https://www.craigslist.org/view/d/port-coquitlam-2008-mazda-auto/41Dh9pLGsTn2LZuEiKqiaa,good,gas,blue,clean,automatic,sedan,4 cylinders,fwd,PORT COQUITLAM,,
"1992 Dodge Spirit, 4‑door sedan in great running condition.",2000,"218,919",0,https://www.craigslist.org/view/d/surrey-1992-dodge-spirit-4door-sedan-in/wr1fquvwbuatKBGngnAXMH,good,gas,blue,rebuilt,automatic,sedan,4 cylinders,fwd,"Surrey, BC, CANADA",,
"2005 Volkswagen Touareg V8 4MOTION – 170,917 km – $2,000 FIRM",2000,"170,917",0,https://www.craigslist.org/view/d/vancouver-2005-volkswagen-touareg-v8/96k68BjCDvavSrtzJSznSs,fair,gas,black,clean,automatic,SUV,8 cylinders,4wd,Vancouver,,
1990 Dodge Ram Van B250,2000,"7,999",0,https://www.craigslist.org/view/d/vancouver-1990-dodge-ram-van-b250/5NdS8G1GDQh8CS9ks57Wau,fair,gas,black,clean,automatic,pickup,8 cylinders,rwd,East Vancouver,,
2011 Mitsubishi RVR GT (AWD) - As Is (Bad Transmission),2000,"260,000",0,https://www.craigslist.org/view/d/north-vancouver-2011-mitsubishi-rvr-gt/8rFsP9mrW8degmfGxef4BR,fair,gas,white,clean,automatic,SUV,4 cylinders,4wd,North Vancouver,,
Blue Volvo 740 DL,2000,"240,000",0,https://www.craigslist.org/view/d/burnaby-blue-volvo-740-dl/vNFFmVu6wexAWfnbLNTPKz,,gas,blue,clean,automatic,,,,New Westminster,,
1982 tercel,2000,"100,000",0,https://www.craigslist.org/view/d/new-westminster-southwest-1982-tercel/8BN9gq1fjgUedWhQrgqsMf,,gas,,clean,manual,,4 cylinders,fwd,new west,,
2005 Honda Civic,2000,"194,000",0,https://www.craigslist.org/view/d/maple-ridge-northwest-2005-honda-civic/251knrfr1MJFs65LuAQ2th,good,gas,black,rebuilt,automatic,sedan,4 cylinders,fwd,"Surrey, Newton",,
1989 OLDS CUTLASS SUPREME,2100,"125,000",0,https://www.craigslist.org/view/d/surrey-upper-west-1989-olds-cutlass/7sKvdLWa2uVCw7skbUTShC,good,gas,black,clean,automatic,coupe,6 cylinders,fwd,Surrey,,
"1993 Volvo 240 Wagon | 180,000 km | 2 Owners | Runs & Drives",2100,"180,000",0,https://www.craigslist.org/view/d/vancouver-1993-volvo-240-wagon-km/urhv8mW3aNT1SDXQkXM1s8,fair,gas,grey,clean,automatic,wagon,4 cylinders,rwd,Vancouver,,
1997 Saab 900SE Convertible 2.5L V6,2197,"104,000",0,https://www.craigslist.org/view/d/vancouver-1997-saab-900se-convertible/adFXyeouPn9JKrEQ5JcVLF,good,gas,black,clean,automatic,convertible,6 cylinders,fwd,Vancouver,,
1954 VW beetle project,2200,"11,111",0,https://www.craigslist.org/view/d/surrey-1954-vw-beetle-project/eUMgNsomSp1mv1ewkDcb48,salvage,gas,,missing,manual,,,,Surrey,,
1997 Nissan Pathfinder,2200,"187,953",0,https://www.craigslist.org/view/d/vancouver-1997-nissan-pathfinder/i3D75Hd9kqccYerDC5BHwm,,gas,green,clean,automatic,SUV,,,Vancouver,,
2006 Honda Civic EX Sedan - Sunroof - Runs Great (320k+ km),2200,"320,000",0,https://www.craigslist.org/view/d/new-westminster-southwest-2006-honda/fPUZj8oi1jdfTnftnjsXzf,fair,gas,blue,clean,automatic,sedan,4 cylinders,fwd,New Westminster,,
Honda Odyssey 2003,2200,"348,000",0,https://www.craigslist.org/view/d/vancouver-honda-odyssey-2003/rN2jshyYovfWYSKygVps5G,fair,gas,brown,clean,automatic,minivan,6 cylinders,fwd,vancouver,,
2020 Hino 338D – 24’ Reefer Truck – Ready to Work – No tariff,2230,"129,626",0,https://www.craigslist.org/view/d/vancouver-2020-hino-338d-24-reefer/uozKr9hwcik94zhJ2sGPT7,good,diesel,,clean,automatic,truck,6 cylinders,,north shore,,
1973 Mercedes-Benz 280SEL (W116.025),2250,"340,281",0,https://www.craigslist.org/view/d/delta-southwest-1973-mercedes-benz/qQGCytzQDhyVSmNBGJqEYG,fair,gas,white,clean,manual,sedan,6 cylinders,rwd,Tsawwassen,,
Jeep Grand Cherokee LIMITED,2250,"254,119",0,https://www.craigslist.org/view/d/west-vancouver-jeep-grand-cherokee/c1Zu4YXvtDy6R8a3zKQvSz,fair,gas,black,clean,automatic,SUV,8 cylinders,4wd,NORTH SHORE,,
Ford F250 SuperCab 1978,2300,100,0,https://www.craigslist.org/view/d/vancouver-ford-f250-supercab-1978/8Bb1vGK5aH6Kiv3bADbcCs,,other,,clean,automatic,pickup,,,Vancouver,,
2008 chrysler 300 touring,2300,"371,000",0,https://www.craigslist.org/view/d/maple-ridge-northwest-2008-chrysler-300/mMpxmXrGMGiv9whrQGPPye,fair,gas,silver,clean,automatic,sedan,6 cylinders,rwd,Maple ridge,,
2001 Nissan Maxima,2300,"200,000",0,https://www.craigslist.org/view/d/surrey-inner-northwest-2001-nissan/97oUjRjaTuThA1YrjGNgAr,good,gas,,clean,automatic,sedan,6 cylinders,,Surrey,,
2009 Saturn Aura XE,2400,"215,000",0,https://www.craigslist.org/view/d/port-coquitlam-south-2009-saturn-aura-xe/oqcTfoupyYgYB5pc8Zt9V6,good,gas,blue,clean,automatic,sedan,4 cylinders,fwd,Port Coquitlam,,
"DECK ON SALEInternational 2007 CF600 Deck with cabin,Tire,Differential",2450,"278,965",0,https://www.craigslist.org/view/d/delta-east-central-deck-on/jxso3y2YGM2hwzX37VD53k,salvage,diesel,,clean,automatic,truck,,4wd,DELTA,3HAJEAVH88L654524,
2003 Nissan Altima,2450,"185,000",0,https://www.craigslist.org/view/d/surrey-outer-northwest-2003-nissan/nQTBNe1MqFFyjMGzrdn6Mr,,gas,,clean,automatic,sedan,,,delta/surrey/langley,,
"1956 Ford Courier Sedan Delivery, rough but restorable,rare",2450,"123,456",0,https://www.craigslist.org/view/d/vancouver-1956-ford-courier-sedan/2A1cm8CHWWz5FNqiXVcsjf,fair,gas,green,clean,other,sedan,,rwd,Vancouver,,
2006 Pontiac Montana,2450,"250,000",0,https://www.craigslist.org/view/d/surrey-inner-northwest-2006-pontiac/m7r3hSi9NxgHLNjpHHiEfG,good,gas,blue,clean,automatic,minivan,6 cylinders,fwd,Surrey BC,,
Mitsubishi outlander 2010 ( Clean title),2499,"329,000",0,https://www.craigslist.org/view/d/richmond-mitsubishi-outlander-clean/2zeRtQHTXitTDScXkFfwyG,good,gas,black,clean,automatic,SUV,6 cylinders,fwd,Richmond,,
2008 Ford Edge Limited 4WD Special Edition Clean Title,2499,"300,000",0,https://www.craigslist.org/view/d/surrey-upper-west-2008-ford-edge/72tLzWgWjgwQHRAqL6GqSP,excellent,gas,grey,clean,automatic,SUV,6 cylinders,fwd,Surrey,,
2007 Mercedes-Benz M-Class 3.5L,2500,"350,000",0,https://www.craigslist.org/view/d/north-vancouver-2007-mercedes-benz/qyR5srzSw4vd85tCAGqXZS,fair,gas,silver,clean,automatic,SUV,6 cylinders,4wd,north vancouver,4JGBB86E67A288742,
2003 Ford E 250,2500,"356,000",0,https://www.craigslist.org/view/d/coquitlam-north-2003-ford-250/hAwi9RoBY3Q1DgjMFNFKHo,fair,gas,white,clean,automatic,van,,rwd,Coquitlam North,,
Chevrolet Sonic for sale,2500,220,0,https://www.craigslist.org/view/d/burnaby-chevrolet-sonic-for-sale/xtx6N9t1X8gfiuGAobVBwn,good,gas,grey,clean,manual,sedan,4 cylinders,fwd,Burnaby,,
Mechanic Special – Chevy Van 30 HD Box Truck – Gas & Propane,2500,"1,000",0,https://www.craigslist.org/view/d/vancouver-mechanic-special-chevy-van-30/dEKyX4jFsh4Gib4taKB59d,fair,other,,clean,automatic,truck,,,city of vancouver,,
2002 Honda accord coupe,2500,"270,000",0,https://www.craigslist.org/view/d/surrey-2002-honda-accord-coupe/hUpZySVmzFgfhzb4hpWGHm,good,gas,black,clean,automatic,coupe,6 cylinders,fwd,delta/surrey/langley,,
Acura MDX 2005,2500,"228,000",0,https://www.craigslist.org/view/d/richmond-southwest-acura-mdx-2005/dPEHfGzWwwi3HRjRVPPnbv,good,gas,white,clean,automatic,SUV,6 cylinders,,richmond,,
MAZDA 3 2007,2500,"275,000",0,https://www.craigslist.org/view/d/white-rock-mazda/oKa2hiCstiPAyh4AuFMSdk,good,gas,grey,clean,automatic,sedan,,,White  rock,,
1999 Volkswagen Beetle,2500,"222,222",0,https://www.craigslist.org/view/d/new-westminster-northeast-1999/rZiiogADfYEkNyFvnzawdj,fair,gas,silver,clean,automatic,hatchback,4 cylinders,fwd,New Westminster,,
1993 Honda Civic del Sol,2500,"403,000",0,https://www.craigslist.org/view/d/north-vancouver-northwest-central-1993/tZoo87sMCj4qeucZQs8qhJ,fair,gas,blue,clean,manual,convertible,4 cylinders,fwd,North vancouver,,
1951 Chevrolet panel truck,2500,"999,999",0,https://www.craigslist.org/view/d/chilliwack-west-1951-chevrolet-panel/hW8oVvaqnvhEfUq5rAzHHb,fair,gas,grey,clean,manual,truck,6 cylinders,rwd,city of vancouver,,
Dodge Ramp van,2500,"170,000",0,https://www.craigslist.org/view/d/delta-southwest-dodge-ramp-van/8i9xkzQtbrE4Sfw2A5i1t8,fair,gas,silver,clean,automatic,minivan,6 cylinders,fwd,Tsawwassen,,
2002 Honda Accord EX - Manual Transmission,2500,"250,000",0,https://www.craigslist.org/view/d/vancouver-2002-honda-accord-ex-manual/8YD4zYyDtZV8UGCN8X5Uay,fair,gas,silver,clean,manual,sedan,4 cylinders,fwd,Kitsilano,,
Clean Title 1998 Buick Regal LS - (Automatic),2500,"226,000",0,https://www.craigslist.org/view/d/north-vancouver-clean-title-1998-buick/s6WePkYuDwY6jrVQRnuWBs,excellent,gas,,clean,automatic,sedan,6 cylinders,fwd,north shore,,
1992 GMC STEP SIDE PICK UP.,2500,"344,578",0,https://www.craigslist.org/view/d/surrey-1992-gmc-step-side-pick-up/uQCqtV716zH3i34hvibb32,good,gas,black,clean,automatic,pickup,8 cylinders,4wd,SURREY,,
1998 Navigator,2500,"212,000",0,https://www.craigslist.org/view/d/coquitlam-1998-navigator/6zUWdKjdFPFqXHurfkDeME,excellent,gas,black,clean,automatic,SUV,8 cylinders,4wd,Coquitlam,,
2014 Ford Focus (needs transmission work),2500,"147,000",0,https://www.craigslist.org/view/d/surrey-2014-ford-focus-needs/2dpHPrnqHZwsViTjQTN2rY,excellent,gas,red,clean,automatic,hatchback,4 cylinders,fwd,Surrey,,
2002 Chrysler sebring,2650,"105,000",0,https://www.craigslist.org/view/d/burnaby-2002-chrysler-sebring/vCdTcTfeWYgCzidCYzC1a6,good,gas,brown,clean,automatic,convertible,6 cylinders,,burnaby/newwest,,
"2007 Pontiac Torrent FWD,V6",2700,"162,090",0,https://www.craigslist.org/view/d/port-coquitlam-central-2007-pontiac/8TRtcwLmPFrrUDbj3jK88m,good,gas,black,clean,automatic,wagon,,fwd,Port Coquitlam,,
1992 Buick regal limited edition 3.8,2700,"185,000",0,https://www.craigslist.org/view/d/maple-ridge-1992-buick-regal-limited/oXDErNYu3ZdRn4Nq3FWjGj,excellent,gas,,clean,automatic,,6 cylinders,,tricities/pitt/maple,,
2000 Volkswagen Golf 2DR,2700,"190,000",0,https://www.craigslist.org/view/d/coquitlam-2000-volkswagen-golf-2dr/nHMwwnQhmdM8dgXmDwyvst,good,gas,blue,clean,automatic,hatchback,4 cylinders,fwd,Coquitlam,,
Bmw 320,2700,190,0,https://www.craigslist.org/view/d/port-coquitlam-bmw-320/6EawKUDxTNWy6Sku1BTjz4,good,gas,black,clean,automatic,sedan,6 cylinders,rwd,Port Coquitlam,,
2007 prius,2700,"400,000",0,https://www.craigslist.org/view/d/port-coquitlam-central-2007-prius/wKDuJyxHLuB9UpKmtnvmf5,fair,hybrid,grey,rebuilt,other,hatchback,4 cylinders,fwd,tricities/pitt/maple,,
2006 chrysler sebring,2700,"13,000",0,https://www.craigslist.org/view/d/maple-ridge-2006-chrysler-sebring/1zFZAibp4eWX6MhG9c8sh5,like new,gas,green,clean,automatic,convertible,4 cylinders,,Maple ridge,,
2008 Pontiac G5,2700,"188,000",0,https://www.craigslist.org/view/d/coquitlam-2008-pontiac-g5/3bac7go5UcHmEEg5UNWf6Q,good,gas,silver,clean,automatic,coupe,4 cylinders,fwd,Coquitlam,,
Vw golf,2750,"170,000",0,https://www.craigslist.org/view/d/victoria-south-vw-golf/5h932w7NPzubZnEeT8V5yL,,gas,,clean,manual,,,,Victoria,,
2000 Toyota Camry CE 4door + 4 New Snow Tires & Rims,2750,"313,000",0,https://www.craigslist.org/view/d/burnaby-2000-toyota-camry-ce-4door-new/amCpZXBJGj2YMH2m5Wh9Wm,good,gas,brown,clean,automatic,sedan,4 cylinders,fwd,Burnaby,,
2000 Dodge Durango SLT - WE NEED IT GONE!!!,2775,"315,500",0,https://www.craigslist.org/view/d/vancouver-2000-dodge-durango-slt-we/dzgnUBxprNPdiHd8zYBQqK,good,gas,black,clean,automatic,SUV,8 cylinders,rwd,East Vancouver,,
Long Weekend Offers! - 2000 Black Dodge Durango Needs Work!,2799,"315,500",0,https://www.craigslist.org/view/d/vancouver-long-weekend-offers-black/8k76T3R2wvBLg7hGmpLABp,good,gas,,clean,automatic,truck,8 cylinders,rwd,East Vancouver,,
2001 Honda Civic,2800,"290,000",0,https://www.craigslist.org/view/d/new-westminster-2001-honda-civic/vxxyrYTykYd26Jty1Vc1Qz,good,gas,black,clean,automatic,sedan,4 cylinders,fwd,New Westminster,,
2007 kia rio 5,2800,"293,849",0,https://www.craigslist.org/view/d/port-coquitlam-2007-kia-rio/8MZDA9QZUrh2TNLPDhRdFj,good,gas,black,clean,automatic,hatchback,,,Port Coquitlam,,
Honda Accord,2800,"316,000",0,https://www.craigslist.org/view/d/port-coquitlam-north-honda-accord/ed6hd2JKtLniDVBUG4Xoe4,good,gas,silver,clean,automatic,sedan,4 cylinders,,Port Coquitlam North,,
2015 Chevrolet Sonic LT,2800,"122,760",0,https://www.craigslist.org/view/d/vancouver-2015-chevrolet-sonic-lt/ou8vBwzqs6koLjycK8Ctmx,good,gas,black,clean,automatic,hatchback,,fwd,Mount Pleasant,,
2003 Ford Focus 5door 5speed manual ZTW Wagon,2800,"260,000",0,https://www.craigslist.org/view/d/surrey-outer-northwest-2003-ford-focus/cwfmojEr84Cu15Pd9WfMhp,good,gas,blue,clean,manual,hatchback,4 cylinders,fwd,Surrey,,
🍂 AUTUMN QUICK SALE 🍂,2800,"248,000",0,https://www.craigslist.org/view/d/vancouver-autumn-quick-sale/8AEZ3mA6k9zBaokchdZNTu,good,gas,blue,clean,manual,convertible,6 cylinders,,Vancouver,,
Snow plow truck and salting machin,2800,"300,000",0,https://www.craigslist.org/view/d/burnaby-snow-plow-truck-and-salting/nHhfwEi4aWXiJ4H3Ns68Du,,gas,,clean,automatic,truck,,,Burnaby,,
Mazda 5 2006,2800,"246,813",0,https://www.craigslist.org/view/d/burnaby-mazda/3nU9iQLeXLPRikqDCQ2m7Y,good,gas,black,rebuilt,automatic,minivan,4 cylinders,fwd,Burnaby,,
Mazda RX8,2800,"123,423",0,https://www.craigslist.org/view/d/surrey-mazda-rx8/6Xpzt872M4YJJbKS12ZzaH,good,gas,grey,clean,manual,coupe,other,rwd,Surrey,,
2011 dodge avenger sxt ac cold 4cyl gas saver,2800,"90,000",0,https://www.craigslist.org/view/d/surrey-east-2011-dodge-avenger-sxt-ac/gz61f5EBJXijDDGLWsBZmi,,gas,,clean,automatic,,,,delta/surrey/langley,,
"Mercedes Benz C320 V6 engine 2-door black coupe, $2,900 or best reasonable offer",2900,"160,000",0,https://www.craigslist.org/view/d/burnaby-mercedes-benz-c320-v6-engine/wqSWMMRv1XLQRia9WWsCSV,fair,gas,black,clean,automatic,coupe,6 cylinders,rwd,Burnaby,,
Nissan Rogue S AWD 2011,2900,"216,500",0,https://www.craigslist.org/view/d/vancouver-nissan-rogue-awd-2011/hX9BuPh9z3Z4AXGt9vzCjf,good,gas,grey,clean,automatic,SUV,4 cylinders,4wd,Kitsilano,JN8AS5MV9BW273234,
Porsche Cayenne,2900,"285,000",0,https://www.craigslist.org/view/d/surrey-northeast-porsche-cayenne/6h7sVmY6VAosvCmY3DnJK4,,gas,,clean,automatic,SUV,,,delta/surrey/langley,,
1989 Ford F-250 SuperCab 5.8L V8 – Reliable Daily Workhorse,2900,"400,000",0,https://www.craigslist.org/view/d/richmond-southwest-1989-ford-250/93fVQRqAhMEDWo8nPTMRsD,good,other,,clean,automatic,pickup,,,richmond,,
1999 Honda Civic EX 5 Speed Manual Air Conditioning American Model,2900,"245,540",0,https://www.craigslist.org/view/d/surrey-1999-honda-civic-ex-speed-manual/aJ61Lzwd585aHMpaQismUT,excellent,gas,grey,clean,manual,coupe,4 cylinders,fwd,Surrey,,
2002 Volvo S40,2900,"203,600",0,https://www.craigslist.org/view/d/maple-ridge-2002-volvo-s40/6nPEPq2eH71qQUSvKF9W7u,good,gas,,clean,automatic,sedan,4 cylinders,fwd,Maple Ridge,,
2009 Hyundai Elantra,2900,"221,000",0,https://www.craigslist.org/view/d/vancouver-2009-hyundai-elantra/9hr9xHA4htHx5r4GeHkwU1,,gas,,clean,automatic,,,,city of vancouver,,
02 Nissan Maxima,2900,"208,000",0,https://www.craigslist.org/view/d/white-rock-02-nissan-maxima/5aiq5o9CyFrBrtAfBsE4tB,good,gas,silver,clean,automatic,sedan,6 cylinders,fwd,White Rock,,
1973 Cougar XR7 convertible,2900,"100,000",0,https://www.craigslist.org/view/d/surrey-1973-cougar-xr7-convertible/jkW9UieopcUDDDpJkBs6Vd,,gas,,clean,automatic,convertible,,,delta/surrey/langley,,
Trade &add. Cash to my 1994 gmc 4×4truck extra cab,2950,"600,000",0,https://www.craigslist.org/view/d/surrey-trade-add-cash-to-my-1994-gmc/p5SgS5TUPUByurK5wHushG,excellent,gas,blue,clean,automatic,truck,8 cylinders,4wd,Surrey campbell heights,,
1994 gmc  4x4 truck extra cab nice condition,2950,"600,000",0,https://www.craigslist.org/view/d/surrey-1994-gmc-4x4-truck-extra-cab/69FCi1yiCFPF8zqEwEqScz,excellent,gas,blue,clean,automatic,truck,8 cylinders,4wd,Surrey campbell heights,,
1976 Cadillac Eldorado Convertible in Aldergrove /Mainland,2950,"72,377",0,https://www.craigslist.org/view/d/vancouver-1976-cadillac-eldorado/9KeFW6LkbBZqyXvniodsjB,fair,gas,yellow,clean,automatic,convertible,8 cylinders,fwd,Vancouver,,
2008 Volkswagen GOLF,2990,"256,000",0,https://www.craigslist.org/view/d/burnaby-2008-volkswagen-golf/ikN27n4YNWaskjs4LUMCBB,good,gas,black,clean,automatic,hatchback,4 cylinders,,city of vancouver,,
2009 all wheel drive tiguan Volkswagen,2999,"206,000",0,https://www.craigslist.org/view/d/north-vancouver-2009-all-wheel-drive/nBLBJ1KLwA8SymbjiBp4Co,good,gas,silver,clean,automatic,SUV,4 cylinders,4wd,north vancouver,,
2004 DODGE POWER RAM 1500 QUAD CAB 4DR 6-SEATS CLEAN TITLE WORK LI,2999,"264,000",0,https://www.craigslist.org/view/d/new-westminster-southwest-2004-dodge/qaXigPKEwRKE8PTLb5N22t,,gas,silver,clean,automatic,pickup,8 cylinders,rwd,burnaby/newwest,,
2004 GMC envoy 7 pass,2999,"245,000",0,https://www.craigslist.org/view/d/richmond-west-2004-gmc-envoy-pass/kb4iPBDEx1Bx8YjW6UE8Tu,,gas,,clean,automatic,SUV,,4wd,South Vancouver,,
2-Door Honda Civic 2007,3000,"276,000",0,https://www.craigslist.org/view/d/surrey-door-honda-civic-2007/irzpYS9qoFFa7SutQSzSGQ,good,gas,black,clean,automatic,coupe,4 cylinders,fwd,Surrey,,
2013 BMW for Sale,3000,"116,657",0,https://www.craigslist.org/view/d/campbell-river-central-2013-bmw-for-sale/2BDfGjKoRiPtKvNv67qFD3,good,gas,black,parts only,manual,SUV,,,city of vancouver,,
2007 Hyundai Santa Fe,3000,"215,000",0,https://www.craigslist.org/view/d/north-vancouver-2007-hyundai-santa-fe/sjjWbD6f2eBk4iDFYnZq4B,good,gas,silver,clean,automatic,SUV,,,NORTH VANCOUVER,,
2012 Ford Focus,3000,"205,000",0,https://www.craigslist.org/view/d/port-coquitlam-2012-ford-focus/wSuCYRKdk6d8mxX1Jk5hFQ,fair,gas,grey,clean,automatic,hatchback,4 cylinders,fwd,Port Coquitlam,,
2007  volvo s60,3000,"154,405",0,https://www.craigslist.org/view/d/surrey-east-2007-volvo-s60/sXuDr2tEKTBsfMQUncqfLz,good,gas,grey,clean,automatic,sedan,5 cylinders,fwd,surrey,,
2001 Volvo V70 T5,3000,"328,626",0,https://www.craigslist.org/view/d/coquitlam-2001-volvo-v70-t5/kdtHJd4e26t666eceNm65A,good,gas,red,clean,automatic,wagon,5 cylinders,fwd,Coquitlam,,
Rare 1968 Lincoln Continental coupe,3000,82,0,https://www.craigslist.org/view/d/new-westminster-northeast-rare-1968/oc6y8MetDsJpjFByBtDoQR,good,gas,,clean,automatic,,,,New west,,
CHRYSLER PT,3000,"207,200",0,https://www.craigslist.org/view/d/richmond-chrysler-pt/mwXz4wSyruQTWKWHA2acyX,like new,gas,,clean,automatic,,4 cylinders,,Richmond,,
2011 Subaru Impreza AWD,3000,"325,000",0,https://www.craigslist.org/view/d/squamish-2011-subaru-impreza-awd/3DQhgBXiYJDcdBKfQ7n8x7,,gas,,clean,manual,hatchback,,,city of vancouver,,
"2011 Ford Escape V6 3.0L, Grey, AWD, 315,500 km, Automatic",3000,"315,500",0,https://www.craigslist.org/view/d/vancouver-2011-ford-escape-v6-30l-grey/ejnZbUp3vccVsRs5gTqHoQ,good,gas,grey,clean,automatic,SUV,6 cylinders,4wd,east vancouver,,
2003 Cadillac Deville,3000,"206,000",0,https://www.craigslist.org/view/d/vancouver-2003-cadillac-deville/wqfe1UBhSWXRP886MPxLkA,,gas,,clean,automatic,,,,city of vancouver,,
DODGE JOURNEY,3000,"202,000",0,https://www.craigslist.org/view/d/surrey-dodge-journey/oYsbpS3dnrBR5NDx9YMqMr,good,gas,black,clean,automatic,SUV,4 cylinders,fwd,Surrey,,
SELLING/Possible Trade? For our 2000 Black Durango Slt,3000,"315,555",0,https://www.craigslist.org/view/d/vancouver-selling-possible-trade-for/qwEFCq2BnUxxRoMKkPMQHR,,gas,,clean,automatic,truck,,,East Vancouver,,
2008 Mercedes B200 Turbo,3000,"183,000",0,https://www.craigslist.org/view/d/surrey-inner-northwest-2008-mercedes/gURNWx19tTnusLMhAGVgBL,good,gas,,clean,automatic,wagon,4 cylinders,fwd,SURREY,,
Toyota Corolla,3100,"290,000",0,https://www.craigslist.org/view/d/west-vancouver-north-toyota-corolla/hgtToBMDLWBLFWEUBHC4gS,good,gas,grey,clean,manual,sedan,4 cylinders,fwd,north shore,,
Mercedes 300 TD Wagon,3200,"178,811",0,https://www.craigslist.org/view/d/vancouver-mercedes-300-td-wagon/e5rewvnJ7bwUFEr5jwPB2F,fair,diesel,white,clean,automatic,wagon,6 cylinders,rwd,Vancouver,,
Ford Escape Limited,3200,"306,000",0,https://www.craigslist.org/view/d/vancouver-ford-escape-limited/hxKHGdCjQmQZ9NBmp9S4P9,good,gas,grey,rebuilt,automatic,SUV,6 cylinders,4wd,city of vancouver,,
2007 Honda Civic Coupe Dx 250k Ontario registered,3200,"250,000",0,https://www.craigslist.org/view/d/vancouver-2007-honda-civic-coupe-dx/dSyXUQKxa6yx94e7tLx8xi,good,gas,red,clean,automatic,coupe,4 cylinders,fwd,Burnaby,,
2007 SATURN VUE (Honda engine and t/m),3200,"240,000",0,https://www.craigslist.org/view/d/surrey-north-2007-saturn-vue-honda/ktHfmDiJsvvf3qq82VzR6s,excellent,gas,silver,rebuilt,automatic,SUV,6 cylinders,fwd,Surrey,,
PT Cruiser,3200,"175,000",0,https://www.craigslist.org/view/d/surrey-pt-cruiser/3TgKP63bNSkqChakxaNno3,excellent,gas,red,clean,automatic,hatchback,4 cylinders,fwd,Surrey,,
PT Cruiser,3200,"175,000",0,https://www.craigslist.org/view/d/surrey-pt-cruiser/3G6xydC7NecYE4RYJVW7PV,excellent,gas,red,clean,automatic,hatchback,4 cylinders,fwd,Surrey,,
TOYOTA MATRIX,3250,"248,500",0,https://www.craigslist.org/view/d/surrey-north-toyota-matrix/dEvz6tmbfzDGrbVxkGHhab,good,gas,silver,clean,automatic,hatchback,4 cylinders,fwd,SURREY,,
2008 Suzuki Swift+,3250,"143,000",0,https://www.craigslist.org/view/d/richmond-2008-suzuki-swift/jnJ6st5DpQNtcCNP8H4iR9,good,gas,blue,clean,automatic,hatchback,4 cylinders,fwd,richmond,,
2004 Honda Civic Coupe Si (5-Speed Manual),3300,"292,995",0,https://www.craigslist.org/view/d/burnaby-2004-honda-civic-coupe-si-speed/x42v1aXSBRXP8V4oowgybS,good,gas,blue,clean,manual,coupe,4 cylinders,fwd,city of vancouver,,
Lexus RX400h 2008,14888,"124,500",0,https://www.craigslist.org/view/d/port-coquitlam-central-lexus-rx400h-2008/tiBra9avcr5ztQ5uRzXWbr,good,hybrid,,rebuilt,automatic,SUV,6 cylinders,4wd,tricities/pitt/maple,,
FORD EDGE,3350,"375,300",0,https://www.craigslist.org/view/d/surrey-north-ford-edge/cvVANHpdTsgXiCuAcKvmvF,good,gas,silver,clean,automatic,SUV,6 cylinders,fwd,SURREY,,
2010 Dodge Journey - very low kilometers,8400,"23,000",0,https://www.craigslist.org/view/d/new-westminster-southwest-2010-dodge/kAjwKkuHvYzWdX3p5LkFXx,like new,gas,grey,clean,automatic,SUV,4 cylinders,fwd,New Westminster,,
2006 Honda crv,3400,"276,441",0,https://www.craigslist.org/view/d/surrey-outer-northwest-2006-honda-crv/cghyGEJcM67bcPo9Podpwz,fair,gas,black,rebuilt,automatic,SUV,4 cylinders,4wd,Surrey,,
2010 Ford Edge SEL AWD SUV,3700,"240,000",0,https://www.craigslist.org/view/d/burnaby-2010-ford-edge-sel-awd-suv/3ZcEbp2NRELTk8V2csuwNg,excellent,gas,silver,clean,automatic,SUV,6 cylinders,4wd,Burnaby,,
(2014) Kia Sportage SUV - Brand New Engine,11500,"146,411",0,https://www.craigslist.org/view/d/surrey-north-2014-kia-sportage-suv/i7uSscnJfMs1eVzpXnPuqc,excellent,gas,red,clean,automatic,SUV,,,Surrey,,
"Mazda 3 great price, serviced.",5900,"220,000",0,https://www.craigslist.org/view/d/burnaby-mazda-great-price-serviced/sGskvmkpHjT1XxFB6XAvtF,,gas,,rebuilt,automatic,sedan,,,city of vancouver,,
Toyota Prius 2015,18900,"110,000",0,https://www.craigslist.org/view/d/burnaby-toyota-prius-2015/hbuqXN2yn7XDtaga7Az1Wv,like new,hybrid,silver,clean,automatic,hatchback,4 cylinders,fwd,burnaby,,
Mazda 3 2014,5400,"225,000",0,https://www.craigslist.org/view/d/burnaby-mazda/3jpQ2JS2UHxLFMHWsc29qB,,gas,,rebuilt,automatic,sedan,,,city of vancouver,,
BMV X1 2016,13800,"122,000",0,https://www.craigslist.org/view/d/delta-southeast-bmv-x1-2016/nDGKxuS1fBCHq5WaGETvAN,excellent,gas,grey,clean,automatic,sedan,4 cylinders,,Delta,,
*** CLASSIC C4 CORVETTE -REMOVABLE TARGA TOP ***,12500,"157,400",0,https://www.craigslist.org/view/d/vancouver-classic-c4-corvette-removable/gHehYwSpcxGhCyEw4ki69N,good,gas,grey,clean,automatic,coupe,8 cylinders,rwd,Vancouver,,
1991 Delica L300 high roof with crystal light roof,3500,"239,000",0,https://www.craigslist.org/view/d/vancouver-1991-delica-l300-high-roof/op8jum5requJciJyfn4Vji,good,diesel,blue,clean,automatic,van,4 cylinders,4wd,Vancouver,,
1990 Mitsubishi Delica L300 That has been tastefully camperized.,8500,"285,000",0,https://www.craigslist.org/view/d/vancouver-1990-mitsubishi-delica-l300/phfQ5FyLBPnzpcRyVZhkbk,good,diesel,grey,clean,automatic,,4 cylinders,4wd,Vancouver,,
1986 chevy camaro iroc z - 5spd manual t-top collector plated original 32km,30000,"32,000",0,https://www.craigslist.org/view/d/vancouver-1986-chevy-camaro-iroc-5spd/wtgcieSCL4rALuhtHxopb5,like new,gas,red,clean,manual,coupe,8 cylinders,rwd,Vancouver,,
2018 TACOMA -  ONLY  2366  KM - ONE ONLY !,38000,"2,359",0,https://www.craigslist.org/view/d/vancouver-2018-tacoma-only-2366-km-one/nit97iW186YQhpr1o7KY21,like new,gas,,clean,automatic,pickup,4 cylinders,rwd,East Vancouver,,
2012 WHITE RAM VAN C/V...,3350,"352,500",0,https://www.craigslist.org/view/d/vancouver-2012-white-ram-van-v/hEJ3668tcY2Kq62KqPZRon,good,gas,white,clean,automatic,van,6 cylinders,fwd,Vancouver BC,,
"2003 Audi A4 Cabriolet Convertible — 195,000 km — Clean Title",3800,"19,500",0,https://www.craigslist.org/view/d/burnaby-2003-audi-a4-cabriolet/voibTFf19AKxoJNxtJEiav,excellent,gas,grey,clean,automatic,,6 cylinders,fwd,Burnaby,,
2002 BMW 525i (E39) – Rare 5-Speed Manual Transmission,9000,"235,000",0,https://www.craigslist.org/view/d/richmond-2002-bmw-525i-e39-rare-speed/gvJBorRAi4MVi2ZXvd7WQj,excellent,gas,silver,clean,manual,sedan,6 cylinders,rwd,Richmond,,
2001 BMW 740iL (E38),28000,"145,000",0,https://www.craigslist.org/view/d/richmond-2001-bmw-740il-e38/3SgWESoVdATqwj35mfUGZp,excellent,gas,silver,clean,automatic,sedan,,,Richmond,,
2001 Toyota Hiace Grand Cabin Highroof 4WD Turbo Diesel Campervan,39000,"119,000",0,https://www.craigslist.org/view/d/vancouver-2001-toyota-hiace-grand-cabin/k6szgVHxh9xN58vU8LA2bv,excellent,diesel,silver,clean,automatic,van,4 cylinders,4wd,Vancouver,,
2011 Mercedes-Benz ML 350 Bluetec,3500,"280,000",0,https://www.craigslist.org/view/d/vancouver-2011-mercedes-benz-ml-350/s5jeiDJNGctEpcTsZXsY7J,good,diesel,black,clean,automatic,SUV,6 cylinders,4wd,Vancouver,,
1989 Nissan S-Cargo (aka Snail),10800,"63,000",0,https://www.craigslist.org/view/d/burnaby-1989-nissan-cargo-aka-snail/i7mE9hXG9ZDXaVyhd5bVBy,good,gas,white,clean,automatic,van,4 cylinders,fwd,Vancouver,,
"1995 Ford Escort Wagon, Senior-Owned, 218k, Collector Plate Candidate",3600,"218,887",0,https://www.craigslist.org/view/d/oak-bay-south-1995-ford-escort-wagon/ea7pM73P6b82wAL29MQzDj,,gas,,clean,automatic,wagon,,,Victoria BC,,
2017 Ford Transit T-350 PASSENGER GREAT CONDITION,10950,"108,000",0,https://www.craigslist.org/view/d/burnaby-2017-ford-transit-350-passenger/nex2sVSACryft4gjBqrcUd,excellent,gas,white,clean,automatic,truck,6 cylinders,rwd,Burnaby,,
2008 PORSCHE 911,113641,"73,000",0,https://www.craigslist.org/view/d/vancouver-2008-porsche-911/kuZeuGMF2i8TkDnnLDDF3F,,gas,,clean,automatic,coupe,,,city of vancouver,,
2008 Infiniti G35X AWD,6000,"187,000",0,https://www.craigslist.org/view/d/vancouver-2008-infiniti-g35x-awd/9cetYmmRYsmpkWmZPUX6NS,excellent,gas,white,rebuilt,automatic,sedan,6 cylinders,4wd,Vancouver,,
2010 Mercedes C250 4Matic,7200,"137,000",0,https://www.craigslist.org/view/d/vancouver-2010-mercedes-c250-4matic/cW1P3FXCNWEguaPggYxUZz,excellent,gas,grey,rebuilt,automatic,coupe,6 cylinders,4wd,Vancouver,,
"Kia Optima Hybrid, 2012",8499,"120,000",0,https://www.craigslist.org/view/d/vancouver-kia-optima-hybrid-2012/xA7ubtnTDqkcQZwsGZBWCd,excellent,hybrid,black,clean,automatic,sedan,,,Vancouver,,
"2011 Mercedes AMG C350 4MATIC, 37,842 KM",13500,"37,842",0,https://www.craigslist.org/view/d/vancouver-2011-mercedes-amg-c350-4matic/73tQ7xrGbL1w2uotnbaUZ7,like new,gas,silver,clean,automatic,sedan,6 cylinders,4wd,Vancouver,,
"2015 Nissan Frontier PRO 4X Crew Cab, 77,000 KM",21500,"77,000",0,https://www.craigslist.org/view/d/vancouver-2015-nissan-frontier-pro-4x/h3odcSP2m12dJwBqe19sGn,like new,gas,grey,rebuilt,automatic,pickup,6 cylinders,4wd,Vancouver,,
Hyundai Genesis Coupe 2.0t MТ,12500,"110,000",0,https://www.craigslist.org/view/d/vancouver-hyundai-genesis-coupe-20t/w89N3W8rrpAtddque31YNU,like new,gas,red,clean,manual,coupe,4 cylinders,rwd,West end of Downtown Vancouver,KMHHT6KD5CU066856,
2019 Toyota Camry SE 140K KMS PERFECT CONDITION,13950,"140,000",0,https://www.craigslist.org/view/d/burnaby-2019-toyota-camry-se-140k-kms/hmiZWaDFVVeRYjGufcUvnA,excellent,gas,white,rebuilt,automatic,sedan,4 cylinders,fwd,Burnaby,,
2015 Mitsubishi Mirage Fully Loaded Clean Reliable,7980,"169,000",0,https://www.craigslist.org/view/d/north-vancouver-2015-mitsubishi-mirage/6u5myddRrcUhwbYtNJHCb1,excellent,gas,blue,clean,automatic,hatchback,3 cylinders,fwd,Only 169K! Super Cheap on Gas!,,
Chevy spark 2019 low k.m,5900,"95,000",0,https://www.craigslist.org/view/d/coquitlam-chevy-spark-2019-low-km/59jwhjBYCh6KW6AscRFx8P,excellent,gas,blue,rebuilt,automatic,hatchback,4 cylinders,fwd,Coquitlam,,
"2020 Hyundai Elantra 124,000 kms CLEAN TITLE FINANCING AVAILABLE",9850,"124,000",0,https://www.craigslist.org/view/d/burnaby-2020-hyundai-elantra-kms-clean/u8vJE5dRvvifTfrJ4C7rRi,,gas,grey,clean,automatic,sedan,4 cylinders,fwd,Burnaby,,
2018 Mercedes Benz C300 4Matic Coupe in Pristine Condition,31900,"41,000",0,https://www.craigslist.org/view/d/vancouver-2018-mercedes-benz-c300/uihWspscCL8qtMAGwQYdj1,like new,gas,black,clean,automatic,coupe,,4wd,Yaletown,,
2021 MINI Hardtop 2 Door John Cooper Works,37500,"43,800",0,https://www.craigslist.org/view/d/vancouver-2021-mini-hardtop-door-john/cH5H22seKJf7tTexHvxhnV,excellent,gas,black,clean,automatic,hatchback,4 cylinders,fwd,Vancouver,WMWXR9C09M2N02615,
LAMBORGHINI DAMAGED  FOR SALE,200000,"8,888",0,https://www.craigslist.org/view/d/langley-city-lamborghini-damaged-for/pK3aSc7rum5n7aahrX3NQq,,gas,,salvage,automatic,,,,city of vancouver,,
Hyundai Elantra 2016,6000,"198,200",0,https://www.craigslist.org/view/d/vancouver-hyundai-elantra-2016/6iw6Bwy6rNr9PCjYK1aJ9x,good,gas,grey,clean,automatic,sedan,6 cylinders,fwd,city of vancouver,,
"2011 Nissan Juke, low mileage and well maintained",7000,"94,000",0,https://www.craigslist.org/view/d/white-rock-2011-nissan-juke-low-mileage/hc9EoCNw7b3K6WiRkNQsQq,excellent,gas,,clean,automatic,,,,White Rock,,
2012 Mini Cooper Countryman S All 4 AWD 64k km only!,13900,"64,000",0,https://www.craigslist.org/view/d/richmond-2012-mini-cooper-countryman/rv8WmfyjqSuMSpUHLmEtQS,excellent,gas,,clean,automatic,SUV,4 cylinders,4wd,Vancouver,WMWZC5C50CWL57809,
2016 Kia Sportage,7900,"170,000",0,https://www.craigslist.org/view/d/vancouver-2016-kia-sportage/c6HH4XvLZdJPr3T9GzzJNv,good,gas,white,clean,automatic,SUV,,,Vancouver,,
2008 Nissan Versa Hatchback (new transmission!),4500,"161,000",0,https://www.craigslist.org/view/d/vancouver-2008-nissan-versa-hatchback/vMLDH9UijUXBfLJnDZTLZm,good,gas,silver,clean,automatic,hatchback,4 cylinders,fwd,city of vancouver,,
2013 Honda Civic LX,13999,"96,000",0,https://www.craigslist.org/view/d/vancouver-2013-honda-civic-lx/hhNN1WZNEmsTiV6TCQ8pY5,like new,gas,,clean,automatic,sedan,4 cylinders,,city of vancouver,,
1970 buick skylark coupe,25000,"108,000",0,https://www.craigslist.org/view/d/north-vancouver-outer-east-1970-buick/3pA3HHrVLwitpTHqWAEnGq,like new,gas,brown,clean,automatic,coupe,8 cylinders,rwd,Deep cove,,
2013 Lincoln Mkt Limousine,33888,"150,000",0,https://www.craigslist.org/view/d/richmond-2013-lincoln-mkt-limousine/5XtX2H6ZaFsKFdK5bXiiK4,like new,gas,black,clean,automatic,SUV,other,4wd,Richmond,,
2011 toyota tacoma (clean title),15000,"329,000",0,https://www.craigslist.org/view/d/vancouver-2011-toyota-tacoma-clean-title/4o7pqY1GQo878e1ZtSwywT,excellent,gas,white,clean,automatic,pickup,6 cylinders,4wd,Vancouver,,
2011 toyota tacoma (clean title),15000,"329,000",0,https://www.craigslist.org/view/d/vancouver-2011-toyota-tacoma-clean-title/5fPoqCtS5jjkWazaDrXTHo,excellent,gas,white,clean,automatic,pickup,6 cylinders,4wd,Vancouver,,
2011 toyota tacoma (clean title),15000,"329,000",0,https://www.craigslist.org/view/d/vancouver-2011-toyota-tacoma-clean-title/aSSnNPVwYQydaeGd8iShGC,excellent,gas,white,clean,automatic,pickup,6 cylinders,4wd,Vancouver,,
2011 toyota tacoma (clean title),15000,"329,000",0,https://www.craigslist.org/view/d/vancouver-2011-toyota-tacoma-clean-title/tH2wCMP5Wt6taPqgXSjSQw,excellent,gas,white,clean,automatic,pickup,6 cylinders,4wd,Vancouver,,
Volkswagen Euro van weekender,12950,"231,043",0,https://www.craigslist.org/view/d/vancouver-volkswagen-euro-van-weekender/3QasRxVwwjd9k6ymoAJpxx,excellent,gas,blue,clean,automatic,van,6 cylinders,fwd,Vancouver,,
Volkswagen Euro van,12950,"235,054",0,https://www.craigslist.org/view/d/vancouver-volkswagen-euro-van/jrzKttY4oGCJqcCK7osHH3,excellent,gas,blue,clean,automatic,van,6 cylinders,fwd,Vancouver,,
2018 Ford Escape AWD • Ford Replacement Engine • Full History •,10950,"167,512",0,https://www.craigslist.org/view/d/vancouver-2018-ford-escape-awd-ford/hRaDC2kxfyywWqgdbecMzm,excellent,gas,white,clean,automatic,SUV,4 cylinders,4wd,Vancouver,,
BMW M3 Convertible,28888,"104,773",0,https://www.craigslist.org/view/d/vancouver-bmw-m3-convertible/rkJjQTaQ4uC1HKuVC4sxET,excellent,gas,black,clean,manual,convertible,6 cylinders,rwd,Vancouver,,
BMW M3 Convertible,28888,"104,773",0,https://www.craigslist.org/view/d/vancouver-bmw-m3-convertible/sTbvj2fsUzVXJk1sj4roA8,excellent,gas,black,clean,manual,convertible,6 cylinders,rwd,Vancouver,,
Subaru rally car 22b,39950,"1,850",0,https://www.craigslist.org/view/d/vancouver-subaru-rally-car-22b/ocbmXttmtnQUe34QodPPc1,excellent,gas,white,clean,manual,coupe,4 cylinders,4wd,Chinatown,,
2002 Porsche 911,45000,"100,000",0,https://www.craigslist.org/view/d/vancouver-2002-porsche-911/8AdraLWaXYBsDEZ4Zf1Y2V,like new,gas,grey,clean,automatic,coupe,6 cylinders,rwd,city of vancouver,,
2019 Mini JCW,23800,"120,000",0,https://www.craigslist.org/view/d/vancouver-2019-mini-jcw/nuFK9MgknhuyMEzJ7U8mk1,excellent,gas,black,clean,automatic,hatchback,4 cylinders,fwd,city of vancouver,,
Audi Q5 Hybrid,13500,"160,000",0,https://www.craigslist.org/view/d/vancouver-audi-q5-hybrid/fiQPWKHcFF6NUxFHWNWWL3,excellent,hybrid,black,clean,automatic,SUV,4 cylinders,4wd,city of vancouver,,
"1956 Chevrolet Sedan Delivery, rare 1448 built in Oshawa",11450,"1,234",0,https://www.craigslist.org/view/d/vancouver-1956-chevrolet-sedan-delivery/ewXgdPTPcLV4Q8yvFXyzSX,good,gas,red,clean,automatic,sedan,8 cylinders,rwd,Vancouver,,
1951 Studebaker Champion Bullet nose 2 Door sedan,10450,"67,165",0,https://www.craigslist.org/view/d/vancouver-1951-studebaker-champion/dC8xpe6xgtQWUv5tRDez1y,good,gas,yellow,clean,manual,sedan,6 cylinders,rwd,Vancouver,,
"2010 Chevrolet Malibu Hybrid, 4 door sedan",4450,"206,388",0,https://www.craigslist.org/view/d/vancouver-2010-chevrolet-malibu-hybrid/m3vqaQLsa4BvGeKS6PvLtp,excellent,hybrid,silver,clean,automatic,sedan,4 cylinders,fwd,Vancouver,,
"1955 Ford Sedan Delivery Courier, Green,rare, only 7754 made",5950,"123,456",0,https://www.craigslist.org/view/d/vancouver-1955-ford-sedan-delivery/oqSAVyXbtfVKpmKYaR3hyq,good,gas,green,clean,automatic,sedan,8 cylinders,rwd,Vancouver,,
Cadillac lyric Luxury 3,65000,"22,000",0,https://www.craigslist.org/view/d/burnaby-cadillac-lyric-luxury/2LSubvS4wSgs52zPx3CstU,like new,electric,white,clean,automatic,SUV,other,rwd,Burnaby,,
WANTED DODGE DIESEL 4X4 2500 3500 ANY CONDTION,28888,"888,888",0,https://www.craigslist.org/view/d/langley-township-southwest-wanted-dodge/5npS3oPKSPxkEFTML7vUgC,good,diesel,custom,clean,other,,6 cylinders,,city of vancouver,,
2011 Nissan Rogue SL AWD,5800,"212,300",0,https://www.craigslist.org/view/d/vancouver-2011-nissan-rogue-sl-awd/qNtPthXQYZ5yuAY2pCgNWH,,gas,,clean,automatic,SUV,,,Vancouver,JN8AS5MV1BW270263,
2004 Civic SiR EP3,4500,"290,000",0,https://www.craigslist.org/view/d/vancouver-2004-civic-sir-ep3/c1n1W3CQHNYb5D5FBEMk3S,good,gas,black,clean,manual,hatchback,4 cylinders,fwd,East Vancouver,,
2009 LEXUS HS250h Right Hand Drive,14888,"74,000",0,https://www.craigslist.org/view/d/vancouver-2009-lexus-hs250h-right-hand/85XwV5SxgqK4Av985PDaF9,like new,hybrid,black,clean,automatic,sedan,4 cylinders,fwd,Vancouver,,
2006 Toyota MR-S V-Edition 97K Right Hand Drive,14200,"97,080",0,https://www.craigslist.org/view/d/vancouver-2006-toyota-mr-v-edition-97k/dDYczshdsPtChDKuUnwdnb,excellent,gas,green,clean,manual,convertible,4 cylinders,rwd,Vancouver,,
2004 Mitsubishi Pajero Exceed 3.0L 137K,15288,"137,000",0,https://www.craigslist.org/view/d/vancouver-2004-mitsubishi-pajero-exceed/knyZ7xJ7dF9HnMEcvmpV2x,excellent,gas,white,clean,automatic,SUV,6 cylinders,4wd,Vancouver,,
Summer's still here: VW Cabriolet,5000,"267,000",0,https://www.craigslist.org/view/d/vancouver-summers-still-here-vw/6xwSmS5wq9Rph5sA8Dt7xZ,excellent,gas,orange,clean,manual,,4 cylinders,fwd,South Vancouver,,
For sale,42500,"32,137",0,https://www.craigslist.org/view/d/vancouver-for-sale/kgc71R52a7oNtckGfZkocD,like new,gas,black,clean,automatic,truck,8 cylinders,4wd,Vancouver,,
2014 Acura RDX SUV Advanced Tech Package,18550,"123,429",0,https://www.craigslist.org/view/d/vancouver-2014-acura-rdx-suv-advanced/9UgSA8UaMz5yKZKvHkd7jY,good,gas,white,clean,automatic,SUV,6 cylinders,4wd,Vancouver,,
2000 Toyota Corolla,3500,"272,000",0,https://www.craigslist.org/view/d/vancouver-2000-toyota-corolla/53447RdKm6xgWj2SN1jGjK,,gas,,clean,manual,sedan,,,Vancouver,,
2006 BMW 325i,4500,"212,600",0,https://www.craigslist.org/view/d/vancouver-2006-bmw-325i/9iR5uDwf9UMMRhY7pctrM3,good,gas,black,clean,automatic,sedan,,4wd,Vancouver,,
2012 Mercedes Benz c300 4matic,9800,"203,000",0,https://www.craigslist.org/view/d/vancouver-2012-mercedes-benz-c300-4matic/7BKWkjRRBVTWzFRwyeFrCh,like new,gas,white,clean,automatic,sedan,6 cylinders,4wd,Vancouver,,
"2022 Hyundai Kona SEL – ONLY 23,000km",20500,"23,000",0,https://www.craigslist.org/view/d/surrey-northeast-2022-hyundai-kona-sel/ecoHL4JvspT6pXPUeiZnpc,like new,gas,black,clean,automatic,SUV,4 cylinders,fwd,Surrey,,
1988 mustang gt 5.0 convertible,20850,"193,000",0,https://www.craigslist.org/view/d/vancouver-1988-mustang-gt-50-convertible/9DZGbSkVe6pqbqsUMGu57G,excellent,gas,blue,clean,manual,convertible,8 cylinders,,Vancouver,,
1985 Volkswagaen Westfalia,24900,"125,000",0,https://www.craigslist.org/view/d/vancouver-1985-volkswagaen-westfalia/wybtJgFWjhyw4KjFLLav8g,good,gas,custom,clean,automatic,wagon,6 cylinders,fwd,Vancouver,,
2005 Porsche Cayenne S,14900,"90,000",0,https://www.craigslist.org/view/d/courtenay-central-2005-porsche-cayenne/a8oZVpGJmkFXknpf5s5JzN,excellent,gas,silver,clean,automatic,SUV,8 cylinders,4wd,Comox,,
"2006 Ford Explorer V6 4X4 only 173,000kms",7000,"173,000",0,https://www.craigslist.org/view/d/vancouver-2006-ford-explorer-v6-4x4/nitiCiLsVjzYygTXRkrPNm,excellent,gas,green,clean,automatic,SUV,,4wd,city of vancouver,,
2008 Toyota Highlander Hybrid - 2nd owner,9500,"250,000",0,https://www.craigslist.org/view/d/vancouver-2008-toyota-highlander-hybrid/6hTT54caLicyvKFM1NbhZ2,good,hybrid,silver,clean,automatic,SUV,6 cylinders,4wd,Vancouver,,
"2015 Nissan Micra Blue 121,000km",3900,"128,212",0,https://www.craigslist.org/view/d/vancouver-2015-nissan-micra-blue-km/eRSnXmFL66GQwrbR19LzmU,good,gas,,rebuilt,automatic,hatchback,4 cylinders,fwd,vancouver west,,
2012 WHITE RAM VAN C/V... CASH OFFERS!,3350,"352,500",0,https://www.craigslist.org/view/d/vancouver-2012-white-ram-van-v-cash/7C6dTAfSBfTXn9dxu5MNmh,good,gas,white,clean,automatic,van,6 cylinders,fwd,Vancouver BC,,
"2014 Rolls-Royce Wraith — 29,000 KM — Clean Title",189000,"29,000",0,https://www.craigslist.org/view/d/vancouver-2014-rolls-royce-wraith-km/onPoW46kDozUA767Cdsb6K,,gas,,clean,automatic,,,,Kerrisdale,,
2002 SILVER MAZDA `ZOOM ZOOM` PROTEGE 5,3750,"229,500",0,https://www.craigslist.org/view/d/vancouver-2002-silver-mazda-zoom-zoom/4YdkzCG99siKy7hYjJ45Pn,good,gas,silver,clean,automatic,hatchback,,,East Vancouver,,
"2016 Mazda MX-5 ND1 Miata, Auto, Clean Title, No Accidents, Low 91k km",21800,"91,900",0,https://www.craigslist.org/view/d/richmond-2016-mazda-mx-nd1-miata-auto/r495yHHA8vZPHx2GuhX62a,,gas,,clean,automatic,,,,Richmond,,
"1983 Volvo 242 Turbo intercooler, M46",3500,"173,000",0,https://www.craigslist.org/view/d/vancouver-1983-volvo-242-turbo/xnSVTes9n9psHzXXfWuBm8,,gas,,clean,automatic,,,,vancouver,,
2010 Audi Q5 AWD 3.2L *Clean title*,5900,"210,500",0,https://www.craigslist.org/view/d/vancouver-2010-audi-q5-awd-32l-clean/9xBB6HkkYTFRKejDJZmqCJ,good,gas,white,clean,automatic,SUV,6 cylinders,4wd,Vancouver,,
"2012 Mazda 5 ~220,000km",5500,"220,000",0,https://www.craigslist.org/view/d/vancouver-2012-mazda-km/5pBaERdDsQvhVEr4MLYKfT,excellent,gas,grey,clean,automatic,,4 cylinders,4wd,Vancouver,,
2011 Mazda Mazda3 GS Manual,3300,"281,888",0,https://www.craigslist.org/view/d/vancouver-2011-mazda-mazda3-gs-manual/3GJDBmjc2k2yGUq8S1g2qW,good,gas,blue,clean,manual,hatchback,4 cylinders,fwd,Vancouver,,
Honda Civic,5995,"193,000",0,https://www.craigslist.org/view/d/vancouver-honda-civic/iHMLovgmfbkL7dzT3Qm8Qq,excellent,gas,black,clean,automatic,sedan,4 cylinders,fwd,Vancouver,,
Promastercity 2018,17000,"134,800",0,https://www.craigslist.org/view/d/burnaby-promastercity-2018/f9zW4Lr2i9n9N7omGJAdRx,like new,gas,white,rebuilt,automatic,van,4 cylinders,fwd,Vancouver,,
2018 Ram Promaster City,17000,"134,000",0,https://www.craigslist.org/view/d/new-westminster-2018-ram-promaster-city/iuFGUoNokB3w8LtcypEQgc,like new,gas,white,rebuilt,automatic,van,4 cylinders,rwd,Surrey,,
"1968 Ford Thunderbird, original condition....only 46,000 miles",16500,"46,000",0,https://www.craigslist.org/view/d/squamish-1968-ford-thunderbird-original/jLfk2r9zhNdgSe6dqWKGuq,excellent,gas,blue,clean,automatic,coupe,8 cylinders,rwd,Squamish,,
2002 Mercedes Benz C240,7500,"139,000",0,https://www.craigslist.org/view/d/vancouver-2002-mercedes-benz-c240/uSAirw26nd2d48LxZ4nATp,like new,gas,silver,clean,automatic,sedan,6 cylinders,rwd,VANCOUVER,,
"1958 Volkswagen Standard Microbus, Mango Green Original",35000,"100,000",0,https://www.craigslist.org/view/d/vancouver-1958-volkswagen-standard/8Hnkz1BBSskt3a4kWJUSXP,,gas,,clean,manual,,,,Vancouver | PNE,,
Kitsilano,12700,"98,000",0,https://www.craigslist.org/view/d/vancouver-kitsilano/oXdbGviiwoEf8NKAFWERnY,,gas,,clean,automatic,,4 cylinders,,city of vancouver,WA1WFCFP4DA064101,
"2011 Hyundai Veracruz 7 seater SUV - AWD, all terrain tires",3800,"236,500",0,https://www.craigslist.org/view/d/vancouver-2011-hyundai-veracruz-seater/99e21JwsooZSf6e27PvBVP,fair,gas,,clean,automatic,SUV,6 cylinders,4wd,Vancouver,,
2017 Mercedes Benz CLA45 AMG,26000,"97,000",0,https://www.craigslist.org/view/d/vancouver-2017-mercedes-benz-cla45-amg/j1YBzBtURRP9bwxsuuBa2T,like new,gas,grey,clean,automatic,sedan,4 cylinders,4wd,Vancouver,WDDSJ5CB2HN441570,
2000 SAAB 9.3 > 5sp manual turbo> runs good,3300,"225,000",0,https://www.craigslist.org/view/d/vancouver-2000-saab-93-5sp-manual-turbo/ikDHAz8uUvoppq4Vm26gjH,good,gas,red,clean,manual,hatchback,4 cylinders,fwd,West End - Vancouver,,
2012 Ram 1500 Quad Cab Laramie 4x4,24500,"85,000",0,https://www.craigslist.org/view/d/delta-northeast-2012-ram-1500-quad-cab/3L6LeHASjRsw94mRrmunWd,like new,gas,grey,clean,automatic,truck,8 cylinders,4wd,North Delta,,
2013 Toyota 4Runner Limited Edition,23500,"60,000",0,https://www.craigslist.org/view/d/vancouver-2013-toyota-4runner-limited/jM6vKv5UQkpbDaqxHp8VC7,excellent,gas,white,clean,automatic,SUV,,,Vancouver,,
2013 Chevrolet Silverado 1500,6500,"217,000",0,https://www.craigslist.org/view/d/vancouver-2013-chevrolet-silverado-1500/d7R5DUhW5NL2YNRzVDM18C,good,gas,silver,clean,automatic,pickup,,,city of vancouver,,
Mercedes ML320 2009,7800,"253,000",0,https://www.craigslist.org/view/d/port-coquitlam-central-mercedes-ml/byBx4SWr9nrQtvmvxn5zXD,excellent,diesel,silver,clean,automatic,SUV,,,Coquitlam,,
1999 INTERNATIONAL 4700,18950,"436,000",0,https://www.craigslist.org/view/d/north-vancouver-1999-international-4700/9BTupCPWVKg8YALQkLYbff,good,diesel,white,clean,manual,truck,6 cylinders,rwd,Norh Vancouver,,
2007 Audi A4 2.0T Quattro Avant wagon,4200,"280,000",0,https://www.craigslist.org/view/d/vancouver-2007-audi-a4-20t-quattro/7GVK6NkUchx7UHKYs9Z4Tx,good,gas,,clean,automatic,wagon,4 cylinders,,city of vancouver,,
*2006 FORD E450 17FT HIGH CUBE BOX DIESEL LOW MILEAGE,15000,"207,000",0,https://www.craigslist.org/view/d/vancouver-2006-ford-e450-17ft-high-cube/fPuBAmEMNHJMziwirxwTbV,excellent,diesel,white,clean,automatic,truck,,,Vancouver,,
~~ 2015 Ford Focus ST (ST-3) - 2 owner / meticulously maintained  ~~,12900,"225,000",0,https://www.craigslist.org/view/d/vancouver-ford-focus-st-st-owner/bH52xFBmjGJhEwpKfHCPWr,excellent,gas,blue,clean,manual,hatchback,4 cylinders,fwd,Vancouver,,
Lincoln Town Car,8900,"195,000",0,https://www.craigslist.org/view/d/vancouver-lincoln-town-car/oUUA3LWydEnMjqnbbc4Y3j,good,gas,white,clean,automatic,sedan,8 cylinders,rwd,Vancouver,,
1996  Chev 3500 1 ton  dually 4x4,6000,"240,000",0,https://www.craigslist.org/view/d/delta-northeast-1996-chev-ton-dually-4x4/avfD2ni79mAbp6xqj7nSvq,good,gas,white,clean,automatic,,8 cylinders,4wd,Delta,,
"1956 Ford Courier Sedan Delivery car, rare car,only 8757 made",10450,"6,092",0,https://www.craigslist.org/view/d/vancouver-1956-ford-courier-sedan/jkZVRCFnAHusmceTQ4zKLZ,good,gas,black,clean,automatic,wagon,8 cylinders,rwd,Vancouver,,
2017 Dodge Grand Caravan SXT,8500,"143,000",0,https://www.craigslist.org/view/d/vancouver-2017-dodge-grand-caravan-sxt/2yCdKboavCdomrWJUndk9a,excellent,gas,white,clean,automatic,minivan,6 cylinders,fwd,city of vancouver,,
Toyota RAV4 Limited AWD,16500,"198,000",0,https://www.craigslist.org/view/d/burnaby-toyota-rav4-limited-awd/sDWVTWZ5nXk6xZGbN5B1Rm,excellent,gas,black,clean,automatic,SUV,4 cylinders,4wd,Burnaby,,
2007 Toyota Highlander Hybrid Limited,7500,"311,072",0,https://www.craigslist.org/view/d/vancouver-2007-toyota-highlander-hybrid/8zSZ9AzCw3XtJo5JJJ7Qt2,good,hybrid,green,salvage,automatic,SUV,6 cylinders,4wd,Vancouver,,
2004 TURBO DIESEL TOYOTA 4 RUNNER,18900,"169,000",0,https://www.craigslist.org/view/d/burnaby-2004-turbo-diesel-toyota-runner/nzWtqEvgZxkX4pJettvE5q,,diesel,,clean,automatic,,,,city of vancouver,,
1996 Hummer H1 - PICKUP - RARE,72000,"26,200",0,https://www.craigslist.org/view/d/vancouver-1996-hummer-h1-pickup-rare/55CGsWpJ3uaqUF5ki8wpPe,like new,diesel,,clean,automatic,pickup,8 cylinders,4wd,Kerrisdale,,
2010 Toyota Hiace 4WD Turbo Diesel Camper,31800,"166,000",0,https://www.craigslist.org/view/d/burnaby-2010-toyota-hiace-4wd-turbo/29azLnFNp3sSsSEyAPQy8i,,diesel,,clean,automatic,,,,city of vancouver,,
2015 Low kilometer verano,13950,"66,282",0,https://www.craigslist.org/view/d/vancouver-2015-low-kilometer-verano/j5kBaZ7N5TrpRWpE7MXyD2,excellent,gas,black,clean,automatic,sedan,4 cylinders,fwd,East vancouver,1G4PR5SK2F4162421,
2022 Mercedes-Benz GLC 300 4MATIC,35800,"59,147",0,https://www.craigslist.org/view/d/north-vancouver-2022-mercedes-benz-glc/9torPzLsy5s5nD2AmgSshS,like new,gas,white,clean,automatic,SUV,,4wd,North Vancouver,,
2012 Honda Civic SI (4 door),16350,"135,000",0,https://www.craigslist.org/view/d/burnaby-2012-honda-civic-si-door/9nHvguLnQBKV1Qz8L4VYET,like new,gas,white,clean,manual,sedan,4 cylinders,fwd,New westminster,,
2011 BMW X5 3.0L Turbo Diesel,7500,"317,000",0,https://www.craigslist.org/view/d/vancouver-2011-bmw-x5-30l-turbo-diesel/mFjCPgSmeDGvJDUE3xrHen,excellent,diesel,grey,clean,automatic,SUV,6 cylinders,4wd,Vancouver,,
Honda civic,12000,"170,000",0,https://www.craigslist.org/view/d/port-moody-honda-civic/p8DjdUcfr6dZAEbuxQnhjN,excellent,gas,blue,clean,automatic,sedan,4 cylinders,fwd,Port Coquitlam,,
Jeep Cherokee 2018,13500,"115,000",0,https://www.craigslist.org/view/d/port-moody-jeep-cherokee-2018/2H3BUvadWpGsoC671nif2h,like new,gas,blue,clean,automatic,SUV,4 cylinders,4wd,Port Coquitlam,,
2014 Jeep grand Cherokee,11999,"150,000",0,https://www.craigslist.org/view/d/port-moody-2014-jeep-grand-cherokee/pzDSbM4A6j4xcvP9M6SAYq,like new,gas,black,clean,automatic,SUV,6 cylinders,4wd,Port Coquitlam,,
"2017 BMW M4 Convertible | 66,500km | Well Maintained | Priced to Sell",55500,"66,500",0,https://www.craigslist.org/view/d/vancouver-2017-bmw-m4-convertible-km/43ex44ut4NEY7VHTUedhJ9,like new,gas,white,clean,automatic,convertible,6 cylinders,rwd,Vancouver,WBS3U9C50HP970701,
2008 Hummer H2 - 7 Passenger | Well Maintained | Major Service done,39500,"21,648",0,https://www.craigslist.org/view/d/vancouver-2008-hummer-h2-passenger-well/hgSnTQnhfNWH8WdUg8GHYz,excellent,gas,black,clean,automatic,SUV,8 cylinders,4wd,Vancouver,5GRGN23898H103829,
2019 Nissan Rogue SV AWD | Low Km’s | Panoramic Moonroof |,19800,"72,865",0,https://www.craigslist.org/view/d/vancouver-2019-nissan-rogue-sv-awd-low/6anWeZbPxVpPJVbarTsJz4,like new,gas,grey,clean,automatic,SUV,4 cylinders,4wd,Vancouver,5N1AT2MVXKC710601,
2002 Porsche 911 carrera (996),49500,"100,300",0,https://www.craigslist.org/view/d/vancouver-2002-porsche-911-carrera-996/6SyX2zPkDCJaHBMK1gfbTF,excellent,gas,grey,clean,automatic,coupe,6 cylinders,rwd,Vancouver,WP0AA29902S623589,
2015 Mercedes-Benz GL550 4matic,27500,"121,689",0,https://www.craigslist.org/view/d/vancouver-2015-mercedes-benz-gl550/sEHhDWjwhioXDka1LsZ6zg,excellent,gas,blue,clean,automatic,SUV,8 cylinders,4wd,South Vancouver,4JGDF7DE8FA497747,
2010 AUDI R8,82900,"84,000",0,https://www.craigslist.org/view/d/burnaby-2010-audi-r8/6ECasivX9V1Z6LuB9Y8cVN,,gas,,clean,automatic,coupe,,,city of vancouver,,
2016 Volkswagen GTI,6900,"224,000",0,https://www.craigslist.org/view/d/burnaby-2016-volkswagen-gti/4jadLprgqGduEtz6wzjgaZ,,gas,,clean,automatic,,,,city of vancouver,,
2004 BMW 760Li V12 INDIVIDUAL SPEC,6700,"169,000",0,https://www.craigslist.org/view/d/burnaby-2004-bmw-760li-v12-individual/3JsENs7L8TVtNKHDVqPbLG,,gas,,clean,automatic,sedan,,,city of vancouver,,
GIO - Golf Long Range Fully Enclosed Mobility Scooter,5500,100,0,https://www.craigslist.org/view/d/vancouver-gio-golf-long-range-fully/sbmQXnhvhLSSkJwdaW8ztR,new,electric,blue,clean,automatic,,,4wd,city of vancouver,,
2016 Mitsubishi RVR GT AWD - Panoramic Roof - 2.4L Engine - 125 000,13000,"125,000",0,https://www.craigslist.org/view/d/vancouver-2016-mitsubishi-rvr-gt-awd/scX9vJR6tS2yW4e1mZKdBr,excellent,gas,blue,rebuilt,automatic,SUV,,fwd,UBC,,
2012 Audi Q5 2.0T Premium Plus,8900,"131,000",0,https://www.craigslist.org/view/d/vancouver-2012-audi-q5-20t-premium-plus/qn263kxaCRZ7jXNDHxYL6q,excellent,gas,white,clean,automatic,SUV,4 cylinders,4wd,Vancouver,,
2022 Ford Escape Titanium,17900,"159,000",0,https://www.craigslist.org/view/d/vancouver-2022-ford-escape-titanium/fEdkKmU5BF4hfU5sfdjPjx,,gas,,clean,automatic,SUV,,,Hastings boundary,,
2017 Mercedes Benz CLS 250 AWD,12500,"150,000",0,https://www.craigslist.org/view/d/vancouver-2017-mercedes-benz-cls-250-awd/e2RF38QaMJFTyLQTngQFAJ,excellent,gas,blue,clean,automatic,sedan,4 cylinders,4wd,Vancouver,,
2008 HONDA Element SC,4500,"400,000",0,https://www.craigslist.org/view/d/vancouver-2008-honda-element-sc/saJvwVELYH2uWExC9R3KDi,excellent,gas,brown,clean,manual,SUV,4 cylinders,fwd,Vancouver,,
2009 land rover lr2,4500,"240,000",0,https://www.craigslist.org/view/d/vancouver-2009-land-rover-lr2/wprGZkwpFj6WvJywunwXh9,excellent,gas,blue,clean,automatic,SUV,6 cylinders,4wd,Vancouver,,
VW Westfalia (1987) 2.5L Subaru engine (2023),35000,"367,000",0,https://www.craigslist.org/view/d/vancouver-vw-westfalia-subaru-engine/jSUfKrktVA8t5yV7NJRMJA,good,gas,white,clean,manual,van,4 cylinders,rwd,Gastown,,
MINT CONDITION 1994 FORD MUSTANG,9000,"115,000",0,https://www.craigslist.org/view/d/north-island-mint-condition-1994-ford/xAP5y5XU8RDpa2J1SJik7D,,gas,blue,clean,automatic,coupe,6 cylinders,rwd,Van b.c,,
1955 Chevy 210 post,25000,"10,000",0,https://www.craigslist.org/view/d/nanaimo-1955-chevy-210-post/auvVenVfvQNjXDDWprXLUA,excellent,gas,black,clean,automatic,sedan,8 cylinders,,Vancouver,,
"2007 BMW 335xi 75,000km",9900,"75,000",0,https://www.craigslist.org/view/d/vancouver-2007-bmw-335xi-75000km/5sLU1SQfoEUcq9Zcyr52c3,excellent,gas,grey,clean,automatic,sedan,6 cylinders,4wd,Vancouver,,
2007 jdm imported minivan elysion,10599,"93,000",0,https://www.craigslist.org/view/d/vancouver-2007-jdm-imported-minivan/upx8cG7DPN3GS7qhVTuc1J,like new,gas,black,clean,automatic,minivan,6 cylinders,fwd,Vancouver,,
1988 ford mustanf 5.0 fox convertible,19850,"193,000",0,https://www.craigslist.org/view/d/vancouver-1988-ford-mustanf-50-fox/e686W3QYKCxqZsezW4bxtL,excellent,gas,blue,clean,manual,convertible,,,Vancouver,,
2010 Dodge Grand Caravan - Camperized,5000,"206,000",0,https://www.craigslist.org/view/d/vancouver-2010-dodge-grand-caravan/28fQh4VcbV3KfH3mw3JT2y,good,gas,grey,clean,automatic,minivan,,,city of vancouver,,
TOYOTA COROLLA 2004 VERY LOW KMS 138000,6500,"138,000",0,https://www.craigslist.org/view/d/vancouver-toyota-corolla-2004-very-low/78fk37nFh8iW3XgGpPScfy,like new,gas,grey,clean,automatic,sedan,4 cylinders,fwd,Vancouver,,
2000 Honda CRV,4000,"339,000",0,https://www.craigslist.org/view/d/vancouver-2000-honda-crv/bxqQi71M6qoTA4zfSEbHR9,good,gas,black,clean,automatic,SUV,4 cylinders,fwd,Metro Vancouver,,
Eurovan,5000,"190,000",0,https://www.craigslist.org/view/d/south-okanagan-eurovan/oT6nsrZFmNe4mRYSP9i2oH,,gas,,clean,automatic,van,,,city of vancouver,,
Tahoe Chevy,18500,"219,000",0,https://www.craigslist.org/view/d/vancouver-tahoe-chevy/syGCJp9GbvVPKtsS2q8N8M,good,gas,black,clean,automatic,SUV,8 cylinders,4wd,marpole area,,
Jaguar XJ 2012,18000,"91,000",0,https://www.craigslist.org/view/d/vancouver-jaguar-xj-2012/rr5sqCsP3FgPwUuXDxpbjg,good,gas,grey,clean,automatic,sedan,8 cylinders,rwd,vancouver,,
Miata,8800,"95,000",0,https://www.craigslist.org/view/d/vancouver-miata/pPh611YH9RCjx9R4nU9wVJ,fair,gas,blue,salvage,automatic,convertible,4 cylinders,fwd,vancouver,,
2001 GMC Yukon Denali,5500,"275,000",0,https://www.craigslist.org/view/d/burnaby-2001-gmc-yukon-denali/8XYMAsPAgHjUi6daynozdZ,good,gas,,clean,automatic,SUV,8 cylinders,4wd,Burnaby,,
2009 Porsche Cayenne Turbo,30000,"100,200",0,https://www.craigslist.org/view/d/vancouver-2009-porsche-cayenne-turbo/fSYqUnMuE8W1mWhzPXq5Au,excellent,gas,silver,clean,automatic,SUV,8 cylinders,4wd,Vancouver,,
HYUNDAI SANTA FE SPORT AWD.CLEAN TITLE.SUPER LOW KM.,11999,"84,989",0,https://www.craigslist.org/view/d/vancouver-hyundai-santa-fe-sport/uzmwMVaBi5PiCsosPuhL8X,like new,gas,,clean,automatic,SUV,4 cylinders,4wd,DOWNTOWN,,
2010 Jaguar xfr,14800,"120,000",0,https://www.craigslist.org/view/d/burnaby-2010-jaguar-xfr/fbvpfk3STQR5wAN6Gu15Do,good,gas,custom,clean,automatic,sedan,,,city of vancouver,,
"1994 Ford Thunderbird V6 — 135,692 km — Classic American Coupe",4500,"135,692",0,https://www.craigslist.org/view/d/langley-city-1994-ford-thunderbird-km/kaoNkBaGxhgAoJkD6hA9g1,good,gas,blue,clean,automatic,coupe,6 cylinders,rwd,Vancouver,,
Ford Fiesta,6900,"115,000",0,https://www.craigslist.org/view/d/vancouver-ford-fiesta/thqrvfZSn225dYPhrCEoKn,excellent,gas,red,clean,automatic,hatchback,,,Kitsilano,,
Mercedes benz b200 4 cil really cheap on gas,3750,"168,000",0,https://www.craigslist.org/view/d/vancouver-mercedes-benz-b200-cil-really/upXUTLW27EVEC6wnFA8uJ7,excellent,gas,black,clean,automatic,wagon,4 cylinders,rwd,Vancouver,,
2016 Chevy Cruz,3995,"215,000",0,https://www.craigslist.org/view/d/vancouver-2016-chevy-cruz/qZGwmeavtS9dW9mdcRQ8xZ,excellent,gas,black,clean,automatic,coupe,4 cylinders,fwd,city of vancouver,,
2015 Chevy Savana extended,20000,"106,700",0,https://www.craigslist.org/view/d/vancouver-2015-chevy-savana-extended/3ZrwoPigDz8id9f1b9HSFy,good,gas,white,clean,automatic,van,8 cylinders,rwd,Vancouver,,
Mercedes 190E,4000,"275,000",0,https://www.craigslist.org/view/d/vancouver-mercedes-190e/fL6H12Xdd5b3y8W6k27pUW,good,gas,grey,clean,automatic,sedan,6 cylinders,rwd,city of vancouver,,
Jeep Wrangler unlimited Sarha,25999,"46,000",0,https://www.craigslist.org/view/d/vancouver-jeep-wrangler-unlimited-sarha/jSVgiHmfd8B7ADjUVU4hyT,like new,gas,blue,rebuilt,automatic,SUV,,4wd,city of vancouver,,
"Volkswagen scirocco MK2 8V manual five speed,",7999,"295,000",0,https://www.craigslist.org/view/d/vancouver-volkswagen-scirocco-mk2-8v/m5bkM5zJwJ1Bqrrxox6un9,good,gas,blue,clean,manual,hatchback,4 cylinders,,city of vancouver,,
Jeep Wrangler unlimited Sarha full loaded,25999,"46,000",0,https://www.craigslist.org/view/d/vancouver-jeep-wrangler-unlimited-sarha/usai14vPw9GMS1BnhuKKQX,like new,gas,blue,rebuilt,automatic,SUV,6 cylinders,4wd,city of vancouver,,
2008 Chevy Colorado Crew Cab,9800,"157,166",0,https://www.craigslist.org/view/d/langley-city-2008-chevy-colorado-crew/d5qfPsSje54AFMx2t8J8HG,good,gas,blue,clean,automatic,pickup,4 cylinders,rwd,Langley,1GCCS199088173190,
2008 Chevy Colorado,9800,"157,166",0,https://www.craigslist.org/view/d/langley-city-2008-chevy-colorado/2k3ett5JeAmbcp8VEBzxcJ,good,gas,blue,clean,automatic,pickup,4 cylinders,rwd,Langley,,
2009 TOYOTA MATRIX XR HATCHBACK ONLY 173000K,12500,"173,000",0,https://www.craigslist.org/view/d/new-westminster-southwest-2009-toyota/9Ak1zxEMoinHkr4swS8MwQ,excellent,gas,grey,clean,automatic,hatchback,4 cylinders,fwd,city of vancouver,,
2018 Chevrolet Bolt EV,19800,"177,000",0,https://www.craigslist.org/view/d/vancouver-2018-chevrolet-bolt-ev/rhW63gNTs7J3p4kwAwisxR,excellent,electric,black,clean,automatic,hatchback,,fwd,Dunbar,,
2021 VW JETTA HIGH LINE PERFECT CONDITION,18500,"81,000",0,https://www.craigslist.org/view/d/burnaby-2021-vw-jetta-high-line-perfect/v2F8N5F8Ztt9W2aa37X1bR,excellent,gas,white,clean,automatic,sedan,4 cylinders,fwd,Burnaby,,
Acura mdx 2002,3700,"228,000",0,https://www.craigslist.org/view/d/burnaby-acura-mdx-2002/gSnbAVKMw34Jq6GfUb8g3U,good,gas,silver,clean,automatic,SUV,6 cylinders,4wd,Burnaby,,
"2012 Mitsubishi RVR AWD GT Apple Carplay, CVT fluid changed 3 times",8500,"232,834",0,https://www.craigslist.org/view/d/vancouver-2012-mitsubishi-rvr-awd-gt/2kEnVXxdrNdqFjsJfHbapY,good,gas,grey,clean,automatic,SUV,4 cylinders,4wd,Vancouver,JA4AJ4AU3CZ605084,
"2021 Subaru Forester SPORT 2.5i Symmetric AWD, low km, old lady driver",38500,"21,000",0,https://www.craigslist.org/view/d/vancouver-2021-subaru-forester-sport/9V2eV5tUdjXj1AS8E1J8Xb,excellent,gas,grey,clean,automatic,SUV,4 cylinders,4wd,Vancouver,,
2007 Mercedes B class,5500,"82,000",0,https://www.craigslist.org/view/d/vancouver-2007-mercedes-class/pXSoNZ9eHipNFeVXfPXveh,excellent,gas,white,clean,automatic,wagon,4 cylinders,fwd,Vancouver/Dunbar/UBC,,
2010 Mini Clubman (RHD),5500,"90,000",0,https://www.craigslist.org/view/d/vancouver-2010-mini-clubman-rhd/t5hCrnSgjwn6sr4bNYysnK,good,gas,red,clean,automatic,hatchback,4 cylinders,fwd,Vancouver/Dunbar/UBC,,
2008 Toyota Ractis 1.5G,6500,"21,500",0,https://www.craigslist.org/view/d/vancouver-2008-toyota-ractis-15g/cmsosJtKQbczffkjLCMjoG,excellent,gas,blue,clean,automatic,hatchback,4 cylinders,fwd,Vancouver/Dunbar/UBC,,
2013 Ford Fiesta,6000,"93,000",0,https://www.craigslist.org/view/d/vancouver-2013-ford-fiesta/bfkiwfC6UtGkTXX3MEWdLT,excellent,gas,silver,clean,automatic,hatchback,4 cylinders,fwd,Vancouver,,
2023 VinFast VF8 Eco Plus – Fully Electric SUV ⚡,29900,"23,000",0,https://www.craigslist.org/view/d/langley-2023-vinfast-vf8-eco-plus-fully/nfk7Mxk3NpZFp6s5Mf8AWY,new,electric,black,clean,automatic,SUV,,,city of vancouver,,
2015 Volkswagen Jetta TDI  Manual Sedan,6000,"178,653",0,https://www.craigslist.org/view/d/vancouver-2015-volkswagen-jetta-tdi/teDEYFfrCHQMEZUVGciDTc,good,diesel,grey,rebuilt,manual,sedan,4 cylinders,fwd,Vancouver Kitsilano,,
2004 Toyota Corolla,4950,"221,000",0,https://www.craigslist.org/view/d/vancouver-2004-toyota-corolla/3USvGNcVVBa92kWBtb3px5,good,gas,,clean,automatic,sedan,,,Vancouver,,
2015 kia sorento AWD,8999,"143,000",0,https://www.craigslist.org/view/d/port-coquitlam-north-2015-kia-sorento/7WrxmAHC31qtuwuV3J4ctL,excellent,gas,purple,clean,automatic,SUV,4 cylinders,4wd,Port Coquitlam North,,
"2005 Mercedes Benz CLS350 V6 $8000 (83,000 kms)",7500,"83,000",0,https://www.craigslist.org/view/d/vancouver-2005-mercedes-benz-cls350-kms/pvAzJPpTJjLt6g39ULkShC,excellent,gas,custom,clean,automatic,sedan,6 cylinders,rwd,Vancouver,,
Mitsubishi  Eclipse Coupe OBO,9800,"130,000",0,https://www.craigslist.org/view/d/vancouver-mitsubishi-eclipse-coupe-obo/mx9QTuEhvgLhH6Qs5KCWKn,,gas,silver,clean,automatic,coupe,,,Vancouver,,
2016 Land Rover LR4 HSE AWD  7-Passanger,19999,"181,000",0,https://www.craigslist.org/view/d/st-johns-north-2016-land-rover-lr4-hse/ftN1jJUrUosUpz38ERNkzJ,like new,gas,white,clean,automatic,SUV,6 cylinders,4wd,city of vancouver,,
2021 Jeep Gladiator,38000,"180,000",0,https://www.craigslist.org/view/d/surrey-2021-jeep-gladiator/3v1zXU2iAzZonJ6LiCb6LD,like new,gas,grey,clean,automatic,pickup,6 cylinders,4wd,surrey,,
2010 VW Beetle Convertible 2.5 L Manual Transmission,6500,"196,000",0,https://www.craigslist.org/view/d/vancouver-2010-vw-beetle-convertible-25/ehp5hUTh3WxLaJEF6N8Nqk,,gas,,clean,manual,convertible,,,Vancouver,,
1962 buick lesabre 1 owner,37000,"123,456",0,https://www.craigslist.org/view/d/vancouver-1962-buick-lesabre-owner/5SmnXPcU6i6KwkgTcargfn,like new,gas,blue,clean,automatic,coupe,8 cylinders,rwd,Vancouver,,
Lexus is 250,5000,"300,000",0,https://www.craigslist.org/view/d/port-coquitlam-south-lexus-is-250/eyR2oXdHL9NemYHDTgkEQF,excellent,gas,,clean,automatic,sedan,6 cylinders,,city of vancouver,,
2014 Chevrolet Silverado,10000,"170,808",0,https://www.craigslist.org/view/d/vancouver-2014-chevrolet-silverado/ceBesTTvFN8ZS3aftZp1za,fair,gas,white,clean,automatic,pickup,8 cylinders,4wd,Vancouver,,
HONDA CRV,18000,"188,000",0,https://www.craigslist.org/view/d/abbotsford-east-honda-crv/95te8bo9jDgafWTRDGgNGS,excellent,gas,red,clean,automatic,SUV,4 cylinders,4wd,Abbotsford,2HKRW2H58JH124264,
"2020 Mercedes-Benz Sprinter 3500, High Roof, Extended!",33500,"230,000",0,https://www.craigslist.org/view/d/new-westminster-2020-mercedes-benz/e32G8HFjsWNV9cv1QX7Qyk,like new,diesel,white,clean,automatic,van,5 cylinders,rwd,New Westminster,,
2016 Ford Transit T250 Cargo Van,27500,"150,000",0,https://www.craigslist.org/view/d/new-westminster-2016-ford-transit-t250/jGEC2XuAFE3Bnagpfjf6yi,like new,gas,white,clean,automatic,van,6 cylinders,rwd,New Westminster,,
"1981 Mercedes-Benz 380SL Roadster – 143,000 KM – Both Tops",14900,"143,000",0,https://www.craigslist.org/view/d/vancouver-1981-mercedes-benz-380sl/cx93HCC6jsW5tUJnCmKLXs,,gas,,clean,automatic,,8 cylinders,rwd,Vancouver,,
2008 Mercedes S 450 91k Original K,16800,"91,000",0,https://www.craigslist.org/view/d/nanaimo-2008-mercedes-k-original/4hy2qMJQS4QuzU4Q5BCwTc,,gas,,clean,automatic,sedan,,,Nanaimo Northwest,,
Selling my 2023 Dodge Charger R/T Daytona in the beautiful and rare Go,47000,"60,000",0,https://www.craigslist.org/view/d/surrey-selling-my-2023-dodge-charger-t/v4eGjeVcKmyLBhLJt5sYeW,new,gas,orange,clean,automatic,sedan,8 cylinders,rwd,city of vancouver,,
Lexus LX470 1999 with rear locker,6000,"385,000",0,https://www.craigslist.org/view/d/vancouver-lexus-lx-with-rear-locker/iZKosUBDFh7FysCSo3xRzR,fair,gas,grey,clean,automatic,SUV,8 cylinders,4wd,East Vancouver,,
"2016 Ford F250 Super Duty Long Bed, 4x4, Canopy!!",16980,"260,000",0,https://www.craigslist.org/view/d/new-westminster-2016-ford-f250-super/t7fq3VfCrXRDJ8i6jgEWBe,like new,gas,white,clean,automatic,pickup,8 cylinders,rwd,New Westminster,,
2006 Infiniti QX56 SUV,4800,"250,000",0,https://www.craigslist.org/view/d/vancouver-2006-infiniti-qx56-suv/cq6RRb4fg2W1RnRbYYdPpT,excellent,gas,black,clean,automatic,SUV,8 cylinders,4wd,city of vancouver,,
"Ford F150 4x4, Long Bed, Canopy, 3 Passenger, Towing Package",16980,"281,000",0,https://www.craigslist.org/view/d/new-westminster-ford-f150-4x4-long-bed/6mVvG4qB18ig7Csj1pmnib,like new,gas,white,clean,automatic,pickup,6 cylinders,4wd,New Westminster,,
Pop Up Truck Camper,9000,500,0,https://www.craigslist.org/view/d/surrey-pop-up-truck-camper/kbSZsgtaJAy9eX1kmaVw3S,,other,,clean,other,truck,,,surrey,,
1994 ford Club wagon 150 xlt,-1,"68,000",0,https://www.craigslist.org/view/d/surrey-1994-ford-club-wagon-150-xlt/ujGQ1dUQsvZJ9k3UugvHAT,like new,gas,,clean,automatic,wagon,8 cylinders,rwd,surrey,,
2021 Jeep Gladiator,38000,"180,000",0,https://www.craigslist.org/view/d/surrey-2021-jeep-gladiator/o8nR2rVGSJgWiUewHo4YhS,like new,gas,grey,clean,automatic,pickup,6 cylinders,4wd,surrey,,
2003 Toyota MR2 Spyder Convertible,14200,"85,800",0,https://www.craigslist.org/view/d/vancouver-2003-toyota-mr2-spyder/6iEgLYSdVCDzEZHPhxpqT5,excellent,gas,red,clean,manual,convertible,4 cylinders,rwd,Marpole area of Vancouver,,
"2020 Chevrolet Express 4500 Bus, Fresh CVI!",29980,"240,000",0,https://www.craigslist.org/view/d/new-westminster-2020-chevrolet-express/2owtzYnyvRJrvr1ALQZX8G,,gas,white,clean,automatic,bus,,,city of vancouver,,
"2016 Ford Transit 250, Medium Roof, New Transmission!",22500,"260,000",0,https://www.craigslist.org/view/d/new-westminster-2016-ford-transit-250/eWCKKs6rrm6xjApEBSZTwv,like new,gas,white,clean,automatic,van,6 cylinders,rwd,city of vancouver,,
"2006 Ford E350 Bucket Van, 29 FT",14500,"190,000",0,https://www.craigslist.org/view/d/new-westminster-2006-ford-e350-bucket/8RKSBiNWvY2cjSZ2eJGuLJ,like new,gas,blue,clean,automatic,van,8 cylinders,rwd,city of vancouver,,
"2014 Ram ProMaster 2500, High Roof 159"" WB, LOW KM!",25000,"150,000",0,https://www.craigslist.org/view/d/new-westminster-2014-ram-promaster-2500/pEkcbaJPYj2zAd3HvcZu9d,like new,gas,white,clean,automatic,van,6 cylinders,fwd,city of vancouver,,
"2016 Ford explorer awd, 7 passenger!!",13998,"200,000",0,https://www.craigslist.org/view/d/new-westminster-2016-ford-explorer-awd/og5tjJ2GJJ8RWZAA1F7r2t,like new,gas,,clean,automatic,SUV,6 cylinders,4wd,city of vancouver,,
"5 Passenger Chevrolet Express Cargo Van, LOW Km",18500,"150,000",0,https://www.craigslist.org/view/d/new-westminster-passenger-chevrolet/i425vh59VAVMku2TCGpSBu,like new,gas,,clean,automatic,van,8 cylinders,,city of vancouver,,
"2019 Mercedes-Benz sprinter 2500 reefer van, high roof!!",35000,"200,000",0,https://www.craigslist.org/view/d/new-westminster-2019-mercedes-benz/ndyxQvzkLhzs69r4okFmAK,like new,diesel,,clean,automatic,minivan,4 cylinders,,city of vancouver,,
"2008 Dodge Sprinter 3500 High Roof, Ladder Rack, LOW KM!!",23500,"150,000",0,https://www.craigslist.org/view/d/new-westminster-2008-dodge-sprinter/uwXkKinj8osnfcnpQgHaCV,new,diesel,,clean,automatic,van,5 cylinders,,city of vancouver,,
"2012 Mercedes-Benz Sprinter 2500, 3 Passenger, High Roof!",19980,"255,000",0,https://www.craigslist.org/view/d/new-westminster-2012-mercedes-benz/dtALL5cZM2SiV1tvcsHem8,,diesel,,clean,automatic,minivan,,rwd,city of vancouver,,
"2015 Ford F550 Service Truck, 6.7L Diesel, 4x4!",24980,"195,000",0,https://www.craigslist.org/view/d/new-westminster-2015-ford-f550-service/x5rFAPKHtBTBf65F6Vcdyp,like new,gas,,clean,automatic,truck,,,city of vancouver,,
"Ram Cargo van, Minivan, Low KM",14980,"120,000",0,https://www.craigslist.org/view/d/new-westminster-southwest-ram-cargo-van/aTKoccZp3HxiGewrKdD758,,gas,,clean,automatic,minivan,,,city of vancouver,,
1981 VW Vanagon Westfalia Camper Van,18980,"30,000",0,https://www.craigslist.org/view/d/new-westminster-southwest-1981-vw/deGEjJigbR4HtW5rGcF2U2,,gas,,clean,manual,van,,,city of vancouver,,
"2022 Chevrolet silverado 1500 4x4, canopy, low km!!",29980,"110,000",0,https://www.craigslist.org/view/d/new-westminster-southwest-2022/tUqqxF3YvLt4wkbUgcLEwn,,gas,,clean,automatic,pickup,,,city of vancouver,,
Smart for 2,3400,"137,000",0,https://www.craigslist.org/view/d/vancouver-smart-for/gdACcA5YUpb33jgeMas4qg,good,gas,,rebuilt,automatic,,,,city of vancouver,,
TOYOTA RAV4 2020 XLE,29000,"121,600",0,https://www.craigslist.org/view/d/vancouver-toyota-rav-xle/jCUXFyycmUufPt2e8DbQXp,excellent,gas,white,clean,automatic,SUV,4 cylinders,fwd,VANCOUVER,,
2018 Chevrolet Silverado 1500 LT Crew Cab 4x4 Automatic,16999,"221,000",0,https://www.craigslist.org/view/d/abbotsford-southeast-2018-chevrolet/wfmisbvGAtETAxCYjoeKeY,excellent,gas,white,clean,automatic,pickup,8 cylinders,,Abbotsford,,
2012 BMW 1 SERIES,98748,"20,000",0,https://www.craigslist.org/view/d/vancouver-2012-bmw-series/bRNL9fKxzKkgTqbvZV2o3D,,gas,,clean,automatic,,,,city of vancouver,,
2021 Mercedes Benz E63S,120000,"16,000",0,https://www.craigslist.org/view/d/vancouver-2021-mercedes-benz-e63s/32apC8KBULMPRmX3eqbzMS,excellent,gas,black,clean,automatic,sedan,8 cylinders,4wd,city of vancouver,W1KZF8KB3MA974970,
2018 Land Rover Range Rover HSE Diesel,45900,"56,322",0,https://www.craigslist.org/view/d/richmond-2018-land-rover-range-rover/kSqHDpBHFXvKVJcM7uvRhq,like new,diesel,white,missing,automatic,SUV,6 cylinders,4wd,Richmond,,
2026 Audi Q7,65900,"20,200",0,https://www.craigslist.org/view/d/richmond-2026-audi-q7/sqcSMwncRXFkNanB4vyRRj,like new,gas,white,clean,automatic,SUV,4 cylinders,4wd,Richmond,WA1ACBF73TD001372,
2016 Nissan Maxima SR,21900,"1,600",0,https://www.craigslist.org/view/d/richmond-2016-nissan-maxima-sr/tLAV3aM5jqetejpXhnZUxP,like new,gas,red,clean,automatic,sedan,6 cylinders,fwd,Richmond,1N4AA6AP2GC440302,
1985 Buick riviera convertible,9000,"73,000",0,https://www.craigslist.org/view/d/courtenay-central-1985-buick-riviera/na7twQ3txq9N9fSzdXTb64,excellent,gas,white,clean,automatic,convertible,8 cylinders,fwd,city of vancouver,,
Immaculate 2008 Porsche Cayenne GTS,25500,"122,500",0,https://www.craigslist.org/view/d/langley-immaculate-2008-porsche-cayenne/qGC5WXLhWb4U6QSwKiAkRy,excellent,gas,silver,clean,automatic,SUV,8 cylinders,4wd,Langley City,,
2019 Ford F-150 XLT 4x4 SuperCrew – 5.0L V8 – FX4,27500,"143,000",0,https://www.craigslist.org/view/d/vancouver-2019-ford-150-xlt-4x4/vymDvgXDm9HhJ7MULb2sf9,excellent,gas,,clean,automatic,pickup,8 cylinders,4wd,city of vancouver,1FTFW1E52KKD78802,
2004 BMW m3,25500,"171,000",0,https://www.craigslist.org/view/d/port-coquitlam-south-2004-bmw-m3/cGVdhySDdapsYvHLaoB1E9,excellent,gas,grey,clean,automatic,convertible,6 cylinders,rwd,Coquitlam,,
2005 Mazda b3000,6800,"250,000",0,https://www.craigslist.org/view/d/north-vancouver-2005-mazda-b3000/vfuFyChHK14H9ZSzhyk3cC,excellent,gas,,clean,automatic,,6 cylinders,rwd,city of vancouver,,
Honda civic 2009 for sale,5500,"203,000",0,https://www.craigslist.org/view/d/vancouver-honda-civic-2009-for-sale/pEvFE7Siajuo9xrE3NGj4Q,good,gas,silver,rebuilt,automatic,sedan,4 cylinders,fwd,Vancouver,,
For Sale: 2015 BMW 328i xDrive Luxury,12000,"132,005",0,https://www.craigslist.org/view/d/vancouver-for-sale-2015-bmw-328i-xdrive/2hNX4xtnCaEekXkKtjMoBG,excellent,gas,white,clean,automatic,sedan,4 cylinders,4wd,Vancouver,,
1995 Mercedes-Benz C280,4300,"387,460",0,https://www.craigslist.org/view/d/langley-city-1995-mercedes-benz-c280/vXWNiCqRVFABfh1vtK7iLw,excellent,gas,grey,rebuilt,automatic,sedan,6 cylinders,rwd,city of vancouver,,
2003 Buick Century,7000,"121,000",0,https://www.craigslist.org/view/d/vancouver-2003-buick-century/8FwRNFKnRW5tsUj9mTTnhy,excellent,gas,silver,clean,automatic,sedan,6 cylinders,fwd,Vancouver,,
Exceptionally clean 2012 Honda Civic Coupe,10900,"112,500",0,https://www.craigslist.org/view/d/burnaby-exceptionally-clean-2012-honda/qqJdHbBgzBedTAV4kcocXj,excellent,gas,black,clean,automatic,coupe,4 cylinders,,Burnaby,2HGFG3B4XCH010236,
Toyota Corolla 2010 Manual Transmission,6000,"231,000",0,https://www.craigslist.org/view/d/langley-toyota-corolla-2010-manual/dL2D6jFcbg8Bx2WkJuqWpf,good,gas,brown,clean,manual,sedan,4 cylinders,fwd,Vancover,,
2014 Land Rover Autobiography,30000,"115,000",0,https://www.craigslist.org/view/d/vancouver-2014-land-rover-autobiography/oKosS2CWcZHfumM7UCthy7,excellent,gas,white,parts only,automatic,SUV,,,Vancouver,,
1985 Volkswagen Vanagon Westfalia GL,30000,"213,000",0,https://www.craigslist.org/view/d/vancouver-1985-volkswagen-vanagon/2VFi33wbVjCAowz2iQBCcQ,excellent,gas,orange,clean,automatic,van,4 cylinders,rwd,city of vancouver,,
2013 Hyundai Sonata,9800,"49,825",0,https://www.craigslist.org/view/d/burnaby-2013-hyundai-sonata/pttVMTYAsHqqTEvyLMDvBg,excellent,gas,,clean,automatic,,,,Burnaby,,
2006 Mercedes Benze SL 500,27500,"104,000",0,https://www.craigslist.org/view/d/vancouver-2006-mercedes-benze-sl-500/1KVH5iohzEgXUYBZ7ftB28,like new,gas,silver,clean,automatic,,8 cylinders,rwd,city of vancouver,,
"SOLD  - last ""NEW"" beetle convertible",28500,"5,754",0,https://www.craigslist.org/view/d/vancouver-sold-last-new-beetle/dbCDx9d4ici1byssuY1xYv,like new,gas,blue,clean,automatic,convertible,4 cylinders,fwd,vancouver,,
1999 Chevrolet Tahoe,7000,"260,000",0,https://www.craigslist.org/view/d/vancouver-1999-chevrolet-tahoe/hUYEK5Gyzwb8uxkmkg79gY,good,gas,silver,clean,automatic,SUV,8 cylinders,4wd,Vancouver,,
"2005 Ford Mustang V6 Coupe 4.0L – 224,000 km – C$4,900 OBO",4900,"224,000",0,https://www.craigslist.org/view/d/vancouver-2005-ford-mustang-v6-coupe/uSXpY4nXtBER3DaAkZjgjP,good,gas,red,clean,manual,coupe,6 cylinders,,"Kitsilano, Vancouver",1ZVFT80N455211964,
2006 Kia Rio hatchback,3800,"257,984",0,https://www.craigslist.org/view/d/vancouver-2006-kia-rio-hatchback/cTj9V9QiojR6JKgRVX3U3y,good,gas,silver,clean,automatic,hatchback,,,Vancouver,,
2022 GLC 300 4MATIC SUV - Low Mileage - with Packages,41999,"35,000",0,https://www.craigslist.org/view/d/vancouver-2022-glc-300-4matic-suv-low/aR84ARrdgHsMEYA9RvjB2N,excellent,gas,black,clean,automatic,SUV,,4wd,vancouver,,
2015 Fiat 500 Abarth 3DR HB HT,11000,"93,000",0,https://www.craigslist.org/view/d/vancouver-2015-fiat-500-abarth-3dr-hb-ht/i4V6qKAtETdyzNRVmJYPhG,excellent,gas,white,clean,manual,hatchback,4 cylinders,fwd,South Vancouver,3C3CFFFH3FT716743,
"2010 Dodge Grand Caravan SXT | Stow 'n Go | 169,000 km",4000,"169,000",0,https://www.craigslist.org/view/d/burnaby-2010-dodge-grand-caravan-sxt/ak6rUGXm5tBbwBm8pguKtu,excellent,gas,red,clean,automatic,minivan,6 cylinders,fwd,Burnaby,2D4RN4DE3AR106295,
Nissan Infiniti M45 2003,6700,"191,000",0,https://www.craigslist.org/view/d/mission-nissan-infiniti/eoTr1kiAhRkzEfyKiHgMN3,excellent,gas,silver,clean,automatic,sedan,,,mission,,
Toyota corolla clean 100 % neat condition,17495,"96,000",0,https://www.craigslist.org/view/d/burnaby-toyota-corolla-clean-100-neat/igVzP8qDgQxjUwMNGm2Cya,like new,gas,silver,clean,automatic,sedan,4 cylinders,,Vancouver,,
WTB 1967/1968 Shelby Mustang,-1,"65,000",0,https://www.craigslist.org/view/d/vancouver-wtb-shelby-mustang/svgZvAF6mEVGiztrU4XArV,,gas,,clean,manual,,,,Vancouver,,
1995 VW Eurovan Westfalia CV Camper,22500,"245,000",0,https://www.craigslist.org/view/d/vancouver-1995-vw-eurovan-westfalia-cv/hk81Z3jgRavkrKKX9VJfF1,excellent,gas,white,clean,automatic,minivan,5 cylinders,fwd,city of vancouver,,
2026 Dodge Ram 1500 Sport,69999,"18,000",0,https://www.craigslist.org/view/d/vancouver-2026-dodge-ram-1500-sport/qTJsA1RVcWTknNdFattyNS,like new,gas,black,clean,automatic,pickup,6 cylinders,4wd,city of vancouver,,
2024 BMW x6 M60i,98500,"16,000",0,https://www.craigslist.org/view/d/burnaby-2024-bmw-x6-m60i/78PqgeEnB3fNYzxC1iCW9o,new,gas,black,clean,automatic,SUV,8 cylinders,4wd,Burnaby,,
2022 bmw x3,35750,"80,000",0,https://www.craigslist.org/view/d/burnaby-2022-bmw-x3/4T6HS1YopaM35gvGNFUDH8,excellent,gas,blue,clean,automatic,SUV,4 cylinders,4wd,Burnaby,,
1981 Oldsmobile Cutlass,15000,1,0,https://www.craigslist.org/view/d/vancouver-1981-oldsmobile-cutlass/2ntYwTjcyzUK2fe7jiKug3,good,gas,black,clean,automatic,,8 cylinders,rwd,Vancouver,,
Toyota RAV4 XSE Prime 2024 -one owner,53400,"23,409",0,https://www.craigslist.org/view/d/vancouver-toyota-rav4-xse-prime-one/mvYpAVAqJZafyQEvhoeGkk,like new,hybrid,white,clean,automatic,SUV,,4wd,Vancouver,,
2008 Smart Fortwo Convertible,4500,"120,000",0,https://www.craigslist.org/view/d/vancouver-2008-smart-fortwo-convertible/w6nvVpZNFyCEUjegQQ55QK,excellent,gas,blue,clean,automatic,convertible,,,Vancouver,,
2008 Land Rover LR2 AWD,6499,"106,321",0,https://www.craigslist.org/view/d/vancouver-2008-land-rover-lr2-awd/ceUZDff8y7mv8jJNDZdWQW,,gas,,clean,automatic,SUV,,,city of vancouver,,
2020 Subaru Forester | LOW kms | CarPlay | EyeSight | Panoramic Sunroo,22500,"84,500",0,https://www.craigslist.org/view/d/vancouver-2020-subaru-forester-low-kms/296vjwh2YPBp11Fv29dZks,excellent,gas,silver,clean,automatic,SUV,4 cylinders,4wd,Vancouver,,
JEEP GRAND CHEROKEE EXCELLENT CONDITION,8500,"212,150",0,https://www.craigslist.org/view/d/vancouver-jeep-grand-cherokee-excellent/132eREnGRAsopujKtQfWaZ,excellent,gas,silver,clean,automatic,SUV,6 cylinders,4wd,Vancouver,,
2011 MERCEDES BENZ C300 4MATIC,7950,"149,180",0,https://www.craigslist.org/view/d/vancouver-2011-mercedes-benz-c300-4matic/vZnNfHEcav2PRwQ5aEK193,excellent,gas,silver,clean,automatic,sedan,6 cylinders,rwd,Vancouver,,
2008 BMW 328i RWD Sedan-Well maintained-N52 inline 6- 194k km,4000,"194,017",0,https://www.craigslist.org/view/d/vancouver-2008-bmw-328i-rwd-sedan-well/ikhpKXadyDb9Nyc86ASizn,good,gas,black,clean,automatic,sedan,6 cylinders,rwd,Vancouver,,
2019 Ford Fusion Hybrid – Titanium,15800,"128,000",0,https://www.craigslist.org/view/d/vancouver-2019-ford-fusion-hybrid/93b7ZbEbKSxYGZTik58sL1,good,hybrid,black,clean,automatic,sedan,4 cylinders,fwd,city of vancouver,,
1996  Chev 3500 1 ton  dually 4x4,6000,"240,000",0,https://www.craigslist.org/view/d/delta-northeast-1996-chev-ton-dually-4x4/5iPu4B9NGxGTbQzb1SZ6Mx,good,gas,white,clean,automatic,,8 cylinders,4wd,Delta,,
2007 Toyota Corolla S,6400,"215,000",0,https://www.craigslist.org/view/d/new-westminster-2007-toyota-corolla/7e34fqp7nbrXaEBfPReX2i,,gas,blue,rebuilt,automatic,sedan,,,New Westminster,,
2022 Corolla Hybrid for sale,24890,"139,000",0,https://www.craigslist.org/view/d/surrey-inner-northwest-2022-corolla/tLq9JbzeJGZBMGhcrL8gra,like new,hybrid,,clean,automatic,,,,city of vancouver,,
2022 Corolla Hybrid for sale,24890,"139,000",0,https://www.craigslist.org/view/d/surrey-inner-northwest-2022-corolla/owHSHbGpnDR9ceJBm5Jpyc,like new,hybrid,,clean,automatic,,,,city of vancouver,,
2007 Toyota Corolla S,6400,"215,000",0,https://www.craigslist.org/view/d/new-westminster-2007-toyota-corolla/9LEBU4jH2MjijNKrbyVCxt,,gas,blue,rebuilt,automatic,sedan,,,New Westminster,,
2017 Toyota Prius C,13400,"165,000",0,https://www.craigslist.org/view/d/new-westminster-2017-toyota-prius/9L8FsMrPfu1ooKPGYCMSgf,,hybrid,,clean,automatic,hatchback,,,city of vancouver,,
2004 Toyota Sienna,7900,"192,000",0,https://www.craigslist.org/view/d/burnaby-2004-toyota-sienna/bQwqK4acvyyce2w32yg6VZ,,gas,,clean,automatic,minivan,,,city of vancouver,,
Honda Civic 2006,4600,"247,800",0,https://www.craigslist.org/view/d/vancouver-honda-civic-2006/cdwdQ7phuMyCkJCeNXiFCb,good,gas,black,rebuilt,automatic,sedan,4 cylinders,,Vancouver,,
Mercedes Benz glc63s,60000,"89,000",0,https://www.craigslist.org/view/d/vancouver-mercedes-benz-glc63s/kB4Jgc4vZg638CRY8Rdz4b,,gas,,clean,automatic,,,,city of vancouver,,
BMW X3 2017 xDrive 28i very good condition,17000,"81,600",0,https://www.craigslist.org/view/d/vancouver-bmw-xdrive-28i-very-good/6sE8aYH7uVr5ALwgESCkGQ,like new,gas,white,clean,automatic,SUV,4 cylinders,4wd,Vancouver,5UXWX9C59H0T03001,
Honda Odyssey 2016 SE model (silver grey),23800,"93,000",0,https://www.craigslist.org/view/d/vancouver-honda-odyssey-2016-se-model/iM59nsWYFbDhMtaxq65xuv,good,gas,,clean,automatic,minivan,,,Vancouver,,
"2007 Volvo C70 T5 Turbo Convertible – 6-Speed Manual – $8,000",8000,"103,000",0,https://www.craigslist.org/view/d/whistler-2007-volvo-c70-t5-turbo/f3BC4k74C6gxkbW1FD6wcU,,gas,,clean,manual,convertible,,,Whistler,,
Kia car,6500,"105,000",0,https://www.craigslist.org/view/d/vancouver-kia-car/wLMWvPNfEn5S23t8DPgapF,,gas,,clean,automatic,,,,"Mt.,Pleasant",,
"Chev.,Aveo rio5",5500,"180,000",0,https://www.craigslist.org/view/d/vancouver-chevaveo-rio5/fj7FS7suoNrUwRPEGDDLZV,,gas,,clean,manual,,,,"Mt.,Pleasant",,
Mitsubischi Outlander 2009,5500,"204,444",0,https://www.craigslist.org/view/d/vancouver-mitsubischi-outlander-2009/gtaHWYd497dfrTz8CDFpX1,excellent,gas,grey,clean,automatic,SUV,6 cylinders,4wd,Vancouver,,
2008 Mazda3 GT Hatchback Automatic Local Clean Title,9790,"168,000",0,https://www.craigslist.org/view/d/vancouver-2008-mazda3-gt-hatchback/csLivu1XKbSTNa5VdoT7yK,excellent,gas,black,clean,automatic,hatchback,4 cylinders,fwd,city of vancouver,,
2008 Mazda3 GT Hatchback Automatic Local Clean Title,9790,"168,000",0,https://www.craigslist.org/view/d/vancouver-2008-mazda3-gt-hatchback/aP7WagGD3rVGNBCe5P1bQc,excellent,gas,black,clean,automatic,hatchback,4 cylinders,fwd,Vancouver,,
Powell,8500,"156,000",0,https://www.craigslist.org/view/d/vancouver-powell/r9Goay8wL2RcdfHodCZXhn,good,gas,blue,clean,automatic,SUV,6 cylinders,4wd,city of vancouver,,
2000 Ford E350 Food or Delivery Truck (E350 Super Duty),9800,"189,900",0,https://www.craigslist.org/view/d/port-moody-2000-ford-e350-food-or/2j7qDh2wvK9T4QMh36DCnf,good,gas,white,clean,automatic,truck,8 cylinders,rwd,Port Moody,,
Food truck for sale,80000,"65,000",0,https://www.craigslist.org/view/d/vancouver-food-truck-for-sale/f3Gy5wU56in93mFquymBbp,good,gas,custom,clean,automatic,truck,6 cylinders,4wd,Vancouver,,
BMW X3 2005,5900,"225,000",0,https://www.craigslist.org/view/d/north-vancouver-bmw-x3-2005/kwgDx1c4LbaH5SJazJpoCb,good,gas,grey,clean,automatic,SUV,6 cylinders,4wd,North Vancouver,,
2002 Acura RSX base Premium,4500,"460,000",0,https://www.craigslist.org/view/d/vancouver-2002-acura-rsx-base-premium/5yYTvAyZfUjVcXhNmjMGQ9,good,gas,black,clean,manual,hatchback,4 cylinders,fwd,South Vancouver,,
"2013 Volvo XC90 – Reliable, Well-Maintained, Priced to Sell",7500,"241,145",0,https://www.craigslist.org/view/d/vancouver-2013-volvo-xc90-reliable-well/tCJMhPpUDtiKMJvZ1xEN3X,good,gas,,clean,automatic,SUV,,,city of vancouver,,
2025 Hyundai Elantra,25500,"24,800",0,https://www.craigslist.org/view/d/vancouver-2025-hyundai-elantra/9RX7Fm1i9yswwm8oU4YrPm,like new,gas,white,lien,automatic,sedan,,fwd,Vancouver,,
Cadillac xlr,34000,"37,000",0,https://www.craigslist.org/view/d/kamloops-southwest-cadillac-xlr/5ZEuM4YCQBEUesYjNwDzLy,like new,gas,grey,clean,automatic,,8 cylinders,rwd,city of vancouver,,
2008 Toyota FJ Cruiser Trail Teams Edition | Extremely Rare | Factory,23500,"206,000",0,https://www.craigslist.org/view/d/vancouver-2008-toyota-fj-cruiser-trail/iycvG9cN2YSnCDoZEoyhC9,,gas,,clean,automatic,,,,Vancouver,,
2018 Hino 258 Flatbed Tow Truck – Excellent Condition – Ready to Work,84999,"534,142",0,https://www.craigslist.org/view/d/richmond-south-2018-hino-258-flatbed/mLTKgrKw7vYXw9uraqi6DF,excellent,diesel,white,clean,automatic,truck,8 cylinders,rwd,Richmond,,
2013 Nissan Rogue SV AWD,3450,"159,893",0,https://www.craigslist.org/view/d/vancouver-2013-nissan-rogue-sv-awd/n4PUSPS1mLULZyNUypFEDV,excellent,gas,black,clean,automatic,SUV,,4wd,Vancouver,,
2014 Prius,8000,"207,800",0,https://www.craigslist.org/view/d/vancouver-2014-prius/cpDWrBJppHjrUbxvW4c6hA,good,hybrid,grey,clean,automatic,hatchback,,,Vancouver,,
2017 Ford Mustang Gt,39950,"29,800",0,https://www.craigslist.org/view/d/abbotsford-southwest-2017-ford-mustang/jmS4eV4GjdSzhUEdgWvaDv,like new,gas,red,clean,manual,coupe,8 cylinders,rwd,city of vancouver,,
2018  MAZDA3 GT Excellent Condition,17900,"125,500",0,https://www.craigslist.org/view/d/port-coquitlam-south-2018-mazda3-gt/6UHzD7WKvvdNiDsJe4SGiT,excellent,gas,grey,clean,automatic,sedan,4 cylinders,fwd,Vancouver,,
Hyundai Veracruz 2011,7000,"195,000",0,https://www.craigslist.org/view/d/edmonton-hyundai-veracruz-2011/w3ZEocKoZ8vfCNgQixtHAo,,gas,,clean,automatic,,,,city of vancouver,,
"2012 Mercedes‑Benz GLK 350 – Fully Loaded, Meticulously Maintained – $",10500,"162,000",0,https://www.craigslist.org/view/d/vancouver-2012-mercedesbenz-glk-350/nZqWdEmMqW3o7oATj5nm2r,like new,gas,,clean,automatic,,6 cylinders,4wd,Vancouver,,
austin healey sprite project,6500,"61,332",0,https://www.craigslist.org/view/d/similkameen-austin-healey-sprite-project/v2Zi6uqSTS8iMRDTsJadwu,excellent,gas,white,clean,manual,convertible,4 cylinders,rwd,"ROSEDALE,  [ chilliwack]  bc",,
"2020 Hyundai Tucson Preferred AWD — 45,000 km | Aqua Blue",20000,"45,000",0,https://www.craigslist.org/view/d/vancouver-2020-hyundai-tucson-preferred/8QDnzDCPrW8XXVddnCxi9Z,like new,gas,,clean,automatic,SUV,,,city of vancouver,,
2021 Toyota Tacoma SR5,40000,"115,000",0,https://www.craigslist.org/view/d/chilliwack-west-2021-toyota-tacoma-sr5/35QLx4i7dywAamdkLEQcMm,excellent,gas,black,clean,automatic,truck,6 cylinders,4wd,Chilliwack,,
2009 Chev Tahoe Limited Edition (new lower price),8500,"126,000",0,https://www.craigslist.org/view/d/north-island-2009-chev-tahoe-limited/nZf5vcDKuzCg3PWdas1xCV,excellent,hybrid,white,clean,automatic,SUV,8 cylinders,4wd,city of vancouver,,
2005 Toyota Matrix,4500,"246,500",0,https://www.craigslist.org/view/d/vancouver-2005-toyota-matrix/shJdMd6nFPdmoeJs2g2gZ1,good,gas,grey,clean,automatic,hatchback,4 cylinders,fwd,Vancouver,,
Nissan Pathfinder 2014 S Automatic,7250,"181,750",0,https://www.craigslist.org/view/d/vancouver-nissan-pathfinder-2014/utUFBRqCDBSpLZKXsiKXoN,excellent,gas,silver,clean,automatic,SUV,,4wd,Vancouver,,
Mercedes Metris Cargo Van 2017,18000,"200,600",0,https://www.craigslist.org/view/d/vancouver-mercedes-metris-cargo-van-2017/2KMidDrzEXeB1sGKxcjXMC,good,gas,white,clean,automatic,van,4 cylinders,,city of vancouver,,
"1998 Jeep TJ Wrangler 4.0L 3"" Lift 33""x12.5"" KO2s",7900,"261,000",0,https://www.craigslist.org/view/d/powell-river-1998-jeep-tj-wrangler-40l/j285zbEVNS7fZP7MswQBT2,fair,gas,red,clean,manual,SUV,6 cylinders,4wd,Powell River,,
2018 Jaguar f-pace very low km no accidents,25000,"45,000",0,https://www.craigslist.org/view/d/vancouver-2018-jaguar-pace-very-low-km/3Msn7EVvTEhhL4GC8niN2n,like new,gas,grey,clean,automatic,SUV,6 cylinders,4wd,Burrard and Nelson,,
1995 Pontiac Firebird Formula Convertible,11900,"140,000",0,https://www.craigslist.org/view/d/vancouver-1995-pontiac-firebird-formula/17UdkpNyrExSEyuvUBngmr,excellent,gas,black,clean,manual,convertible,8 cylinders,,Mount Pleasant,,
1998 Lexus ES300,5000,"190,000",0,https://www.craigslist.org/view/d/vancouver-1998-lexus-es300/fFCn41rmRu539geZmsQPcH,good,gas,,clean,automatic,sedan,,fwd,Vancouver,,
2002 Chevrolet 2500HD 4x4 Ext Cab Duramax,4900,"365,000",0,https://www.craigslist.org/view/d/vancouver-2002-chevrolet-2500hd-4x4-ext/aebC8q3Y29LXfzChrmCauH,fair,diesel,blue,clean,automatic,pickup,8 cylinders,4wd,Kitsilano,,
1966 CHEVELLE MALIBU,62500,"68,000",0,https://www.craigslist.org/view/d/vernon-east-1966-chevelle-malibu/uY72WAAHhcuAWmHuife5rs,like new,gas,,clean,automatic,coupe,8 cylinders,rwd,vernon,,
"2016 Nissan Sentra | ONLY 98,465 KM | Well Maintained |",7999,"98,465",0,https://www.craigslist.org/view/d/richmond-2016-nissan-sentra-only-km/vR52aoh1N2V7oxY6RmZJGa,like new,gas,white,rebuilt,automatic,sedan,4 cylinders,fwd,Richmond,,
Kia Sportage,9900,"220,000",0,https://www.craigslist.org/view/d/vancouver-kia-sportage/wvUJF9zwPyKejEvnjrJ3HP,good,gas,black,clean,automatic,SUV,4 cylinders,4wd,city of vancouver,,
Volvo 850 turbo red wagon,9000,"326,000",0,https://www.craigslist.org/view/d/vancouver-volvo-850-turbo-red-wagon/qR9k4nPYjsyhiqzjRL6EpV,good,gas,red,clean,automatic,wagon,,,Vancouver,,
Wanted: Acura TSX 2004-2008,6666,"300,000",0,https://www.craigslist.org/view/d/richmond-wanted-acura-tsx/4ehoMk7zMofJtAPZvpnZDK,good,gas,,clean,manual,,,,city of vancouver,,
Wanted: F150/F250 1992-1996,5555,"250,000",0,https://www.craigslist.org/view/d/richmond-wanted-f150/eeazBTx24yetKy5gQWXg43,good,gas,,clean,manual,pickup,,,city of vancouver,,
2013 Lexus GS 350,25000,"75,816",0,https://www.craigslist.org/view/d/vancouver-2013-lexus-gs-350/86PP4wD96eKtp7ToVvb584,,gas,black,clean,automatic,sedan,6 cylinders,,Vancouver,,
2004 Chrysler/Mercedes-Benz crossfire for Sale,9500,"258,000",0,https://www.craigslist.org/view/d/vancouver-2004-chrysler-mercedes-benz/of4aWeDHvXnGjwTkjav97A,excellent,gas,silver,clean,manual,coupe,6 cylinders,rwd,Vancouver,,
2001 Infiniti QX4,4500,"246,000",0,https://www.craigslist.org/view/d/vancouver-2001-infiniti-qx4/e4NHB6j7WGetzr9rBRfvz4,good,gas,,rebuilt,automatic,,6 cylinders,4wd,city of vancouver,,
Acura El 2005,3500,"199,000",0,https://www.craigslist.org/view/d/vancouver-acura-el-2005/kPErViuj8tuo2pu8dh45Xm,good,gas,black,clean,automatic,sedan,4 cylinders,fwd,Vancouver,,
1969 chevrolet camaro convertible  - one owner,74000,"125,000",0,https://www.craigslist.org/view/d/vancouver-1969-chevrolet-camaro/1Rcg8eTZuBiayWsGpeyXhV,like new,gas,orange,clean,manual,,8 cylinders,,city of vancouver,,
Mazda 3 2007 - 135K,5000,"135,000",0,https://www.craigslist.org/view/d/vancouver-mazda/ffRsbwqD9esbzoMU4DLfXZ,good,gas,grey,clean,automatic,sedan,4 cylinders,fwd,Shaughnessy-Fairview,,
2023 Ford Escape Platinum 2.0L EcoBoost AWD,24900,"38,724",0,https://www.craigslist.org/view/d/vancouver-2023-ford-escape-platinum-20l/2cRT8fKAfZ4qeqJvYAZHDq,good,gas,blue,rebuilt,automatic,SUV,4 cylinders,4wd,Vancouver,,
Nissan Pathfinder,4000,"320,000",0,https://www.craigslist.org/view/d/vancouver-nissan-pathfinder/1zS8vMgx43rkr6xnkZLK1X,good,gas,brown,clean,automatic,SUV,6 cylinders,4wd,Vancouver,,
1994 lexus SC400,12500,"200,000",0,https://www.craigslist.org/view/d/vancouver-1994-lexus-sc400/pttC4SSPY1DZLMQSEsTU9N,excellent,gas,blue,clean,automatic,coupe,8 cylinders,rwd,Vancouver,,
Mercedes Benz C300,8000,"171,000",0,https://www.craigslist.org/view/d/vancouver-mercedes-benz-c300/4bw6AbiFHVS9iM1JBY1VGt,like new,gas,white,clean,automatic,sedan,6 cylinders,rwd,Vancouver,,
2007 Toyota Sequoia,9500,"397,000",0,https://www.craigslist.org/view/d/vancouver-2007-toyota-sequoia/1RzxVVZsLFCoMQgQice3At,good,gas,grey,clean,automatic,SUV,8 cylinders,4wd,Vancouver,,
2005 Toyota Hilux Turbo Diesel 4x4,24950,"112,500",0,https://www.craigslist.org/view/d/south-okanagan-2005-toyota-hilux-turbo/bcNYF4AcRvEeUM5w5Gkm5c,excellent,diesel,silver,clean,automatic,pickup,4 cylinders,4wd,"Christina Lake, BC",,
2000 infiniti Qx4  low meter,4800,"136,000",0,https://www.craigslist.org/view/d/vancouver-2000-infiniti-qx4-low-meter/vQgPSVpgzDJCzKhLjzA79v,excellent,gas,,clean,automatic,SUV,,4wd,vancouver,,
2007 Toyota Camry XLE V6,9500,"123,500",0,https://www.craigslist.org/view/d/vancouver-2007-toyota-camry-xle-v6/xBc2ndMZQCWxnukbFtJVV6,excellent,gas,brown,clean,automatic,sedan,6 cylinders,fwd,Vancouver,,
2011 Dodge Ram 5500,65900,"224,817",0,https://www.craigslist.org/view/d/squamish-2011-dodge-ram-5500/gWKGzg5FnBBmQeXw8u31VA,good,diesel,white,clean,automatic,other,6 cylinders,4wd,Squamish,,
Food truck for sale,80000,"65,000",0,https://www.craigslist.org/view/d/vancouver-food-truck-for-sale/rzzH2du9n6gftjzTjUrN6r,excellent,gas,custom,clean,automatic,truck,6 cylinders,4wd,Vancouver,,
2018 Porsche Macan,19000,"161,000",0,https://www.craigslist.org/view/d/vancouver-2018-porsche-macan/wgr9sUxysmEh3BHVLwtFmB,like new,gas,grey,clean,automatic,SUV,4 cylinders,4wd,Vancouver,,
Ford F250 4x4 Super Cab 8FT bed 6.2L V8 - 2015,18500,"135,000",0,https://www.craigslist.org/view/d/vancouver-ford-f250-4x4-super-cab-8ft/aVbhDwR4MVuPGB6naMKv7j,,gas,white,clean,automatic,pickup,8 cylinders,4wd,Vancouver,1FT7X2B66FEC42780,
Chevy Avalanche LT 4X4 - 2010,14500,"120,300",0,https://www.craigslist.org/view/d/vancouver-chevy-avalanche-lt-4x/3otrfemwrXnLrEEgWSwgGd,excellent,gas,black,clean,automatic,truck,,4wd,Vancouver,,
2010 Subaru Forester Manual,3500,"218,000",0,https://www.craigslist.org/view/d/vancouver-2010-subaru-forester-manual/5iC9U5nLpSkUcGEdv8fX7z,,gas,blue,clean,manual,,,4wd,Vancouver,,
2009 Honda Fit LX,5700,"263,400",0,https://www.craigslist.org/view/d/vancouver-2009-honda-fit-lx/hsjb52XpRT1z5CsVnhbN2o,good,gas,grey,clean,automatic,hatchback,4 cylinders,fwd,Vancouver,JHMGE88539S810625,
2009 Honda Accord Coupe for sale,7500,"173,000",0,https://www.craigslist.org/view/d/vancouver-2009-honda-accord-coupe-for/c8NyWcwXu4LjtthGttnARb,excellent,gas,silver,clean,automatic,coupe,6 cylinders,fwd,East Vancouver,,
2022 Mazda MX 5 RF,37500,"9,300",0,https://www.craigslist.org/view/d/vancouver-2022-mazda-mx-rf/rjghZ1Zcx2T8ZFfe7FXH2r,like new,gas,brown,clean,manual,convertible,other,rwd,city of vancouver,,
RARELY USED *9K KM* VINTAGE ANTIQUE CHRYSLER PROWLER (2002),48000,"9,000",0,https://www.craigslist.org/view/d/vancouver-rarely-used-9k-km-vintage/v1FaHBZrmgBAgfWo9np2Z2,like new,gas,custom,clean,automatic,convertible,,,Vancouver,,
1966 Chevy Truck,75000,200,0,https://www.craigslist.org/view/d/powell-river-1966-chevy-truck/3G7z8zhU4abFVwbcSFauGw,new,gas,blue,clean,automatic,truck,8 cylinders,rwd,Powell River,,
2011 Honda Accord Coupe 4 Cyl,9995,"174,700",0,https://www.craigslist.org/view/d/vancouver-2011-honda-accord-coupe-cyl/g2MBy7AoUNJHw6mFm3YUFB,excellent,gas,white,clean,automatic,coupe,4 cylinders,fwd,city of vancouver,,
2016 honda civic,4800,"281,197",0,https://www.craigslist.org/view/d/vancouver-2016-honda-civic/ceqzBiRRdXnkMf9PRmgSCB,excellent,gas,white,clean,automatic,sedan,4 cylinders,fwd,Vancouver,,
2007 Honda civic 4d ex,4200,"253,000",0,https://www.craigslist.org/view/d/vancouver-2007-honda-civic-4d-ex/8743fo5qyc1pDAq1dXzkbq,good,gas,white,clean,automatic,sedan,4 cylinders,fwd,Vancouver,2HGFA16887H031577,
Porsche Panamera,69978,"94,000",0,https://www.craigslist.org/view/d/vancouver-porsche-panamera/tV2ofcigEzyNndMjpBj6EW,excellent,hybrid,,lien,automatic,sedan,6 cylinders,4wd,Vancouver,WP0CE2A78KL182506,
2001 Mercedes c class sedan - teal blue,5000,"135,363",0,https://www.craigslist.org/view/d/vancouver-2001-mercedes-class-sedan/cZA7G8B6Gsxcb2335UhFQG,good,gas,blue,clean,automatic,sedan,,,Coal harbour,,
2023 Mitsubishi Mirage GT | Top Trim | Sand Yellow | 2 Sets of Wheels | Meticulo,18000,"68,000",0,https://www.craigslist.org/view/d/burnaby-2023-mitsubishi-mirage-gt-top/sUKEnEug4GNJ8F5Pg42Vk4,like new,gas,yellow,clean,automatic,hatchback,3 cylinders,fwd,Burnaby,,
"Ford E-350 campervan, van roof AC, toilet, shower, sleeps 4",21500,"186,000",0,https://www.craigslist.org/view/d/vancouver-ford-350-campervan-van-roof/7wN9SusUNxkm5cRPEg6cFS,excellent,gas,,clean,automatic,van,,,Mount Pleasant,,
2011 Volvo S80,11999,"129,000",0,https://www.craigslist.org/view/d/delta-central-2011-volvo-s80/gtw6dZ4YAtf2fbatSiyxFf,like new,gas,silver,clean,automatic,sedan,6 cylinders,fwd,Delta,,
2018 Subaru Outback 2.5i Touring w/ EyeSight AT,19999,"124,458",0,https://www.craigslist.org/view/d/vancouver-2018-subaru-outback-25i/spwbJCavYFtjZ6wSrYMTcA,good,gas,grey,clean,automatic,SUV,4 cylinders,4wd,Marpole,4S4BSDGC1J3204733,
2016 Volkswagen Golf Sportwagen 1.8T Comfortline Tiptronic,7900,"154,260",0,https://www.craigslist.org/view/d/vancouver-2016-volkswagen-golf/5cZdZLFWiGevDphRhLdF7m,fair,gas,grey,clean,automatic,wagon,4 cylinders,fwd,Marpole,3VWC17AU6GM516999,
2019 Subaru Forester Sport w/ Eyesight CVT,26999,"67,941",0,https://www.craigslist.org/view/d/vancouver-2019-subaru-forester-sport/fuaSBTNLD29GBS1Qvs3gF4,excellent,gas,blue,clean,automatic,SUV,4 cylinders,4wd,Marpole,JF2SKEKC4KH522210,
2024 Subaru Solterra RUE AWD,34999,"18,411",0,https://www.craigslist.org/view/d/vancouver-2024-subaru-solterra-rue-awd/9UAUJcGURxG14NZFQbwZ1P,excellent,electric,white,clean,automatic,SUV,other,4wd,Marpole,JTMABABA2RA051016,
2009 Subaru Impreza 4Dr 2.5 I at,9999,"58,612",0,https://www.craigslist.org/view/d/vancouver-2009-subaru-impreza-4dr-25-at/iyBmfqd7xwEfDRicmBXvkb,excellent,gas,silver,clean,automatic,sedan,4 cylinders,,Marpole,JF1GE616X9H522709,
"1954 MG TF Runs Great, Original Paint NO Rust or Wood Rot - EVER!",19885,"61,000",0,https://www.craigslist.org/view/d/burnaby-1954-mg-tf-runs-great-original/eGBNwZRZxyrtnrdszB1pRp,,gas,,clean,manual,,,,PORTLAND,,
2025 Toyota Corolla Trim L Low Mileage,25500,"11,809",0,https://www.craigslist.org/view/d/vancouver-2025-toyota-corolla-trim-low/9rK7oFXMsD8dPLJxuCDzdN,,gas,,clean,automatic,sedan,,,Vancouver,,
2003 Jeep Wrangler TJ Sport,23995,"43,000",0,https://www.craigslist.org/view/d/vancouver-2003-jeep-wrangler-tj-sport/1zp7Z3e2Bfqctb9Pg4izTD,,gas,,clean,automatic,SUV,,,city of vancouver,,
2019 Porsche Cayenne,41500,"80,700",0,https://www.craigslist.org/view/d/burnaby-2019-porsche-cayenne/vZzU19A9rMvmA2pxYJ4XsE,excellent,gas,black,clean,automatic,SUV,,,Burnaby,,
2005 gmc yukon,12000,"258,000",0,https://www.craigslist.org/view/d/coquitlam-2005-gmc-yukon/hjnwVvTVo9nYcaCfZ4JVfM,,gas,,clean,automatic,SUV,,,Coquitlam,,
"2024 prius plug-in hyb , one owner Low kM",31488,"33,880",0,https://www.craigslist.org/view/d/west-vancouver-south-2024-prius-plug-in/bkFNuQKCo6YUj5cjwAmJ7K,like new,hybrid,silver,clean,automatic,hatchback,4 cylinders,fwd,West vancouver,,
2008 Dodge Grand Caravan SE,4800,"200,000",0,https://www.craigslist.org/view/d/vancouver-2008-dodge-grand-caravan-se/4dUZ23ViAWcLR5nXXEf5fc,good,gas,,clean,automatic,minivan,6 cylinders,fwd,Vancouver,,
Mazda 5,5500,"220,000",0,https://www.craigslist.org/view/d/vancouver-mazda/jDi3dJiRDCUuNkETFiw2gy,excellent,gas,grey,clean,automatic,wagon,4 cylinders,fwd,Renfrew Heights,,
"2020 F-150 one owner, low milage",33500,"31,000",0,https://www.craigslist.org/view/d/north-vancouver-northwest-2020-150-one/1eikh7EYnP9FdWzeJLXCZj,excellent,gas,grey,clean,automatic,pickup,6 cylinders,4wd,Vancouver,,
1987 Volkswagen Westfalia Vanagon GL,35000,"345,000",0,https://www.craigslist.org/view/d/vancouver-1987-volkswagen-westfalia/cwPZB4S9yX7HE6RQWeZENQ,excellent,gas,white,clean,manual,van,,fwd,Vancouver,,
2015 Ford focus ST,13500,"118,000",0,https://www.craigslist.org/view/d/vancouver-2015-ford-focus-st/45QTF62oWAEytUhuMVsSGj,excellent,gas,white,clean,manual,hatchback,4 cylinders,fwd,Vancouver,,
2008 Lexus LS600h UI Trim,16000,"109,000",0,https://www.craigslist.org/view/d/surrey-east-2008-lexus-ls600h-ui-trim/8DCTRaa7DMTPZyT9HBJLT3,excellent,hybrid,white,clean,automatic,sedan,8 cylinders,4wd,Surrey,,
2004 TSX 6 Speed Manual,8999,"244,000",0,https://www.craigslist.org/view/d/vancouver-2004-tsx-speed-manual/rke5xPDKitRc9gCoXWoWng,excellent,gas,silver,clean,manual,sedan,4 cylinders,fwd,Vancouver,,
2005 Infiniti FX45,5000,"265,000",0,https://www.craigslist.org/view/d/vancouver-2005-infiniti-fx45/hpX1XWnCm1uUpoC7DT2dMx,excellent,gas,brown,clean,automatic,SUV,8 cylinders,4wd,Kerrisdale,,
1962 gmc : SOLD,7500,"123,456",0,https://www.craigslist.org/view/d/surrey-inner-northwest-1962-gmc-sold/vaEypV33JdejAs1rhmiVrF,good,gas,,clean,other,pickup,,rwd,Surrey,,
2019 Isuzu NRR 3 ton with possible job,33000,"300,000",0,https://www.craigslist.org/view/d/vancouver-2019-isuzu-nrr-ton-with/eDCpYZ4nZ8j5yTSMZDTEib,,diesel,,clean,automatic,truck,,,Vancouver,,
2022 Chevrolet Camaro SS,49000,"58,100",0,https://www.craigslist.org/view/d/surrey-2022-chevrolet-camaro-ss/wHoR27pUton1evGWFNadzf,like new,gas,white,clean,automatic,coupe,8 cylinders,rwd,Surrey,,
2014 Mitsubishi RVR SE S-AWC,12000,"143,300",0,https://www.craigslist.org/view/d/surrey-2014-mitsubishi-rvr-se-awc/nUSuHMTYi2uHXiaHjYNZh5,excellent,gas,grey,clean,automatic,SUV,4 cylinders,4wd,Surrey,,
2013 Ford F-150 XLT Super Crew,18000,"162,600",0,https://www.craigslist.org/view/d/surrey-2013-ford-150-xlt-super-crew/gpsvFEet7Tpqzh3fwomNCg,excellent,gas,blue,clean,automatic,truck,8 cylinders,4wd,Surrey,,
2017 Toyota Sienna LE | Bluetooth | Tri-Zone Climate Control,25000,"127,800",0,https://www.craigslist.org/view/d/surrey-2017-toyota-sienna-le-bluetooth/rBFhYcbbfBs3XTq9WPyiPX,excellent,gas,white,clean,automatic,minivan,6 cylinders,fwd,Surrey,,
2024 GMC Canyon Elevation,53000,"5,300",0,https://www.craigslist.org/view/d/surrey-2024-gmc-canyon-elevation/cv5Awoxr4WbdNgu8vNBVXt,like new,gas,grey,clean,automatic,truck,4 cylinders,4wd,Surrey,,
1999 BMW 325I | 105Km’s,5800,"105,100",0,https://www.craigslist.org/view/d/surrey-1999-bmw-325i-105kms/bkhaJVDLJcRpphjN4XixK3,like new,gas,silver,clean,automatic,sedan,6 cylinders,rwd,Surrey,,
2024 Nissan Pathfinder SV AWD,40000,"38,800",0,https://www.craigslist.org/view/d/surrey-2024-nissan-pathfinder-sv-awd/pgzrSJ3a91P1xZNmaqoXxT,like new,gas,white,clean,automatic,SUV,6 cylinders,4wd,Surrey,,
2010 Honda Ridgeline 4WD | 1 Owner | BC Local,16000,"196,600",0,https://www.craigslist.org/view/d/surrey-2010-honda-ridgeline-4wd-owner/abSJjALnvytk7YW8DoQ4UY,excellent,gas,black,clean,automatic,truck,6 cylinders,4wd,Surrey,,
Wanted: 2022 Lexus RX 350 or 450h w/ executive package,-1,"50,000",0,https://www.craigslist.org/view/d/vancouver-wanted-2022-lexus-rx-350-or/eKMZQ6HXgMhEZBMovut72c,excellent,hybrid,,clean,automatic,,,,city of vancouver,,
BMW 440i xDrive 2019,30000,"120,000",0,https://www.craigslist.org/view/d/burnaby-bmw-440i-xdrive-2019/gcdukdvGoiTRBTqRshcqsQ,like new,gas,black,clean,automatic,coupe,6 cylinders,4wd,Burnaby,,
2001 Ford Explorer Sport trac,18997,"175,000",0,https://www.craigslist.org/view/d/vancouver-2001-ford-explorer-sport-trac/m2FnFTgB5iYFdyg5kTxuCq,good,gas,,clean,automatic,SUV,6 cylinders,,VANCOUVER,,
2011 Ram 1500 Crew Cab Big Horn 4x4 with Low KM,10000,"175,300",0,https://www.craigslist.org/view/d/vancouver-2011-ram-1500-crew-cab-big/k6zZak9BAT3YAhP6zJ6j71,excellent,gas,grey,clean,automatic,truck,8 cylinders,4wd,Vancouver,,
BMW X3 xdrive3.0i,3500,"179,000",0,https://www.craigslist.org/view/d/vancouver-bmw-x3-xdrive30i/cKjzofNCYzDKR5o9ZdzpY4,excellent,gas,grey,clean,automatic,SUV,6 cylinders,4wd,Olympic village,,
Mercedes E550 AMG Edition,12000,"166,800",0,https://www.craigslist.org/view/d/port-moody-mercedes-e550-amg-edition/cagSXRAiQneNZPAKSbP1zz,like new,gas,white,clean,automatic,coupe,8 cylinders,rwd,Port Moody,,
** 2012 AUDI Q5 PREMIUM MODEL -3.2 QUATTRO **,3600,"242,400",0,https://www.craigslist.org/view/d/vancouver-audi-q5-premium-model-32/wjJyVnrq29Um7hPw9HT5QW,,gas,,clean,automatic,SUV,6 cylinders,4wd,Vancouver,,
Mercedes benz ml 350 4x4 bluetech 21 inch amg wheels,6750,"250,000",0,https://www.craigslist.org/view/d/vancouver-mercedes-benz-ml-350-4x4/kGtBaxEnDkkMTfvfAQh2y9,like new,diesel,black,clean,automatic,sedan,6 cylinders,4wd,Vancouver,,
Mini Paceman S,8900,"119,000",0,https://www.craigslist.org/view/d/vancouver-mini-paceman/9m6cB2wVMEomUMmjuUQ6bk,,gas,,clean,manual,,,,city of vancouver,,
"1999 Toyota 4runner SR5 Rarity, 57,400 kms",34000,"57,400",0,https://www.craigslist.org/view/d/vancouver-1999-toyota-4runner-sr5/rNvxnwgpY3XBDNU3tAJFeL,,gas,,clean,automatic,SUV,,,city of vancouver,,
2009 Nissan Rogue SL AWD  SUV .. Automatic.. 4 cylinders,3900,"237,000",0,https://www.craigslist.org/view/d/surrey-upper-west-2009-nissan-rogue-sl/eC3x1VQg8yrQNGeWFqT7BZ,good,gas,,clean,automatic,SUV,4 cylinders,4wd,Surrey,,
Quick Moving * 2016 Subaru WRX sports PKG . 6 speed manual*Clean Title,15500,"170,000",0,https://www.craigslist.org/view/d/surrey-upper-west-quick-moving-subaru/7vUUDc4RGP5qwgGVR3sniy,excellent,gas,,clean,manual,sedan,4 cylinders,4wd,Surrey,,
Ford Escape 2009,4500,"280,000",0,https://www.craigslist.org/view/d/vancouver-ford-escape-2009/iZpFA6SHjFoGTSx8TrCff8,good,gas,,clean,automatic,SUV,6 cylinders,4wd,East Vancouver,,
"Hyundai Accent- good on gas, easy to park",4500,"148,716",0,https://www.craigslist.org/view/d/vancouver-hyundai-accent-good-on-gas/37MZqMWzf8ET7Pkus3GJHC,,gas,,clean,automatic,,,,English Bay,,
2001 Jeep Wrangler TJ,6000,"331,500",0,https://www.craigslist.org/view/d/coquitlam-north-2001-jeep-wrangler-tj/j53q4rwo3bG1RYhN6rKn4v,good,gas,black,clean,manual,SUV,6 cylinders,4wd,Burquitlam,,
"2016 Hyundai Elantra GT FWD – Low KM – Great Price – $7,999",7998,"167,791",0,https://www.craigslist.org/view/d/richmond-2016-hyundai-elantra-gt-fwd/aUPLhcmVTozUMtWdXAUb96,,gas,brown,clean,automatic,hatchback,4 cylinders,fwd,city of vancouver,KMHD25LH3GU261969,
1997 Volkswagen Eurovan Winnebago Camper,25500,"281,758",0,https://www.craigslist.org/view/d/vancouver-1997-volkswagen-eurovan/4Z8FpDivsxe3Ey3XqLpSew,excellent,gas,white,clean,automatic,van,6 cylinders,fwd,Vancouver Fairview,WV2EH8706VH102013,
2009 BMW 328i xDrive,5500,"231,586",0,https://www.craigslist.org/view/d/vancouver-2009-bmw-328i-xdrive/p3q2uaWScjPFvndW8VzNmC,good,gas,white,clean,automatic,sedan,6 cylinders,4wd,Vancouver,,
1996 Dodge Ram 2500 diesel 5spd,13500,"430,000",0,https://www.craigslist.org/view/d/sorrento-1996-dodge-ram-2500-diesel-5spd/8zj7RwGDRTMtSJpSeiwere,good,diesel,white,rebuilt,manual,pickup,6 cylinders,4wd,Chase Bc,,
2011 Mercedes G500 G-Wagon - Dark Blue - 294k km - $24000,24000,"294,758",0,https://www.craigslist.org/view/d/vancouver-2011-mercedes-g500-wagon-dark/mb4yJJRdJpKAUTa57Tub5j,fair,gas,blue,rebuilt,automatic,truck,8 cylinders,4wd,Vancouver,,
VMC 1200 Electric Truck -Brand New ! Fleet of 148 (Quantity),-1,1,0,https://www.craigslist.org/view/d/vancouver-vmc-1200-electric-truck-brand/qWCTuQxdw8oG8BBUwYnocz,new,electric,,clean,automatic,,other,,Ferndale Wa,,
"2018 Subaru WRX Limited (single owner, 56K)",26000,"56,100",0,https://www.craigslist.org/view/d/vancouver-2018-subaru-wrx-limited/mSoujwkBk4Ys6yVkLEyi7e,excellent,gas,blue,clean,manual,sedan,4 cylinders,4wd,West End,,
2019 VW Golf 1.4t Execline,23000,"38,500",0,https://www.craigslist.org/view/d/vancouver-2019-vw-golf-14t-execline/szXpvVU2eyDRwZwMzePqit,excellent,gas,white,clean,automatic,hatchback,4 cylinders,,Vancouver,,
"1995 Dodge 3500, 12 Valve Cummins, 4 wheel drive, 5-speed standard",15000,"350,000",0,https://www.craigslist.org/view/d/sidney-1995-dodge-valve-cummins-wheel/6SrUxFKMXdoK7BSyCDdsjZ,,diesel,,clean,manual,,,,Victoria,,
Quick Moving * 2016 Subaru WRX sports PKG . 6 speed manual*Clean Title,15500,"170,000",0,https://www.craigslist.org/view/d/surrey-upper-west-quick-moving-subaru/ih4R5e82ArahDAb1SMhZZm,excellent,gas,,clean,manual,sedan,4 cylinders,4wd,Surrey,,
1969 International dump truck,7500,"1,000,000",0,https://www.craigslist.org/view/d/vancouver-1969-international-dump-truck/6FGRxtK94x658a5RWU7q5f,,gas,,clean,manual,truck,,,vancouver,,
Dodge Journey,4200,"177,300",0,https://www.craigslist.org/view/d/vancouver-dodge-journey/1yYBLMbavAfhE2oBAVzGXn,good,gas,black,clean,automatic,SUV,4 cylinders,fwd,Vancouver,,
2008 BMW X5 xDrive 4.8i No Accident 7 Seats,10800,"178,000",0,https://www.craigslist.org/view/d/vancouver-2008-bmw-x5-xdrive-48i-no/hD9uLvPw418DViFdQErE1Z,good,gas,black,clean,automatic,SUV,8 cylinders,4wd,Vancouver,,
2016 Jeep Wrangler JK Unlimited Willys,18500,"143,000",0,https://www.craigslist.org/view/d/vancouver-2016-jeep-wrangler-jk/e3QpTkri9HxFM4p8yBWbFo,good,gas,grey,clean,automatic,SUV,6 cylinders,4wd,Vancouver,1C4BJWDG2GL271148,
2009 Mazda 3 S Sedan – 2.3L 4-Cylinder – 5-Speed Manual,3800,"190,601",0,https://www.craigslist.org/view/d/vancouver-2009-mazda-s-sedan-23l/75Gdt4knmHcbgDmtVS9DWh,excellent,gas,blue,rebuilt,manual,sedan,,,city of vancouver,,
"2016 Chevrolet Cruz, excellent condition",3995,"215,000",0,https://www.craigslist.org/view/d/vancouver-2016-chevrolet-cruz-excellent/aySN4mAA4tuw5wrK4i5CwP,excellent,gas,black,clean,automatic,coupe,4 cylinders,fwd,city of vancouver,,
Nissan rouge,4450,"200,000",0,https://www.craigslist.org/view/d/vancouver-nissan-rouge/mKb2Tejy6WBGLY5wu9fawe,excellent,gas,red,clean,automatic,SUV,4 cylinders,4wd,vancouver,,
2015 Ford escape,4995,"152,000",0,https://www.craigslist.org/view/d/vancouver-2015-ford-escape/mBy5oQuphzdNnzSeN6TQHh,excellent,gas,black,clean,automatic,SUV,4 cylinders,fwd,city of vancouver,,
2005 BMW 325I E46,5000,"195,000",0,https://www.craigslist.org/view/d/vancouver-2005-bmw-325i-e46/vPTZmCKrKuUHmdXXwzNBhF,excellent,gas,grey,clean,automatic,sedan,6 cylinders,rwd,Vancouver,,
BMW 325i Series 2004,5200,"105,350",0,https://www.craigslist.org/view/d/vancouver-bmw-325i-series-2004/mcsNk8rPhRdyoRY1r2PFrc,excellent,gas,silver,clean,automatic,sedan,,rwd,Vancouver,,
2014 HONDA CIVIC SI,5500,"148,337",0,https://www.craigslist.org/view/d/surrey-2014-honda-civic-si/rCeyAUJy6otiTXDhjXpyzo,,gas,,clean,other,,,,"63 - 15988 32nd Avenue Surrey, BC,",,
MERCEDES BENZ,6000,"350,000",0,https://www.craigslist.org/view/d/burnaby-mercedes-benz/tFvw1m6rpobJFZZ2MZHxxA,fair,diesel,,clean,automatic,,,,Burnaby,,
2007 Toyota RAV4,6000,"312,000",0,https://www.craigslist.org/view/d/vancouver-2007-toyota-rav4/66Rr8R7waURmJmFTKPSrWH,good,gas,red,clean,automatic,SUV,6 cylinders,4wd,Vancouver,,
Audi TT Convertible 2003,6000,"138,700",0,https://www.craigslist.org/view/d/vancouver-audi-tt-convertible-2003/kNQ449D1hhuSfBNLJm7fUj,good,gas,blue,rebuilt,automatic,convertible,4 cylinders,fwd,Vancouver,,
2010 Mazda CX-9 GS with Luxury Package,6590,"146,977",0,https://www.craigslist.org/view/d/vancouver-2010-mazda-cx-gs-with-luxury/qH9tunjMYwUmu5qNCXBhpu,good,gas,silver,clean,automatic,SUV,6 cylinders,4wd,city of vancouver,,
2013 Mitsubishi I-Miev Electric Car,6999,"32,000",0,https://www.craigslist.org/view/d/burnaby-2013-mitsubishi-miev-electric/rseRttwRj1izGX4ooaiReQ,excellent,electric,,clean,automatic,,other,rwd,Bby,,
"1989 BMW 325i convertible, 5spd",17800,"222,500",0,https://www.craigslist.org/view/d/burnaby-1989-bmw-325i-convertible-5spd/33XYyjiGwU35PcapomzV3C,excellent,gas,white,clean,manual,convertible,6 cylinders,rwd,Burnaby,,
"2018 Ford Transit 150 Cargo Van, Shelving, LOW KM!",27480,"110,000",0,https://www.craigslist.org/view/d/new-westminster-southwest-2018-ford/eBocbTrt6wDjgaoE6rSXHn,,gas,white,clean,automatic,van,6 cylinders,rwd,burnaby/newwest,,
"2015 Ford F550 Service Truck, 6.7L Diesel, 4x4!",24980,"195,000",0,https://www.craigslist.org/view/d/new-westminster-southwest-2015-ford/qKipvpbCuJYy91nGdqGbhu,,diesel,white,clean,automatic,truck,8 cylinders,4wd,burnaby/newwest,,
2018 Mercedes-Benz Sprinter 2500 Reefer Van / Cargo Van,19980,"385,000",0,https://www.craigslist.org/view/d/new-westminster-southwest-2018-mercedes/gVTWtjTQtFRfruCwzQNX1b,,diesel,white,clean,automatic,van,6 cylinders,rwd,burnaby/newwest,,
2020 Ford Transit 250 AWD Cargo Van,22450,"295,000",0,https://www.craigslist.org/view/d/new-westminster-southwest-2020-ford/46h41UznAzjxwQtipWXxu8,,gas,white,clean,automatic,van,6 cylinders,4wd,burnaby/newwest,,
2020 Tesla Model 3,21500,"180,000",0,https://www.craigslist.org/view/d/surrey-2020-tesla-model/hkrRex8T74zNhbmn2q5NwX,,electric,,clean,automatic,,,,Surrey,,
2013 Lexus ES 350,12800,"240,000",0,https://www.craigslist.org/view/d/surrey-2013-lexus-es-350/4cVNogiEskYHtTqtgURdvc,excellent,gas,,clean,automatic,,,,Surrey,,
2015 Ford F-150 XLT 4x4 3.5L EcoBoost,10500,"370,000",0,https://www.craigslist.org/view/d/surrey-2015-ford-150-xlt-4x4-35l/6G3XirfJfNDiCUZhtUTXJa,excellent,gas,,clean,automatic,,,,Surrey,,
1981 Corvette 4 speed manual,26900,"99,000",0,https://www.craigslist.org/view/d/surrey-1981-corvette-speed-manual/4UGqTup9Gee7BfPib1rNYN,like new,gas,black,clean,manual,,8 cylinders,,Surrey,CLEAN,
2018 Kia Stinger GT2,18900,"200,000",0,https://www.craigslist.org/view/d/surrey-2018-kia-stinger-gt2/k8xSo5tX6WYjMejJ6mXFCj,excellent,gas,,clean,automatic,,,,Surrey,,
2017 Volkswagen Jetta,12500,"210,000",0,https://www.craigslist.org/view/d/surrey-2017-volkswagen-jetta/j7152uFJtEWxjMmXXAGpqw,excellent,gas,,clean,automatic,,,,Surrey,,
2010 Range Rover Sport,8100,"265,000",0,https://www.craigslist.org/view/d/surrey-2010-range-rover-sport/vgDkqr5SwNBcv6ifda33YV,excellent,gas,,clean,automatic,,,,Surrey,,
1998 Mercedes SLK230,8000,"64,000",0,https://www.craigslist.org/view/d/burnaby-1998-mercedes-slk230/w3HVNDxcjmi8bzSQzYYRSX,excellent,gas,silver,clean,automatic,sedan,4 cylinders,rwd,North Burnaby,WDB1704471F101790,
2002 Mercedes SLK320,7000,"98,000",0,https://www.craigslist.org/view/d/burnaby-2002-mercedes-slk320/i9XkhRF345PqN9eXpCzANk,excellent,gas,silver,clean,automatic,convertible,6 cylinders,rwd,North Burnaby,WDBKK65F32F262497,
Mercedes-Benz 380 SL 1981 CLASSIC Convertible!!,19800,"141,000",0,https://www.craigslist.org/view/d/port-coquitlam-central-mercedes-benz/dq4JF8NCgdmhRpSBECTE2S,excellent,gas,white,clean,automatic,convertible,8 cylinders,rwd,Burnaby,,
"1994 Honda ACTY Truck AWD Manual 127,000km timing belt replaced",7000,"127,000",0,https://www.craigslist.org/view/d/new-westminster-southwest-1994-honda/ubYD7URZu4T1arEzScWKW5,excellent,gas,white,clean,manual,truck,3 cylinders,4wd,New wesminster,,
"1990 Nissan 300zx 2+2 NA Auto T-Tops ~ 152,000km",3750,"152,000",0,https://www.craigslist.org/view/d/surrey-outer-northwest-1990-nissan/u5EVwkMkAmguj1UKtwdABZ,fair,gas,red,clean,automatic,coupe,6 cylinders,rwd,Surrey,,
"2002 Toyota Corolla Plus Sedan Local Car Clean Title 201,000 Kms",4450,"201,000",0,https://www.craigslist.org/view/d/new-westminster-southwest-2002-toyota/iJNXexrDDzTRxV4ya2fRtS,,gas,,clean,automatic,sedan,4 cylinders,,burnaby/newwest,,
2015 Ford Focus SE 2.0L Local Car Clean Title Service Records 163 Kms,6900,"163,000",0,https://www.craigslist.org/view/d/new-westminster-southwest-2015-ford/6kyEZCruDaySKa8oDaCLzt,,gas,,clean,manual,hatchback,4 cylinders,fwd,burnaby/newwest,,
2014 Nissan Rogue Local SUV Clean Title 2nd Owner,7900,"189,000",0,https://www.craigslist.org/view/d/new-westminster-southwest-2014-nissan/9WggD7WvU9xGBjxYNeDr2F,,gas,,clean,automatic,SUV,4 cylinders,,burnaby/newwest,,
2005 Honda Civic Sedan Clean Title Just Serviced New Brakes 240 Kms,4450,"240,000",0,https://www.craigslist.org/view/d/new-westminster-southwest-2005-honda/kqmjCUnjDr1Q2udmAcxcUh,,gas,,clean,automatic,sedan,,,burnaby/newwest,,
2004 Chrysler Sebring LX Convertible Local Car Clean Title 149 Kms,6900,"149,000",0,https://www.craigslist.org/view/d/new-westminster-southwest-2004-chrysler/uTpzqXcnY9KmAn3o9tUAPM,good,gas,,clean,automatic,convertible,,,burnaby/newwest,,
"2020 Chevrolet Express 4500 Bus, New CVI",29980,"240,000",0,https://www.craigslist.org/view/d/new-westminster-southwest-2020/6F8tqfXk2rskC5VgqWiCw5,,gas,white,clean,automatic,bus,8 cylinders,rwd,burnaby/newwest,,
"2014 Ram ProMaster 2500 Cargo Van, High Roof, LOW KM",23480,"150,000",0,https://www.craigslist.org/view/d/new-westminster-southwest-2014-ram/rVrYAVqTrVgRMJoA1CWuh3,,gas,white,clean,automatic,van,6 cylinders,fwd,burnaby/newwest,,
"2020 Mercedes-Benz Sprinter 3500 Reefer Van, High Roof Extended!",27450,"230,000",0,https://www.craigslist.org/view/d/new-westminster-southwest-2020-mercedes/oTkCgPyCFArQd1VfB1boZv,,diesel,white,clean,automatic,van,6 cylinders,rwd,burnaby/newwest,,
Nissan Rogue AWD 2026 NEW!,26800,"9,000",0,https://www.craigslist.org/view/d/burnaby-nissan-rogue-awd-2026-new/s3rpfpwqnK4yEUUevKZzPj,new,gas,black,rebuilt,automatic,SUV,4 cylinders,4wd,Burnaby,,
Prius Prime!,23800,"73,400",0,https://www.craigslist.org/view/d/burnaby-prius-prime/bXXacg81bY16M8oG41XoDS,excellent,hybrid,white,clean,automatic,hatchback,4 cylinders,,metrotown,,
2001 Porsche 996 Turbo manual 44800km only,98000,"44,800",0,https://www.craigslist.org/view/d/burnaby-2001-porsche-996-turbo-manual/aatP4s2Ma65ui1UWGnQufj,like new,gas,black,clean,manual,coupe,6 cylinders,4wd,Burnaby,,
2013 Acura TL SH-AWD only 46000km  No accident,23000,"46,000",0,https://www.craigslist.org/view/d/burnaby-2013-acura-tl-sh-awd-only/bQMJoBL7hCzpNSp8e3iSRx,like new,gas,white,clean,automatic,sedan,6 cylinders,4wd,Burnaby,,
2015 FORD CONNECT For Sale!,12800,"176,000",0,https://www.craigslist.org/view/d/burnaby-2015-ford-connect-for-sale/viEVSn3PxEMVpAMYxYr9At,excellent,gas,white,clean,automatic,van,4 cylinders,4wd,Burnaby,,
Mercedes Benz C230 2007 for Sale!,6800,"126,000",0,https://www.craigslist.org/view/d/burnaby-mercedes-benz-for-sale/mBFX3kdner5FLs1zCxVaAB,excellent,gas,silver,clean,automatic,sedan,6 cylinders,rwd,Burnaby,,
2010 Hyundai Santa Fe Limited (AWD) - CarPlay/ Low Km,5900,"177,000",0,https://www.craigslist.org/view/d/new-westminster-northeast-2010-hyundai/1ZSExa9Y5JvfaRHpi1ousR,good,gas,silver,clean,automatic,SUV,6 cylinders,4wd,New Westminster,5NMSHDAG3AH409390,
2001 Dodge Ram 2500 Cummins 4x4 Manual + Heavy Duty Dump Trailer,8000,"226,027",0,https://www.craigslist.org/view/d/burnaby-2001-dodge-ram-2500-cummins-4x4/1fu2rEZ2Cy3ZEAq8QnjNJY,good,diesel,white,clean,manual,pickup,6 cylinders,4wd,Burnaby,3B7KF26701M506921,
"2011 V.W, Jetta 4 Doors, Automatic",4300,"180,251",0,https://www.craigslist.org/view/d/burnaby-2011-vw-jetta-doors-automatic/wjmUw4xNy2SKC4NrWQdZbf,excellent,gas,silver,rebuilt,automatic,sedan,4 cylinders,fwd,Burnaby,,
Jaguar XKR supercharged convertible collector grade.,16900,"181,000",0,https://www.craigslist.org/view/d/burnaby-jaguar-xkr-supercharged/sM9JrEH3rFkfGqC4gu2y1S,excellent,gas,silver,clean,automatic,convertible,,rwd,Burnaby,,
1993 Volvo 240 DL  safe Swedish tank,13888,"189,000",0,https://www.craigslist.org/view/d/richmond-west-1993-volvo-240-dl-safe/rPJjs89FbrTveMGp48xjqh,,gas,,clean,automatic,sedan,,rwd,Richmond,,
1991 vw westfalia 4 speed fully restored,25999,"147,000",0,https://www.craigslist.org/view/d/richmond-west-1991-vw-westfalia-speed/84GDP3cUwHvcGHVDPx6pQy,,gas,,clean,manual,minivan,4 cylinders,rwd,/Richmond,,
Sold.     Sold    2005 Mercedes E350 sold.. sold,3333,"169,000",0,https://www.craigslist.org/view/d/richmond-west-sold-sold-2005-mercedes/gooZkZx6Fnskf8vPRvzmqA,,gas,,clean,automatic,coupe,,4wd,Richmond,,
2012 Honda civic lx 4dr manual excellent car,4500,"230,000",0,https://www.craigslist.org/view/d/new-westminster-northeast-2012-honda/p5ab4hqu91xNgF7Vt2PmFp,excellent,gas,black,clean,manual,sedan,4 cylinders,fwd,New westminster,,
2000 Chevrolet Malibu LS - Fully Loaded - Original Burgundy Paint - On,3500,"219,634",0,https://www.craigslist.org/view/d/new-westminster-2000-chevrolet-malibu/wCzvhcDrexo51DcMDTJ1jy,excellent,gas,custom,clean,automatic,sedan,6 cylinders,fwd,New Westminster,1G1NE52J4Y6337413,
GMC TOP KICK 6500 Arborist DUmp Truck,35000,"87,000",0,https://www.craigslist.org/view/d/burnaby-gmc-top-kick-6500-arborist-dump/aJyD36RVDD7GCR9z8EoeSQ,excellent,gas,orange,clean,automatic,truck,8 cylinders,rwd,burnaby,,
2011 Mini Cooper only 118000 kms warranty provided,9500,"119,000",0,https://www.craigslist.org/view/d/burnaby-2011-mini-cooper-only-kms/kvdUEBG1YTkn58xFZ5DxrT,excellent,gas,,clean,automatic,hatchback,4 cylinders,fwd,Burnaby,,
2011 Mini Cooper only 118000 kms warranty provided,9500,"119,000",0,https://www.craigslist.org/view/d/burnaby-2011-mini-cooper-only-kms/u1dcCSdp5ADC1ZupdM1BnL,excellent,gas,,clean,automatic,hatchback,4 cylinders,fwd,Burnaby,,
2011 Mini Cooper only 118000 kms warranty provided,9500,"119,000",0,https://www.craigslist.org/view/d/burnaby-2011-mini-cooper-only-kms/3hBZQAtg6XY6sy1ZTHb6zG,excellent,gas,,clean,automatic,hatchback,4 cylinders,fwd,Burnaby,,
2011 Mini Cooper only 118000 kms warranty provided,9500,"119,000",0,https://www.craigslist.org/view/d/burnaby-2011-mini-cooper-only-kms/u5t9G64Z7eCiKZxhwHMtNy,excellent,gas,,clean,automatic,hatchback,4 cylinders,fwd,Burnaby,,
2011 Mini Cooper only 118000 kms warranty provided,9500,"119,000",0,https://www.craigslist.org/view/d/burnaby-2011-mini-cooper-only-kms/dD76kenofr7LSZP6cXeMh5,excellent,gas,,clean,automatic,hatchback,4 cylinders,fwd,Burnaby,,
2011 Mini Cooper only 118000 kms warranty provided,9500,"119,000",0,https://www.craigslist.org/view/d/burnaby-2011-mini-cooper-only-kms/h3dt7ZAwtHLkL9vYXFobh5,excellent,gas,,clean,automatic,hatchback,4 cylinders,fwd,Burnaby,,
2001 Toyota Highlander,8500,"377,000",0,https://www.craigslist.org/view/d/burnaby-2001-toyota-highlander/rpN2zEVPYhAgQcsB5dZDqM,excellent,gas,,clean,automatic,SUV,6 cylinders,4wd,burnaby,,
2010 Honda Ridgeline RTL Top of the line model (RTL),15900,"192,349",0,https://www.craigslist.org/view/d/burnaby-2010-honda-ridgeline-rtl-top-of/82VD6psxnHV651YzFQwGe4,excellent,gas,black,clean,automatic,pickup,6 cylinders,4wd,Burnaby,,
"2016 Honda Civic LX Sedan – 6-Speed Manual – 146,881 KM – $8,500 OBO",8500,"146,881",0,https://www.craigslist.org/view/d/coquitlam-2016-honda-civic-lx-sedan/xsfV4qAf8GVauGziCsYZQY,,gas,,rebuilt,manual,sedan,,,burnaby/newwest,,
🔥 2010 CHEVROLET SUBURBAN 2500 HD – 9 PASSENGER – 6.0L V8 🔥,19900,"217,000",0,https://www.craigslist.org/view/d/delta-chevrolet-suburban-2500-hd/5MLv4XN4zcpyiAU8KkMV93,excellent,gas,grey,clean,automatic,SUV,8 cylinders,4wd,Delta,,
2007 volvo xc70 awd,4999,"220,000",0,https://www.craigslist.org/view/d/coquitlam-2007-volvo-xc70-awd/1LB2GQQqEmwBLWtbjdEL14,excellent,gas,brown,rebuilt,automatic,wagon,5 cylinders,4wd,Coquitlam,,
2010 dodge grand caravon only 83409km original. Auto V6,8500,"83,409",0,https://www.craigslist.org/view/d/surrey-2010-dodge-grand-caravon-only/7gfZ3fCvtpcLij1f8ykQq2,like new,gas,,clean,automatic,minivan,6 cylinders,fwd,SURREY,,
"1958 Chevrolet Biscayne 4 dr , 2sp auto",15000,"68,000",0,https://www.craigslist.org/view/d/vancouver-1958-chevrolet-biscayne-dr/5xFS6c63xQ82Tki3PjyKHs,,gas,,clean,automatic,,,,Burnaby,,
Mazda,21000,"75,999",0,https://www.craigslist.org/view/d/vancouver-mazda/t3yC84GFKDFbrqNdGjJEd7,,gas,,clean,manual,convertible,,,burnaby/newwest,,
2020 BMW 330I Xdrive,29000,"123,000",0,https://www.craigslist.org/view/d/burnaby-2020-bmw-330i-xdrive/ejvnjazYrk2xq7AY6Uw9Hj,excellent,gas,black,clean,automatic,sedan,4 cylinders,4wd,Burnaby,,
2007 Ford E450 Cube Truck,11000,"305,000",0,https://www.craigslist.org/view/d/burnaby-2007-ford-e450-cube-truck/6VjPcwm3QpWJD9Zi2LxSWf,good,diesel,white,clean,automatic,truck,,,Burnaby,,
Lexus,6200,"226,000",0,https://www.craigslist.org/view/d/burnaby-lexus/ueDiMtfe4RBuS19DwPohsf,,gas,,clean,automatic,,,,burnaby/newwest,,
1972 chevy pick up truck,20000,"92,000",0,https://www.craigslist.org/view/d/chilliwack-west-1972-chevy-pick-up-truck/u7ZcV7UUChmRgziKfZg4yu,excellent,gas,grey,clean,automatic,truck,8 cylinders,rwd,chilliwack,,
Hudson Terraplane,12500,"6,900",0,https://www.craigslist.org/view/d/surrey-hudson-terraplane/cxaC81ytbc2AiY9okyjp19,excellent,gas,grey,clean,manual,sedan,6 cylinders,rwd,SURREY,,
1951 Ford deluxe sedan - shoebox,18500,617,0,https://www.craigslist.org/view/d/coquitlam-1951-ford-deluxe-sedan-shoebox/nxAhJxmn9i557Tj73AFXFu,good,gas,green,clean,manual,sedan,8 cylinders,rwd,Coquitlam West,,
2002 FORD E350 SUPER DUTY,12000,"358,000",0,https://www.craigslist.org/view/d/vancouver-2002-ford-e350-super-duty/iTM6shPoDR2AEjh6CLcNWL,good,gas,white,clean,automatic,truck,,,Vancouver,,
2000 GMC T8500 EXC CONDITION,24000,"250,000",0,https://www.craigslist.org/view/d/vancouver-2000-gmc-t8500-exc-condition/8YpuWxFZw7KGAF71nis1fp,like new,diesel,red,clean,automatic,truck,6 cylinders,,Burnaby,1GDL7C1CXYJ522946,
*2000 GMC T7500 26FT PWR TAILGATE LOW KMS*,22000,"207,000",0,https://www.craigslist.org/view/d/vancouver-2000-gmc-ft-pwr-tailgate-low/2Z66Aq94vm68vMvZ2N5jUo,excellent,diesel,white,clean,automatic,truck,other,,Burnaby,,
2000 GMC T8500 EXC CONDITION,22000,"250,000",0,https://www.craigslist.org/view/d/vancouver-2000-gmc-t8500-exc-condition/853T5RrAiTKwnGMozLM8Md,like new,diesel,red,clean,automatic,truck,6 cylinders,,Burnaby,1GDL7C1CXYJ522946,
2000 GMC T8500 EXC CONDITION,22000,"250,000",0,https://www.craigslist.org/view/d/vancouver-2000-gmc-t8500-exc-condition/4iHxv3S5Fr3JwAtsv7aFFW,like new,diesel,red,clean,automatic,truck,6 cylinders,,Burnaby,1GDL7C1CXYJ522946,
2013 Acura TL SH-AWD only 46000km  No accident,23000,"46,000",0,https://www.craigslist.org/view/d/burnaby-2013-acura-tl-sh-awd-only/xspFvuUqQCwjSrcfZc8iEH,like new,gas,white,clean,automatic,sedan,6 cylinders,4wd,Burnaby,,
2001 Porsche 996 Turbo manual 44800km only,98000,"44,800",0,https://www.craigslist.org/view/d/burnaby-2001-porsche-996-turbo-manual/jgWf2H2JBA3R5vh7skFzyn,like new,gas,black,clean,manual,coupe,6 cylinders,4wd,Burnaby,,
2013 Acura TL SH-AWD only 46000km  No accident,23000,"46,000",0,https://www.craigslist.org/view/d/burnaby-2013-acura-tl-sh-awd-only/gXmkBvpgk4wRXfcjSjqeQz,like new,gas,white,clean,automatic,sedan,6 cylinders,4wd,Burnaby,,
ROGUE,8300,"108,000",0,https://www.craigslist.org/view/d/vancouver-rogue/gZxtJFD8jGyuTRHy1sDeot,good,gas,white,clean,automatic,SUV,4 cylinders,4wd,Burnaby,,
1997 Chrysler L. H. S.,5000,"64,745",0,https://www.craigslist.org/view/d/burnaby-1997-chrysler-h/cVdESjeoqCzAKkR7nghWAP,excellent,gas,blue,clean,automatic,sedan,6 cylinders,fwd,North Burnaby,,
2016 Hyundai Elantra,9800,"115,000",0,https://www.craigslist.org/view/d/new-westminster-southwest-2016-hyundai/hrD9XXMdxBcxjFeruGtrph,excellent,gas,white,clean,automatic,sedan,4 cylinders,fwd,New Westminster,,
🚛 2020 Freightliner Cascadia 125 high-roof sleeper – selling fast!,61500,"671,000",0,https://www.craigslist.org/view/d/burnaby-freightliner-cascadia-125-high/uvJHNMS9iV5o151x4ViESz,excellent,diesel,,clean,automatic,truck,,,burnaby/newwest,,
2018 Hyundai Santa Fe Sport AWD,17999,"59,523",0,https://www.craigslist.org/view/d/burnaby-2018-hyundai-santa-fe-sport-awd/58ZsEGCEh9w5hDz89pqzkP,excellent,gas,grey,clean,automatic,SUV,4 cylinders,4wd,Burnaby,5XYZUDLB9JG539633,
2018 Mercedes-Benze B250-55880KM- All Wheel Drive,21900,"55,880",0,https://www.craigslist.org/view/d/new-westminster-southwest-2018-mercedes/gsQiwVPd6vpWMGnokJFeej,like new,gas,white,clean,automatic,hatchback,4 cylinders,4wd,New Westminster,,
"2009 Honda Vamos RWD 95,000km NEW TIMING BELT",8000,"95,000",0,https://www.craigslist.org/view/d/new-westminster-southwest-2009-honda/6ne8HKo6iYosGA3oJrSdT3,excellent,gas,black,clean,automatic,van,3 cylinders,rwd,New Westminster,,
2002 Suzuki Every Join 4WD 73km A/C Clean Title,6300,"73,000",0,https://www.craigslist.org/view/d/new-westminster-southwest-2002-suzuki/11qXmgLQ5ffc5eHaddW7iZ,excellent,gas,silver,clean,automatic,SUV,3 cylinders,4wd,New Westminster,,
2006 Toyota Matrix XRS,10000,"218,285",0,https://www.craigslist.org/view/d/burnaby-2006-toyota-matrix-xrs/7sUYgoKJMGXYRy5qroJGYZ,good,gas,black,clean,manual,wagon,4 cylinders,fwd,Burnaby,,
GIO electric New,5500,"1,000",0,https://www.craigslist.org/view/d/vancouver-gio-electric-new/hKEHziVvjJmPeKjW9jwBpP,new,electric,blue,clean,automatic,,,4wd,burnaby/newwest,,
Honda Civic 2014 Touring,6900,"195,000",0,https://www.craigslist.org/view/d/new-westminster-honda-civic-2014-touring/fLAcxq2kuzreihaJ3RUdY3,good,gas,blue,clean,automatic,sedan,4 cylinders,,New Westminster,,
"FS: 2019 BMW M550i xDrive AWD - Low Km, Well Maintained, Local Car",49000,"59,300",0,https://www.craigslist.org/view/d/burnaby-fs-2019-bmw-m550i-xdrive-awd/jc9QUXLBAzfQiduq1hp2dW,excellent,gas,blue,clean,automatic,sedan,8 cylinders,,Burnaby,,
"2003 GMC SONOMA LOW LOW KMS!! 93,500!!",7999,"93,500",0,https://www.craigslist.org/view/d/burnaby-2003-gmc-sonoma-low-low-kms/hAfMDrASHyTD51JvvK8PQ7,excellent,gas,white,clean,automatic,pickup,6 cylinders,rwd,Burnaby,,
2013 Fiat 500 sport,9000,"95,332",0,https://www.craigslist.org/view/d/burnaby-2013-fiat-500-sport/chiqEq5p1FnsdbvT7obWdU,excellent,gas,white,clean,automatic,hatchback,4 cylinders,fwd,Burnaby,,
2017 Hyundai Veloster,7000,"191,000",0,https://www.craigslist.org/view/d/burnaby-2017-hyundai-veloster/cZC8kEqGJx8nQ4WCPXW4D4,good,gas,white,clean,automatic,coupe,,,Burnaby,,
2019 Hyundai Ioniq Plug-in Hybrid,9499,"278,837",0,https://www.craigslist.org/view/d/coquitlam-2019-hyundai-ioniq-plug-in/fTdkZ8hsaZTGi7bHyJawtS,good,hybrid,black,clean,automatic,hatchback,4 cylinders,,Coquitlam,KMHC65LD0KU174794,
Toyota Tacoma SR5,7700,310,0,https://www.craigslist.org/view/d/burnaby-toyota-tacoma-sr5/at1wCRXDmdFdnPS7uDkp8r,good,gas,blue,clean,automatic,SUV,4 cylinders,rwd,burnaby/newwest,,
2013 Mitsubishi Lancer,4750,"271,800",0,https://www.craigslist.org/view/d/burnaby-2013-mitsubishi-lancer/xvmhZZ3YSu3TkLdAHgxdQG,excellent,gas,,rebuilt,automatic,hatchback,,,burnaby/newwest,,
2020 Audi Q8 55 TFSI quattro Progressiv,36800,"80,000",0,https://www.craigslist.org/view/d/coquitlam-2020-audi-q8-55-tfsi-quattro/s5xpRKb5KrAELcHuDD6z1L,excellent,gas,grey,clean,automatic,SUV,,,Burnaby,,
2003 Mercedes E-500,8500,"314,500",0,https://www.craigslist.org/view/d/vancouver-2003-mercedes-500/jsN6k8gzyiLa9LQUhynnM2,excellent,gas,silver,rebuilt,automatic,sedan,8 cylinders,rwd,Burnaby,,
2016 BMW 428i,14000,"116,220",0,https://www.craigslist.org/view/d/vancouver-2016-bmw-428i/vteU8i8oozoTRhUrVtAbFh,excellent,gas,white,rebuilt,automatic,coupe,,,Burnaby,,
2018 Mercedes-Benz GLE 400 4MATIC,28750,"90,389",0,https://www.craigslist.org/view/d/burnaby-2018-mercedes-benz-gle-400/qdVfw6Z4BhTEwubCPWX2LG,excellent,gas,grey,clean,automatic,SUV,6 cylinders,4wd,New Westminster,4JGDA5GB7JB070678,
Porsche 911 Carrera C4S,45000,"40,000",0,https://www.craigslist.org/view/d/west-vancouver-porsche-911-carrera-c4s/vpGdhPDXxe7m45JG3zP9oR,,gas,,clean,manual,coupe,,,Vancouver,,
Kia Optima SX,3750,"185,000",0,https://www.craigslist.org/view/d/coquitlam-kia-optima-sx/m1E86a6zDScNTajKLPbGDz,good,gas,grey,clean,automatic,sedan,,4wd,Coquitlam,,
Volkswagen Touareg TDI,12800,"243,000",0,https://www.craigslist.org/view/d/new-westminster-northeast-volkswagen/jJDNfE9STXzW9NXex6PKaZ,excellent,diesel,black,clean,automatic,SUV,6 cylinders,4wd,New Westminster,,
2018 Subaru Crosstrek Touring AWD,22500,"137,000",0,https://www.craigslist.org/view/d/port-moody-2018-subaru-crosstrek/qUek5DMWtCuRLZYXqpk75C,like new,gas,white,clean,automatic,SUV,,4wd,Port Moody,,
2019 Ford Escape AWD,12800,"131,000",0,https://www.craigslist.org/view/d/new-westminster-southwest-2019-ford/8aXSDSqJy6wV687iyA4fEm,excellent,gas,black,clean,automatic,SUV,4 cylinders,4wd,New Westminster,,
2014 Chevrolet Cruze LT,5800,"146,000",0,https://www.craigslist.org/view/d/new-westminster-southwest-2014/k1py9cjuYDeWa6WKELh99Y,excellent,gas,,clean,automatic,sedan,4 cylinders,fwd,New Westminster,,
"🚙 2014 Nissan Murano SL AWD – Fully Loaded – Black Leather Interior
",7000,"175,543",0,https://www.craigslist.org/view/d/burnaby-nissan-murano-sl-awd-fully/fZMpcsVRZirAkLGJayLysg,good,gas,blue,rebuilt,automatic,SUV,6 cylinders,4wd,Burnaby,,
NISSAN ROGUE,8300,"108,000",0,https://www.craigslist.org/view/d/vancouver-nissan-rogue/bz1Epz8oSjCxr9bgL4qsR6,good,gas,white,clean,automatic,SUV,4 cylinders,4wd,Burnaby,,
2001 Mitsubishi Delica L400,12500,"161,000",0,https://www.craigslist.org/view/d/burnaby-2001-mitsubishi-delica-l400/nxeARGYcGdiEqL1U4P93AW,good,gas,,clean,automatic,minivan,,4wd,burnaby/newwest,,
2003 Cadillac CTS,6000,"153,430",0,https://www.craigslist.org/view/d/burnaby-2003-cadillac-cts/dLqzVbRantAGcwN1Qi6QZs,excellent,gas,blue,clean,automatic,sedan,6 cylinders,rwd,Burnaby,,
2002 Acura RSX - 5 Speed Manual,5700,"209,000",0,https://www.craigslist.org/view/d/burnaby-2002-acura-rsx-speed-manual/eu9NKBR62u5ttpvbvy6ehi,fair,gas,red,clean,manual,,4 cylinders,,Burnaby,,
2017 Volkswagen Tiguan Highline,11400,"115,000",0,https://www.craigslist.org/view/d/richmond-northeast-2017-volkswagen/4WmXxzJqRUrSJ6vpBoPVfK,excellent,gas,black,rebuilt,automatic,SUV,4 cylinders,4wd,burnaby/newwest,,
2010 Mitsubishi Lancer,6999,"135,000",0,https://www.craigslist.org/view/d/burnaby-2010-mitsubishi-lancer/36aT5TyeH7KX6PEb1N9rVp,excellent,gas,red,rebuilt,automatic,sedan,,fwd,Burnaby,,
2015 Nissan Murano Platinum - AWD- Loaded - Excellent Condition,13900,"116,500",0,https://www.craigslist.org/view/d/burnaby-2015-nissan-murano-platinum-awd/a8ssgjt2ifwJgFaYRYAqon,,gas,,clean,automatic,SUV,,,Burnaby,,
2022 Ford F150 XLT FOUR THOUSAND KILOMETERS,41500,"5,004",0,https://www.craigslist.org/view/d/burnaby-2022-ford-f150-xlt-four/uPb7zMewXPt9MRcrecJ77S,new,gas,blue,rebuilt,automatic,pickup,6 cylinders,4wd,burnaby,1FTFW1E83NKE89163,
2016 Jaguar XJ R-Sport,25995,"56,740",0,https://www.craigslist.org/view/d/surrey-2016-jaguar-xj-sport/2Twx4zJx6KtAT9V2GGG9Nd,,gas,,clean,automatic,,,,Surrey,,
2008 Acura RDX - 1 OWNER,12888,"127,350",0,https://www.craigslist.org/view/d/surrey-2008-acura-rdx-owner/odjjsDvAz72ptVTDbc79F8,,gas,,clean,automatic,,,,Surrey,,
2018 Audi A5 Sportback Technik S-Line,18995,"176,461",0,https://www.craigslist.org/view/d/surrey-2018-audi-a5-sportback-technik/cwhQHCiWkfXErYfQ7udUic,,gas,,clean,automatic,,,,Surrey,,
2019 Ford Fusion Hybrid Titanium,18995,"133,380",0,https://www.craigslist.org/view/d/surrey-2019-ford-fusion-hybrid-titanium/pHSCgaFw4QGjpiskWeVfP4,,hybrid,,clean,automatic,sedan,,,Surrey,,
2015 Hyundai Elantra,11995,"64,108",0,https://www.craigslist.org/view/d/surrey-2015-hyundai-elantra/7eQ76HpwZgvw6LFqejWJjR,,gas,,clean,automatic,,,,Surrey,,
2018 Subaru BRZ Sport-Tech RS,16995,"190,877",0,https://www.craigslist.org/view/d/surrey-2018-subaru-brz-sport-tech-rs/nvwHFQucKDC6SRkU86B6X5,,gas,,clean,automatic,coupe,,,Surrey,,
2019 Honda Accord EX-L,26995,"66,100",0,https://www.craigslist.org/view/d/surrey-2019-honda-accord-ex/cnzaHZ4Brux7ZBGbUfe7m7,,gas,,clean,automatic,sedan,,,Surrey,,
2014 Chevrolet Cruze LT,9995,"89,640",0,https://www.craigslist.org/view/d/surrey-2014-chevrolet-cruze-lt/f5pymwtjH83mq7mWs853FL,,gas,,clean,automatic,sedan,,,Surrey,,
Lexus is 250,5000,"300,000",0,https://www.craigslist.org/view/d/port-coquitlam-south-lexus-is-250/2crfpBGZwkD3ryVHuGWdyx,excellent,gas,,clean,automatic,sedan,6 cylinders,rwd,burnaby/newwest,,
2014 Ford F250 XLT Crew Cab Shortbed 6.2 V8,19900,"259,700",0,https://www.craigslist.org/view/d/vancouver-2014-ford-f250-xlt-crew-cab/ik8DcENLad6FLXcHbueM3n,excellent,gas,white,clean,automatic,pickup,8 cylinders,4wd,East Vancouver,,
2016 Chevrolet Equinox LT,9800,"124,000",0,https://www.craigslist.org/view/d/new-westminster-northeast-2016/uiv1dc56NhiDHM14o5C9Zu,excellent,gas,grey,clean,automatic,SUV,4 cylinders,,New Westminster,,
Nissan Rogue SV 2012 White,7800,"107,800",0,https://www.craigslist.org/view/d/vancouver-nissan-rogue-sv-2012-white/5FDAXupbmCzYJBa135RMgb,good,gas,white,clean,automatic,SUV,4 cylinders,4wd,Burnaby,,
2012 Bmw X5 35d xDrive - 7 Seater - READ DESCRIPTION,14000,"223,000",0,https://www.craigslist.org/view/d/burnaby-2012-bmw-x5-35d-xdrive-seater/eAfWbsCwNDadPcvZqgsT3X,excellent,diesel,white,clean,automatic,SUV,6 cylinders,4wd,Burnaby,,
2021 VW JETTA HIGH LINE PERFECT CONDITION  (Burnaby),18500,"81,000",0,https://www.craigslist.org/view/d/burnaby-2021-vw-jetta-high-line-perfect/dvvyfBkGCrqDeRK3RsY8LT,excellent,gas,white,clean,automatic,sedan,4 cylinders,fwd,Burnaby,,
2021 VW JETTA COMFORT LINE PERFECT CONDITION,18200,"81,000",0,https://www.craigslist.org/view/d/burnaby-2021-vw-jetta-comfort-line/h6oQL6SJAeKL9xhHiyokMM,excellent,gas,white,clean,automatic,sedan,4 cylinders,fwd,Burnaby,,
2016 BMW 328i xDrive M Sport - AWD,19500,"63,000",0,https://www.craigslist.org/view/d/port-moody-2016-bmw-328i-xdrive-sport/tKtL1ot3CTvB71Uq2ydd6d,excellent,gas,white,clean,automatic,sedan,4 cylinders,4wd,Port Moody,,
"2015 Ford F250 Super Duty 4x4 For Sale, Serious Offers Only",17000,"225,000",0,https://www.craigslist.org/view/d/burnaby-2015-ford-f250-super-duty-4x4/99cz8A2TG5A1His13oezQ5,good,gas,,clean,automatic,pickup,,,Burnaby,,
2007 Hyundai Sonata Limited V6 (3.3L),4800,"207,732",0,https://www.craigslist.org/view/d/burnaby-2007-hyundai-sonata-limited-v6/igUizpV9ibCJx2UKK6Eq4L,good,gas,silver,clean,automatic,sedan,,,Burnaby,,
2011 Honda Odyssey EX | DVD Entertainment,10975,219,0,https://www.craigslist.org/view/d/surrey-2011-honda-odyssey-ex-dvd/6LLQefHTD1Ar2wsXAivkJD,like new,gas,silver,clean,automatic,,6 cylinders,,Surrey,,
2017 Land Rover Range Rover EVOQUE | Fully Loaded,17495,"125,000",0,https://www.craigslist.org/view/d/surrey-2017-land-rover-range-rover/ofjEN3m5hQDj2PmVBLs6Pt,excellent,gas,white,clean,automatic,hatchback,4 cylinders,4wd,Surrey,,
1996 rebuilt Mercedes SL500 convertible,4500,"312,000",0,https://www.craigslist.org/view/d/new-westminster-northeast-1996-rebuilt/a3RerQ4EydTeDov6ATVitp,good,gas,white,clean,automatic,convertible,8 cylinders,rwd,New Westminster,,
2013 AUDİ Q5 quatro,8500,"228,000",0,https://www.craigslist.org/view/d/burnaby-2013-aud-q5-quatro/35WPCnG5uW37sNZsmT13FA,excellent,gas,grey,clean,automatic,,,4wd,Burnaby,,
2017 Ford C-Max Plug-In Hybrid,7000,"183,000",0,https://www.craigslist.org/view/d/burnaby-2017-ford-max-plug-in-hybrid/vpzdSEj6mEFAR2WHUfEkAo,excellent,hybrid,grey,clean,automatic,hatchback,4 cylinders,fwd,Burnaby,1FADP5EU2HL113504,
2007 Lexus LS 600h,11900,"70,000",0,https://www.craigslist.org/view/d/burnaby-2007-lexus-ls-600h/odrqadJ5iAYvHRZcecUvYU,good,hybrid,black,clean,automatic,sedan,8 cylinders,4wd,Burnaby,,
2017 Hyundai Veloster,9500,"168,200",0,https://www.craigslist.org/view/d/burnaby-2017-hyundai-veloster/ceuA1Dm6bLafMyY4DsRmdj,good,gas,silver,clean,automatic,hatchback,4 cylinders,4wd,burnaby/newwest,,
2018 Chevrolet cruze LT auto sedan,6300,"223,000",0,https://www.craigslist.org/view/d/surrey-2018-chevrolet-cruze-lt-auto/pZ5Stw8DMzHACoEibqHbTm,good,gas,white,clean,automatic,sedan,4 cylinders,fwd,Surrey,,
2009 Honda Stepwagon Van 113K km 2.4L 160 HP 2 Power Sliding Doors 4WD,8900,"113,473",0,https://www.craigslist.org/view/d/new-westminster-southwest-2009-honda/8Mwp83dJhrvk9vgX8JtG9Z,excellent,gas,white,clean,automatic,van,4 cylinders,4wd,New Westminster,,
2013 Ford Mustang Boss 302,53500,"20,400",0,https://www.craigslist.org/view/d/new-westminster-northeast-2013-ford/8eUCoVkM617pmKD1jTwafi,like new,gas,blue,clean,manual,coupe,8 cylinders,rwd,burnaby/newwest,,
2009 Cadillac STS luxury sedan (Seville Touring Sedan),15000,"53,810",0,https://www.craigslist.org/view/d/vancouver-2009-cadillac-sts-luxury/oGpNpgaybNsaCiocZWLLk6,excellent,gas,white,clean,automatic,sedan,,,Burnaby,,
2021 VW JETTA COMFORT LINE PERFECT CONDITION,18000,"80,000",0,https://www.craigslist.org/view/d/burnaby-2021-vw-jetta-comfort-line/jUEkBpQtbfrp3pshMG7XTM,like new,gas,white,clean,automatic,sedan,4 cylinders,fwd,Burnaby,,
2021 VW JETTA COMFORT LINE PERFECT CONDITION,18000,"81,000",0,https://www.craigslist.org/view/d/burnaby-2021-vw-jetta-comfort-line/xh9QVtG3PDP5nVBUEZi53h,like new,gas,white,clean,automatic,sedan,4 cylinders,fwd,Burnaby,,
2007 Mazda 3,3499,"175,000",0,https://www.craigslist.org/view/d/burnaby-2007-mazda/17tyrEfRprVeGvTqyMe86M,,gas,grey,rebuilt,automatic,sedan,4 cylinders,,Burnaby,,
2022 tesla model y,30999,"60,000",0,https://www.craigslist.org/view/d/burnaby-2022-tesla-model/e9CYxhgrYftZu1N1RqFs7d,excellent,electric,black,rebuilt,automatic,SUV,,4wd,Burnaby,,
2013 Toyota venza clean title,10999,"175,000",0,https://www.craigslist.org/view/d/burnaby-2013-toyota-venza-clean-title/wuQnVq7kyqrmVRHZNRQLxS,good,gas,,clean,automatic,SUV,6 cylinders,,Burnaby,,
2008 GMC Savana 2500 extended Cargo van,3995,"244,593",0,https://www.craigslist.org/view/d/burnaby-2008-gmc-savana-2500-extended/pRSE1mwQBhNpEw4NonYZTK,,gas,,clean,automatic,truck,,,Burnaby,,
2021 VW JETTA COMFORT LINE PERFECT CONDITION,18000,"81,000",0,https://www.craigslist.org/view/d/burnaby-2021-vw-jetta-comfort-line/xpo5NyYSWg4WWAGpAyW7Fk,like new,gas,white,clean,automatic,sedan,4 cylinders,fwd,Burnaby,,
2021 VW JETTA COMFORT LINE PERFECT CONDITION,18000,"81,000",0,https://www.craigslist.org/view/d/burnaby-2021-vw-jetta-comfort-line/teQcm1aAYbdbMcRSda3jtJ,like new,gas,white,clean,automatic,sedan,4 cylinders,fwd,Burnaby,,
2014 Chevrolet Cruze LT,5800,"146,000",0,https://www.craigslist.org/view/d/new-westminster-southwest-2014/mUqGs8kERAeu2zKoqHyRsc,excellent,gas,,clean,automatic,sedan,4 cylinders,fwd,New Westminster,,
"""2009 Chevrolet Aveo – Well Maintained | Service Records Available",3600,"155,954",0,https://www.craigslist.org/view/d/west-vancouver-2009-chevrolet-aveo-well/okdgngjh1jsFZFa5jXAfvj,like new,gas,grey,clean,automatic,sedan,4 cylinders,fwd,"Vancouver, BC",,
2018 Mitsubishi outlander PHEV,13900,"207,000",0,https://www.craigslist.org/view/d/new-westminster-northeast-2018/6JBUsmjcMS2wYhPM2Fwo3t,good,hybrid,silver,clean,automatic,SUV,other,4wd,New Westminster,,
Fully loaded BMW 3-series,9800,"142,100",0,https://www.craigslist.org/view/d/burnaby-fully-loaded-bmw-series/kB8MJDFnKvhfWbon5r9CB7,excellent,gas,white,clean,automatic,sedan,4 cylinders,4wd,Burnaby,,
"2005 Volkswagen Jetta GLS 2.0L with 167,564 km",7000,"167,564",0,https://www.craigslist.org/view/d/burnaby-2005-volkswagen-jetta-gls-20l/7NTYjijqhN4PM4br4knYdd,excellent,gas,black,clean,automatic,sedan,4 cylinders,fwd,Burnaby,,
2000 GMC T8500 EXC CONDITION,22000,"250,000",0,https://www.craigslist.org/view/d/vancouver-2000-gmc-t8500-exc-condition/6Y9aS4LDVAsv7QMwgb265c,like new,diesel,red,clean,automatic,truck,6 cylinders,,Burnaby,1GDL7C1CXYJ522946,
TRUCKS FOR SALE LOW KMS PRIVATE SALE OPEN TO OFFERS,22000,"230,000",0,https://www.craigslist.org/view/d/vancouver-trucks-for-sale-low-kms/dRLw3RDEVnQF5ZEWDSCvRt,excellent,diesel,white,clean,automatic,truck,,,Burnaby,,
2010 Mercedes C250 automatic,6250,"145,000",0,https://www.craigslist.org/view/d/burnaby-2010-mercedes-c250-automatic/uq36rxMczi1q4U3b11ndf1,excellent,gas,white,clean,automatic,sedan,6 cylinders,4wd,burnaby/newwest,,
2009LEXUS ES 350,9700,"190,000",0,https://www.craigslist.org/view/d/port-coquitlam-north-2009lexus-es-350/fuyaTJPW6Q7ANwPzTGYWLW,like new,gas,brown,clean,automatic,sedan,6 cylinders,fwd,burnaby/newwest,,
2015 Volkswagen Jetta,10000,"100,462",0,https://www.craigslist.org/view/d/burnaby-2015-volkswagen-jetta/ca1nVxejoypaoXCeHZBVBE,excellent,gas,white,clean,automatic,sedan,4 cylinders,fwd,New Westminster,,
2016 Chevrolet Equinox LT,9800,124000,0,https://www.craigslist.org/view/d/new-westminster-northeast-2016/9oJd7aimeB8VtiKxmJQqZB,,,,,,,,,New Westminster,,
"2016 TOYOTA COROLLA ""S"" TYPE",9026,"323,000",0,https://www.craigslist.org/view/d/burnaby-2016-toyota-corolla-type/cRHAd87x1DieqSQ5xRkYXU,good,gas,blue,clean,automatic,sedan,4 cylinders,fwd,BURNABY,,
1991 Toyota MR2 Turbo - 106km,23000,"107,000",0,https://www.craigslist.org/view/d/coquitlam-1991-toyota-mr2-turbo-106km/v7iqmmG6fs1867ZiwQzRr5,good,gas,white,clean,manual,,4 cylinders,rwd,Burnaby,,
2008 Acura MDX Elite 220kkm Clean Title Full Records from 2011 to 2026,8000,"220,000",0,https://www.craigslist.org/view/d/burnaby-2008-acura-mdx-elite-220kkm/xkEmd77ffXg68ugRiA4XTc,like new,gas,grey,clean,automatic,SUV,6 cylinders,4wd,Burnaby,2HNYD28898H000674,
2017 HONDA PILOT EXL-N | 3.5L V6 | AWD,29940,"95,806",0,https://www.craigslist.org/view/d/burnaby-2017-honda-pilot-exl-35l-v6-awd/aq24r5hFmiEHWEeKPhmzaD,excellent,gas,white,clean,automatic,SUV,6 cylinders,4wd,Burnaby,5FNYF6H77HB500238,
2007 BMW E90 323i CLEAN TITLE VERY LOW 180K MILEAGE,4799,"180,000",0,https://www.craigslist.org/view/d/new-westminster-2007-bmw-e90-323i-clean/bDQYU6yh7fvxhjipKnP6FA,excellent,gas,white,clean,automatic,sedan,6 cylinders,rwd,burnaby/newwest,,
2013 CHEVY VOLT ELECTRIC HYBRID AMAZING 44.72 MPG 101 MPGe CLEAN TITLE,6999,"203,620",0,https://www.craigslist.org/view/d/new-westminster-2013-chevy-volt/sxYjmv7ztthPqjEmcqFeA4,excellent,hybrid,red,clean,automatic,sedan,4 cylinders,fwd,burnaby/newwest,,
"MERCEDES-BENZ C-CLASS ""C240 ELEGANCE"" TRIM AMG BODY & RIMS CLEAN TITLE",3799,"259,000",0,https://www.craigslist.org/view/d/new-westminster-mercedes-benz-class/2AcvRWpH3N2Ti3JrgD4Mji,excellent,gas,blue,clean,automatic,sedan,6 cylinders,rwd,burnaby/newwest,,
2012 Honda civic LX 6speed manual 4dr,4600,230020,0,https://www.craigslist.org/view/d/new-westminster-northeast-2012-honda/2GWj3wMGujNXQL7gPqGAAu,,,,,,,,,New westminster,,
"1993 GMC Safari xt only 80,000km",4900,"82,000",0,https://www.craigslist.org/view/d/burnaby-1993-gmc-safari-xt-only-80000km/jqXAnuVXLuC87iy9yWXits,like new,gas,blue,clean,automatic,minivan,4 cylinders,,burnaby/newwest,,
88 Toyota Pickup,8900,"314,000",0,https://www.craigslist.org/view/d/burnaby-88-toyota-pickup/ggFth1gjZZ2W7oy4JKbkDg,excellent,gas,silver,clean,automatic,pickup,4 cylinders,rwd,burnaby/newwest,,
2011 BMW 535 xdrive 112km!,9500,"112,000",0,https://www.craigslist.org/view/d/burnaby-2011-bmw-535-xdrive-112km/hPHhZAdFisrRWdhGF5Ltb2,excellent,gas,blue,clean,automatic,sedan,6 cylinders,4wd,Burnaby,,
Dodge,8000,"70,000",0,https://www.craigslist.org/view/d/burnaby-dodge/9bywEkCF37BfmgLtonZ4eY,excellent,gas,grey,clean,automatic,sedan,6 cylinders,fwd,Burnaby,,
1997 Chevrolet Astro,6000,"160,000",0,https://www.craigslist.org/view/d/burnaby-1997-chevrolet-astro/s3Y6f13k42jA9PkHKLLfes,excellent,gas,blue,clean,automatic,wagon,6 cylinders,fwd,burnaby/newwest,,
We have a 2010 Dodge Grand Caravan SE for sale with only 83409 km.,9500,"83,409",0,https://www.craigslist.org/view/d/surrey-we-have-2010-dodge-grand-caravan/2cGtxpV6YR7oRpHpTcGAtZ,like new,gas,red,clean,automatic,minivan,6 cylinders,fwd,SURREY,,
2006 Dodge/Ram Caravan,3900,"153,500",0,https://www.craigslist.org/view/d/surrey-east-2006-dodge-ram-caravan/kBPs3AXfeouXiS2YQcKnDf,good,gas,white,clean,automatic,van,6 cylinders,fwd,Surrey,,
2007 BMW 335i,8000,"155,000",0,https://www.craigslist.org/view/d/kelowna-west-2007-bmw-335i/aES3Xb9NXmnE7bgKcFQEjt,,gas,,rebuilt,manual,coupe,,,burnaby/newwest,,
"2015 Toyota Corolla 098,000k",13500,"98,000",0,https://www.craigslist.org/view/d/burnaby-2015-toyota-corolla/u9Wcu8dd8Mub2ARYP8nUUt,excellent,gas,green,rebuilt,automatic,sedan,4 cylinders,fwd,Burnaby,,
Chevrolet GRUMAN and Ford Catering Trucks LOOK GREAT / RELIABLE,155000,"67,000",0,https://www.craigslist.org/view/d/burnaby-chevrolet-gruman-and-ford/3rPeR972oAwSBraYmKMz12,excellent,gas,,clean,automatic,truck,8 cylinders,,2 TRUCKS S.W. New West,,
2008 Acura RDX Clean Title,6500,"209,500",0,https://www.craigslist.org/view/d/burnaby-2008-acura-rdx-clean-title/w4YtgC5jCb9jxWJiTWpPfA,good,gas,grey,clean,automatic,SUV,4 cylinders,4wd,Burnaby,,
2022 Ford F 150 SuperCrew XLT 302A FX4 Off-Road,42000,"83,000",0,https://www.craigslist.org/view/d/coquitlam-2022-ford-150-supercrew-xlt/uWtd5wLbZBBTywVKatpxNT,excellent,gas,white,clean,automatic,,6 cylinders,4wd,Coquitlam,,
"2009 Mazda CX-7 (Turbo, AWD)",5500,"180,589",0,https://www.craigslist.org/view/d/richmond-2009-mazda-cx-turbo-awd/sWRi7cbnxJzE8o5CQKRMEi,good,gas,grey,clean,automatic,SUV,4 cylinders,4wd,Richmond,,
Toyota corolla LE,3500,"490,000",0,https://www.craigslist.org/view/d/surrey-toyota-corolla-le/24gwGb1PzJa3Psvq8YAgwa,excellent,gas,,clean,automatic,,,,Surrey,,
2001 Mazda Miata,13800,"150,000",0,https://www.craigslist.org/view/d/port-moody-2001-mazda-miata/whhcac4YcvzC4ECwEirnCV,like new,gas,black,clean,manual,,4 cylinders,rwd,Port Moody,,
1992 Dodge D350 Cummins,19000,"127,000",0,https://www.craigslist.org/view/d/burnaby-1992-dodge-d350-cummins/pJN5svRh3K1ogtYnAYydEe,like new,diesel,red,clean,automatic,truck,6 cylinders,rwd,Burnaby,,
2007 Lexus IS350,10999,"120,000",0,https://www.craigslist.org/view/d/burnaby-2007-lexus-is350/9sQqQuB5EFXBTXBosgfjAu,excellent,gas,silver,rebuilt,automatic,sedan,6 cylinders,,Burnaby,,
2010 Dodge Journey - very low kilometers,8400,"23,000",0,https://www.craigslist.org/view/d/new-westminster-southwest-2010-dodge/4txGzojwC1uL9uocf66P3v,like new,gas,grey,clean,automatic,SUV,4 cylinders,fwd,New Westminster,,
2005 Chevrolet Colorado Crew Cab,4700,"266,000",0,https://www.craigslist.org/view/d/coquitlam-2005-chevrolet-colorado-crew/oFs8kV1gaT2vek2CaUvcDP,like new,gas,,rebuilt,automatic,pickup,,fwd,Coquitlam,,
"1993 GMC Safari XT  only 82,000km",6500,"82,000",0,https://www.craigslist.org/view/d/burnaby-1993-gmc-safari-xt-only-82000km/1P8bN2Bs743BPxXZb2tp9Q,like new,gas,,clean,automatic,minivan,,,burnaby/newwest,,
2017 Subaru Forestor,14000,"123,000",0,https://www.craigslist.org/view/d/burnaby-2017-subaru-forestor/u5YJtxJKdABqjGGzzeLJSV,good,gas,white,clean,automatic,SUV,,,Burnaby,,
2015 Mitsubishi RVR GT,6500,"230,100",0,https://www.craigslist.org/view/d/burnaby-2015-mitsubishi-rvr-gt/arru2AdztY7RtY8CSoVSWa,,gas,grey,clean,automatic,,4 cylinders,,Burnaby,,
2018 Nissan Frontier,13500,"95,000",0,https://www.craigslist.org/view/d/burnaby-2018-nissan-frontier/bfobREKeiNwUgcTnaugUWZ,good,gas,grey,rebuilt,automatic,pickup,6 cylinders,4wd,Burnaby,1N6AD0CW4JN727250,
2021 VW JETTA HIGH LINE PERFECT CONDITION,18500,"81,000",0,https://www.craigslist.org/view/d/burnaby-2021-vw-jetta-high-line-perfect/3JyJ8YEu13zeYV851qh7rS,like new,gas,white,clean,automatic,sedan,4 cylinders,fwd,Burnaby,,
"Dodge 2024 5,7 Hemi non repairable for parts only",10000,"14,500",0,https://www.craigslist.org/view/d/burnaby-dodge-hemi-non-repairable-for/ee7LAcSvYP74MzaoibjVpg,salvage,gas,white,parts only,automatic,SUV,8 cylinders,4wd,Burnaby,,
LEXUS RX350 2012,14500,"142,000",0,https://www.craigslist.org/view/d/burnaby-lexus-rx/vmsXH6re6Vk8WVRmqsSdub,good,gas,grey,clean,automatic,SUV,,4wd,Burnaby,,
"1984 Camaro - Brand new Crate 350, 300HP",6999,"7,000",0,https://www.craigslist.org/view/d/coquitlam-1984-camaro-brand-new-crate-hp/2WwPWon9sBmFMNgoUj2ijV,fair,gas,black,clean,automatic,coupe,8 cylinders,rwd,Coquitlam,,
Jeep Wrangler Rubicon – FULLY LOADED – Excellent Condition,49875,"55,000",0,https://www.craigslist.org/view/d/burnaby-jeep-wrangler-rubicon-fully/2z6AM3gvc96sjfw4BPLMgz,like new,gas,black,clean,automatic,SUV,4 cylinders,fwd,Burnaby,,
Nissan SV KICKS,20000,"69,511",0,https://www.craigslist.org/view/d/burnaby-nissan-sv-kicks/8fKi2L9iLMuTsRH2i1D6ii,excellent,gas,red,clean,automatic,SUV,other,fwd,Burnaby,,
Mint condition Mercedes SL 500,15500,"141,118",0,https://www.craigslist.org/view/d/burnaby-mint-condition-mercedes-sl-500/82x68CitNXFAuaWVWVAKm7,excellent,gas,silver,clean,automatic,convertible,,,burnaby/newwest,,
1996 Cadillac Seville Concours & 1997 Cadillac Seville parts car,9900,"42,000",0,https://www.craigslist.org/view/d/burnaby-1996-cadillac-seville-concours/byNsdijZsC3pjFec9tvhrM,good,gas,black,clean,automatic,sedan,4 cylinders,fwd,burnaby/newwest,1G6KF5297TU282203,
2010 Mercedes Benz C300,7900,"160,000",0,https://www.craigslist.org/view/d/burnaby-2010-mercedes-benz-c300/uP7E89RhGDncoGTa889nxz,,gas,,clean,automatic,sedan,,,burnaby/newwest,,
2017 Fiat 500C Cabrio – The Perfect City Car!,10500,"49,690",0,https://www.craigslist.org/view/d/burnaby-2017-fiat-500c-cabrio-the/6gnsXfUCERUpHfiWDqFqAq,like new,gas,grey,clean,automatic,hatchback,4 cylinders,fwd,Burnaby,,
2004 Porsche Cayenne,18500,"198,000",0,https://www.craigslist.org/view/d/coquitlam-2004-porsche-cayenne/r6zyDt8hX5S8ubEnoJKKoo,good,gas,white,clean,automatic,SUV,8 cylinders,4wd,Coqulitam,,
Izusu NRR 2023,-1,"78,000",0,https://www.craigslist.org/view/d/coquitlam-izusu-nrr-2023/nFATbAUKa5eyroteST13Bd,like new,diesel,,clean,automatic,truck,4 cylinders,,Burnaby,,
Toyota Yaris 188k kms,4950,"187,000",0,https://www.craigslist.org/view/d/surrey-toyota-yaris-188k-kms/dSdxDCgyjQX2TXNovXftLE,good,gas,white,clean,automatic,sedan,4 cylinders,fwd,Surrey,,
Ram 1500 159k kms 2016,12500,"159,000",0,https://www.craigslist.org/view/d/surrey-ram-kms-2016/k3wUq9nXfwPub7hvmYGKfM,good,gas,black,clean,automatic,pickup,8 cylinders,4wd,Surrey,,
1998 Diesel GMC 3500 Cube Van with 14' Box,5500,"233,000",0,https://www.craigslist.org/view/d/surrey-inner-northwest-1998-diesel-gmc/9Wnwp8js1qix6onMyha2Gp,good,diesel,white,clean,automatic,van,6 cylinders,rwd,SURREY,,
1998 Diesel GMC 3500 Cube Van with 14' Box,5500,"233,000",0,https://www.craigslist.org/view/d/surrey-inner-northwest-1998-diesel-gmc/fx5AUxCbWVC6xgHAWme2Es,good,diesel,white,clean,automatic,van,6 cylinders,rwd,SURREY,,
2006 Lexus SC430,18500,188,0,https://www.craigslist.org/view/d/white-rock-2006-lexus-sc430/mfhrtpAjE5q4TrKQiTbb4U,like new,gas,silver,clean,automatic,convertible,8 cylinders,rwd,White Rock,,
2008 Infinite G35xs,7200,"165,509",0,https://www.craigslist.org/view/d/surrey-outer-northwest-2008-infinite/wpb4qtGSUA3LQZhno8shnh,excellent,gas,blue,clean,automatic,sedan,6 cylinders,4wd,Surrey,,
Dodge Stealth R/T   * 5speed *,8500,"208,000",0,https://www.craigslist.org/view/d/delta-northeast-dodge-stealth-t-5speed/eo5bnVrrjpn4AanG8S3H1C,excellent,gas,,clean,manual,,6 cylinders,fwd,delta/surrey/langley,,
"2000 BMW 540i – 84,000 Original KM – Orient Blue Metallic",11000,"84,000",0,https://www.craigslist.org/view/d/surrey-2000-bmw-540i-original-km-orient/6s2k8nwWvZbrYJcWrUXqih,excellent,gas,blue,clean,automatic,sedan,,,South Surrey / White Rock,,
1981 Ford Mustang Cobra T-Top – Original V8 Survivor / Project,6500,"83,000",0,https://www.craigslist.org/view/d/surrey-1981-ford-mustang-cobra-top/k26H3z5dJPLXniqaJm31hA,good,gas,,clean,automatic,coupe,,,South Surrey / White Rock,,
"1980 Dodge W200 POWER WAGON- Rare last year, DRIVER",12000,"130,000",0,https://www.craigslist.org/view/d/surrey-1980-dodge-w200-power-wagon-rare/5xJ7sXiJXtTjQMyG2JrRMC,,gas,,clean,manual,truck,,,delta/surrey/langley,,
1974 Toyota Celica ST,10000,"100,000",0,https://www.craigslist.org/view/d/delta-1974-toyota-celica-st/9ZduJbF5PBP9YKUDLwTF1j,,gas,,clean,automatic,coupe,,,delta/surrey/langley,,
"2019 TOYOTA HIGHLANDER LIMITED AWD 79,800 KMS",40875,"79,800",0,https://www.craigslist.org/view/d/langley-township-northwest-2019-toyota/pADcu7WZnKvS1vDDuUNwmt,like new,gas,red,clean,automatic,SUV,6 cylinders,4wd,delta/surrey/langley,5TDDZRFH5KS711430,
"2023 Toyota Camry XSE AWD *ONLY 8,600 KM* *RARE* *WOW*",41500,"8,600",0,https://www.craigslist.org/view/d/surrey-east-2023-toyota-camry-xse-awd/o8Fsc9eqvU6ankCMgBRztd,like new,gas,red,clean,automatic,sedan,4 cylinders,4wd,Surrey,,
ACURA CL 3.2 S,3700,"252,000",0,https://www.craigslist.org/view/d/surrey-outer-northwest-acura-cl-32/i62ZZqd8Aj4xUMZMLbkxtd,fair,gas,silver,clean,automatic,sedan,6 cylinders,fwd,Surrey,,
2007 Escalade second owner no surprises,6500,192,0,https://www.craigslist.org/view/d/surrey-north-2007-escalade-second-owner/4dPRda24FYE2Ze4PDGKmwG,good,gas,white,clean,automatic,SUV,8 cylinders,4wd,Fleetwood,,
Need to sell as is where is $6500 Escalade second owner no surprises,6500,"191,550",0,https://www.craigslist.org/view/d/surrey-north-need-to-sell-as-is-where/k92dqwwzA5HFcjVABFZ8kR,excellent,gas,white,clean,automatic,SUV,8 cylinders,fwd,Fleetwood,,
Need to sell as is where is $6500 Escalade second owner no surprises,6500,"191,550",0,https://www.craigslist.org/view/d/surrey-north-need-to-sell-as-is-where/mMisWTbzGEyC8sF8kjM6HW,excellent,gas,white,clean,automatic,SUV,8 cylinders,fwd,Fleetwood,,
2017 Ford Explorer SPORT - must see,16500,"174,000",0,https://www.craigslist.org/view/d/surrey-2017-ford-explorer-sport-must-see/1v4YutUogKmtA6QU8gRf9C,excellent,gas,white,clean,automatic,SUV,6 cylinders,4wd,South Surrey,,
** 2014 BMW X6 xDrive35i M Performance Package **,11900,"169,000",0,https://www.craigslist.org/view/d/surrey-bmw-x6-xdrive35i-performance/3taKG1WF7eHz4aiVgy867w,good,gas,white,rebuilt,automatic,SUV,6 cylinders,4wd,delta/surrey/langley,,
2005 Volkswagen Phaeton W12 - 2+2,23500,"224,338",0,https://www.craigslist.org/view/d/surrey-2005-volkswagen-phaeton/rMdHj6jBWBHbd4CeDBXW32,excellent,gas,black,clean,automatic,sedan,12 cylinders,4wd,Surrey,WVWBH93D058000903,
INFINITI G35X 2008,11999,"135,000",0,https://www.craigslist.org/view/d/vancouver-infiniti-g35x-2008/nsmDjQEZbUWQcnU6eo4LbA,,gas,,clean,automatic,,,,delta/surrey/langley,,
INFINITI G35X 2008,12000,"135,000",0,https://www.craigslist.org/view/d/vancouver-infiniti-g35x-2008/jBUhDEk7kfnTSKdMHb6bM9,,gas,,clean,automatic,,,,delta/surrey/langley,,
INFINITI G35X 2008,11999,"135,000",0,https://www.craigslist.org/view/d/vancouver-infiniti-g35x-2008/3V66pMpxcJJACJZeyBmvsd,,gas,,clean,automatic,,,,delta/surrey/langley,,
INFINITI G35X 2008,12000,"125,000",0,https://www.craigslist.org/view/d/vancouver-infiniti-g35x-2008/kEDFRmXbYmBX3umJtBY7va,,gas,,clean,automatic,,,,delta/surrey/langley,,
INFINITI G35X 2008,11999,"130,000",0,https://www.craigslist.org/view/d/vancouver-infiniti-g35x-2008/3fov8tGHgBMPPCuqYBLPjg,,gas,,clean,automatic,,,,delta/surrey/langley,,
INFINITI G35X 2008,11999,"125,000",0,https://www.craigslist.org/view/d/vancouver-infiniti-g35x-2008/56uA4x95RRFNi7j2mn53dX,,gas,,clean,automatic,,,,delta/surrey/langley,,
INFINITI G35X 2008,12000,"135,000",0,https://www.craigslist.org/view/d/vancouver-infiniti-g35x-2008/2R7kFhC9JRkYefbf1UzYFd,,gas,,clean,automatic,,,,delta/surrey/langley,,
2008 INFINITI G35X,12000,"125,000",0,https://www.craigslist.org/view/d/vancouver-2008-infiniti-g35x/pc1L1YNzqq6rSv5iBHsJ5g,,gas,,clean,automatic,,,,delta/surrey/langley,,
2008 Chrysler Aspen Limited 4X4 HEMI -  7 Seater,4500,"296,000",0,https://www.craigslist.org/view/d/delta-east-2008-chrysler-aspen-limited/74ozzFzJAQQBJ1d2uG9bZk,good,gas,grey,clean,automatic,SUV,8 cylinders,4wd,Delta BC,,
1987 Chevrolet Camaro IROC-Z — 5.7L 350 V8,11600,"195,000",0,https://www.craigslist.org/view/d/surrey-northeast-1987-chevrolet-camaro/kzDshLydPmN5ThSx5dzZEW,good,gas,white,clean,automatic,coupe,8 cylinders,rwd,delta/surrey/langley,,
"****2024 Mitsubishi Mirage – ONLY 2,300 KM – MINT / LIKE NEW ***",17000,"2,300",0,https://www.craigslist.org/view/d/surrey-2024-mitsubishi-mirage-only-2300/2qunb6PZXK53uCYsi7e6Ey,like new,gas,white,clean,automatic,sedan,,,delta/surrey/langley,,
2009 ford edge awd limited,6200,190,0,https://www.craigslist.org/view/d/surrey-2009-ford-edge-awd-limited/2PNcEQJ2tGr5SQQMueqxJ3,like new,gas,red,clean,automatic,SUV,6 cylinders,4wd,Surrey,,
1999 dodge ram slt 350,16000,223,0,https://www.craigslist.org/view/d/surrey-1999-dodge-ram-slt-350/otcyYXtephJu9ZA5v5PD9V,excellent,diesel,blue,clean,automatic,truck,8 cylinders,rwd,Surrey,,
2018 Hyundai Santa Fe XL AWD Limited,17990,"141,700",0,https://www.craigslist.org/view/d/langley-city-2018-hyundai-santa-fe-xl/eRaumjzK588qmHM6Bi3QkQ,excellent,gas,white,clean,automatic,SUV,6 cylinders,4wd,Langley,KM8SNDHF0JU278039,
2011 Mazda CX7 - Loaded - mint   SOLD,6900,"209,000",0,https://www.craigslist.org/view/d/delta-central-2011-mazda-cx7-loaded/rvMoabUg5SmijCLA1QzYak,excellent,gas,silver,clean,automatic,SUV,4 cylinders,fwd,ladner,,
2013 Nissan Rogue AWD,6500,"169,100",0,https://www.craigslist.org/view/d/surrey-outer-northwest-2013-nissan/qrGQ2r4QFYLNZtzZ8iCn9c,excellent,gas,,clean,automatic,SUV,,,Surrey,,
*** 2004 Hummer H2  ***,24500,"236,000",0,https://www.craigslist.org/view/d/delta-hummer-h2/fyfpJnbLHvWUVSqGAtVKyd,excellent,gas,black,clean,automatic,SUV,8 cylinders,4wd,Surrey,,
Sport trac TRADE . Sell or Trade for full size king cab truck,3500,"240,000",0,https://www.craigslist.org/view/d/surrey-northeast-sport-trac-trade-sell/n9xu7XTTho5j2JNjuDX4tm,,gas,,clean,automatic,truck,,,Fleetwood,,
2007 Toyota Corolla CE 4-Door Sedan,8900,"66,500",0,https://www.craigslist.org/view/d/delta-southeast-2007-toyota-corolla-ce/hgxhZCKprkKTh7uzj7pcxb,good,gas,silver,clean,automatic,sedan,4 cylinders,fwd,South Delta,,
2016 Nissan Leaf EV great condition no issue 120kms for full charge,6550,"122,000",0,https://www.craigslist.org/view/d/surrey-north-2016-nissan-leaf-ev-great/9PXABhjKUtwPykk5Fhe3HG,excellent,electric,grey,rebuilt,automatic,hatchback,,fwd,109xx 139a st Surrey,,
1972 chevrolet c10,19999,123,0,https://www.craigslist.org/view/d/chilliwack-central-1972-chevrolet-c10/fe99hMeHkhYBrrgqb6KXUv,,gas,,clean,automatic,,,,chilliwack,,
Infiniti G37 XS  Coupe,10500,"231,420",0,https://www.craigslist.org/view/d/surrey-east-infiniti-g37-xs-coupe/5Mk4x5nxqQ1jL4unZnvxdu,good,gas,,clean,automatic,coupe,6 cylinders,fwd,Surrey,,
2007 Nissan Skyline GT JDM,9950,"118,669",0,https://www.craigslist.org/view/d/surrey-2007-nissan-skyline-gt-jdm/kWSTYzcstXEFxG4JL9Hhxe,excellent,gas,grey,clean,automatic,sedan,6 cylinders,rwd,Surrey,,
2001 mustang gt,11000,"180,000",0,https://www.craigslist.org/view/d/surrey-2001-mustang-gt/uEnJUrQvYLRBTzxSNRejzy,like new,gas,,clean,automatic,convertible,8 cylinders,rwd,delta/surrey/langley,,
2003 Boxster S convertible AUTO,7900,"199,000",0,https://www.craigslist.org/view/d/surrey-outer-northwest-2003-boxster/kkwFRqujgLSBgiFuwYHdCp,good,gas,red,clean,automatic,convertible,,rwd,delta/surrey/langley,,
2002 Ford F-350 7.3L Powerstroke CCSB,22000,"298,000",0,https://www.craigslist.org/view/d/surrey-2002-ford-l-powerstroke-ccsb/vLucj84istU9nhsgEmsSpR,excellent,diesel,red,clean,automatic,pickup,8 cylinders,4wd,delta/surrey/langley,,
2019 Audi S5 Sportback,42000,"66,000",0,https://www.craigslist.org/view/d/surrey-2019-audi-s5-sportback/eZKnETjbgkBqEnM2SM7rii,like new,gas,black,clean,automatic,,6 cylinders,,South Surrey / Grandview,,
2021 Ford Explorer Limited AWD,14950,"253,729",0,https://www.craigslist.org/view/d/surrey-2021-ford-explorer-limited-awd/9HAawspDK5A5PQbv8xm53D,excellent,gas,grey,clean,automatic,SUV,4 cylinders,4wd,Surrey,,
Jeep Grand Cherokee Limited4x4,12600,"225,000",0,https://www.craigslist.org/view/d/surrey-jeep-grand-cherokee-limited4x4/parHhgFtegD2G4MsFxWJxi,excellent,gas,,clean,automatic,SUV,6 cylinders,4wd,Surrey,,
Ford Excursion limousine money maker,8999,"198,000",0,https://www.craigslist.org/view/d/surrey-east-ford-excursion-limousine/sFq7WiKobVz63BW2uvAjNe,,gas,,clean,automatic,,,,delta/surrey/langley,,
2020 Chevrolet Silverado 3500 Diesel,39950,"188,263",0,https://www.craigslist.org/view/d/burnaby-2020-chevrolet-silverado-3500/5VJs2sECX3Asv9tVtzxJ2d,good,diesel,grey,clean,automatic,truck,8 cylinders,4wd,Surrey,,
Open Class Acura Integra Rally Car – Race Ready,16950,"1,500",0,https://www.craigslist.org/view/d/vancouver-open-class-acura-integra/gCYNAQWVg6tVqoLBUDcEFe,good,gas,orange,clean,manual,coupe,4 cylinders,fwd,Vancouver,,
Corvette Convertible 50th Anniversary 2003,35000,"35,994",0,https://www.craigslist.org/view/d/surrey-south-corvette-convertible-50th/ham1z2fu4rKYdm1WaniNjy,like new,gas,white,clean,automatic,convertible,,,delta/surrey/langley,,
"2021 Subaru Outback XT AWD Fully Loaded 64,000KM",26950,"64,477",0,https://www.craigslist.org/view/d/surrey-upper-west-2021-subaru-outback/t8yupiiyJJxKdS8QQAfaoD,like new,gas,grey,rebuilt,automatic,SUV,4 cylinders,4wd,Surrey,,
"2021 Jeep Wrangler Unlimited 4XE 69,000KM",31950,"69,494",0,https://www.craigslist.org/view/d/surrey-upper-west-2021-jeep-wrangler/qRBUjdy1raHjD9wRgNY9Xb,like new,hybrid,black,rebuilt,automatic,SUV,4 cylinders,4wd,Surrey,,
"2021 Chevrolet Camaro LT 63,000KM",19500,"63,305",0,https://www.craigslist.org/view/d/surrey-upper-west-2021-chevrolet-camaro/vaKpkT48LgShR5KTZj8vco,like new,gas,blue,rebuilt,automatic,coupe,4 cylinders,rwd,Surrey,,
"2018 Toyota Highlander XLE / SE AWD 139,000KM",22500,"130,010",0,https://www.craigslist.org/view/d/surrey-upper-west-2018-toyota/13DskET6UdAJ7NYhLJTC9U,like new,gas,grey,rebuilt,automatic,SUV,6 cylinders,4wd,Surrey,,
"2016 Jeep Cherokee 4x4 Low KM 58,000KM 4x4 Leather Seats",12500,"58,491",0,https://www.craigslist.org/view/d/surrey-upper-west-2016-jeep-cherokee/3kimSTcL6kdizCCeULfLzr,excellent,gas,grey,rebuilt,automatic,SUV,6 cylinders,4wd,Surrey,,
"2018 Subaru Forester AWD 125,000KM",12950,"125,329",0,https://www.craigslist.org/view/d/surrey-upper-west-2018-subaru-forester/wjJHf3cPqxouASoXXYNQwP,like new,gas,white,rebuilt,automatic,SUV,4 cylinders,4wd,Surrey,,
"2023 Subaru Solterra EV Limited AWD 20,000KM",26950,"20,490",0,https://www.craigslist.org/view/d/surrey-upper-west-2023-subaru-solterra/as2AkfnKbbBxgVZEeBQGXD,excellent,electric,white,rebuilt,automatic,SUV,other,4wd,Surrey,,
1988 Ford F250 diesel,5000,"86,642",0,https://www.craigslist.org/view/d/surrey-1988-ford-f250-diesel/dfKLRkN2e2SztU27X3vuaT,fair,diesel,,clean,automatic,pickup,,,delta/surrey/langley,,
"2017 Ford F-750 + HIAB 188 (Remote) Knuckle Boom – ONLY 48,000 Miles",148000,"48,000",0,https://www.craigslist.org/view/d/surrey-2017-ford-750-hiab-188-remote/aV73TPPBDTSDw6ryPYTay5,like new,diesel,white,clean,automatic,truck,,,delta/surrey/langley,,
Dodge Journey 2019,18000,"59,000",0,https://www.craigslist.org/view/d/surrey-north-dodge-journey-2019/boXWyaMdAPUJw5P7T79CSH,excellent,gas,grey,clean,automatic,SUV,,,Surrey,,
2011 sierra 1500 reg cab shortbox,14000,275,0,https://www.craigslist.org/view/d/surrey-outer-northwest-2011-sierra-1500/7gT4QmnUAZBZVsjDbjRwqG,good,gas,silver,clean,automatic,,6 cylinders,rwd,Delta,,
12 mercedes-Benz BlueTEC 1000kms in tank,6350,"20,000",0,https://www.craigslist.org/view/d/surrey-12-mercedes-benz-bluetec-1000kms/oUjEML3D7oYauX5WcSJ2y9,,diesel,,clean,automatic,,,,delta/surrey/langley,,
08 acura mdx sh-awd w tech 7 seats reliable,5750,"120,000",0,https://www.craigslist.org/view/d/surrey-east-08-acura-mdx-sh-awd-tech/n31gu9NhJdeBU94vk5LvLD,,gas,,clean,automatic,SUV,,,delta/surrey/langley,,
2003 Mitsubishi Montero Sport 4x4,4500,"178,000",0,https://www.craigslist.org/view/d/surrey-outer-northwest-2003-mitsubishi/eTDeP1hh7QXEBqjxTstE6P,fair,gas,blue,clean,automatic,SUV,3 cylinders,4wd,Surrey,,
1996 Ford Mustang GT,13000,"117,000",0,https://www.craigslist.org/view/d/surrey-upper-west-1996-ford-mustang-gt/qu9KnA9rNNZcsBfTjmkA9m,like new,gas,,clean,manual,convertible,8 cylinders,rwd,Surrey,,
1997 Ford Mustang GT,11000,"119,000",0,https://www.craigslist.org/view/d/surrey-upper-west-1997-ford-mustang-gt/xozHMCoVy9Bkj93sAgBphr,like new,gas,,clean,manual,coupe,8 cylinders,rwd,Surrey,,
2017 international Prostar,29000,"908,000",0,https://www.craigslist.org/view/d/surrey-upper-west-2017-international/8ikGa9n8u5GW7BDPNoTqDA,like new,diesel,,clean,manual,truck,,,Surrey,,
"2016 Honda Civic EX-T - Mint Condition, Fuel Efficient, Clean Title",14999,"153,000",0,https://www.craigslist.org/view/d/delta-northeast-2016-honda-civic-ex/iyFdn3q7EAG9djPQ4wqyuR,,gas,,clean,automatic,,,,delta/surrey/langley,,
2012 Volkswagen Golf SportWagen TDI Highline,8500,"226,000",0,https://www.craigslist.org/view/d/langley-2012-volkswagen-golf-sportwagen/eGow7DxpyVkHjepi2pikNs,good,diesel,white,rebuilt,automatic,wagon,4 cylinders,fwd,LANGLEY,,
2021 Volkswagen Jetta,10990,"225,000",0,https://www.craigslist.org/view/d/delta-northeast-2021-volkswagen-jetta/kgEJrSgXwM9ojqocboNvey,like new,gas,grey,clean,automatic,sedan,4 cylinders,fwd,delta,,
2008 Mercedes-Benz B200,3800,"239,800",0,https://www.craigslist.org/view/d/delta-central-2008-mercedes-benz-b200/vtipNoDgWGRzqLRjBmofYX,excellent,gas,black,clean,automatic,hatchback,4 cylinders,fwd,Ladner,,
2014 Ford E-450 Utilimaster,9950,"295,468",0,https://www.craigslist.org/view/d/burnaby-2014-ford-450-utilimaster/8B3r4tNQPe2vCax3Yo9RYF,excellent,gas,white,clean,automatic,van,8 cylinders,rwd,Surrey,,
2008 Nissan Altima 3.5 SE V6 — LOW KM (135k) — Clean Title,7000,"135,782",0,https://www.craigslist.org/view/d/surrey-outer-northwest-2008-nissan/kzoEKkm3wBx7PHSob2Tv2e,good,gas,grey,clean,automatic,sedan,6 cylinders,fwd,Surrey,,
Chevrolet silverado,29400,"67,500",0,https://www.craigslist.org/view/d/surrey-chevrolet-silverado/39t8dHViH3ggsBMKK2Zp17,excellent,gas,white,rebuilt,automatic,truck,8 cylinders,4wd,Surrey,,
2012 BMW X1 xDrive28i AWD–New Turbo/Water Pump & More–Well Maintained,5500,"238,000",0,https://www.craigslist.org/view/d/delta-northeast-2012-bmw-x1-xdrive28i/knS8LwS576i2LY4iCEaFPY,excellent,gas,blue,clean,automatic,hatchback,,4wd,Surrey,,
2008 Sebring Ltd convertible,7900,"81,000",0,https://www.craigslist.org/view/d/surrey-2008-sebring-ltd-convertible/wxLGaYbRaayxKhyqjLramj,like new,gas,red,clean,automatic,convertible,6 cylinders,fwd,South surrey,,
1980 T-Bird (Reduced),9500,"160,000",0,https://www.craigslist.org/view/d/chilliwack-east-1980-bird-reduced/jjcW8apmat6jN6zo4RJPeU,excellent,gas,brown,clean,automatic,coupe,8 cylinders,rwd,Chilliwack,,
1948 Olds Dynamic 68 De Luxe Sedan (Reduced),11900,"1,000",0,https://www.craigslist.org/view/d/chilliwack-east-1948-olds-dynamic-68-de/rGAgFoPnaDuu8ud4ZQQAXG,excellent,gas,black,clean,automatic,sedan,6 cylinders,,Fraser Valley,,
WTB 2012 -2018 TOYOTA SIENNA,123456,"120,000",0,https://www.craigslist.org/view/d/delta-southwest-wtb-toyota-sienna/cXNYRNYTy9DvjKX9GrrspZ,excellent,gas,,clean,automatic,minivan,6 cylinders,fwd,delta/surrey/langley,,
1970 trans am clone car,37500,"999,999",0,https://www.craigslist.org/view/d/similkameen-1970-trans-am-clone-car/fXe5MuCnoz75A89ABSqsJi,good,gas,white,clean,automatic,coupe,8 cylinders,rwd,chilliwack,,
2007 Toyota Tundra Limited,23000,"200,000",0,https://www.craigslist.org/view/d/surrey-2007-toyota-tundra-limited/dE33ty7kGXmy2Nbvgeh2N6,like new,gas,brown,clean,automatic,truck,8 cylinders,4wd,Surrey,,
2005 Lexus ES330,6500,"168,000",0,https://www.craigslist.org/view/d/surrey-2005-lexus-es330/bB9RnCoCkHtfomMFRnLpGJ,excellent,gas,blue,clean,automatic,sedan,6 cylinders,fwd,Surrey,,
Fiero 1986 2-M-4,19900,"9,071",0,https://www.craigslist.org/view/d/langley-township-southwest-fiero-4/f8wBKBTEkwtRdqRwhD9p5D,like new,gas,red,clean,manual,coupe,4 cylinders,4wd,Langley BC,,
"2007 Toyota Yaris ""5 Speed Manual"" Only 155,000KM Clean Title Car.",5500,"155,000",0,https://www.craigslist.org/view/d/surrey-2007-toyota-yaris-speed-manual/18pcE828ALeRJXsPJhr3hg,excellent,gas,black,clean,manual,hatchback,4 cylinders,fwd,Surrey,,
Mercedes E300   SILVER  2009,5300,"240,000",0,https://www.craigslist.org/view/d/surrey-east-mercedes-e300-silver-2009/bBMHCZnwxNF99CABhXFAGo,,gas,,clean,automatic,,,,Surrey/Cloverdale,,
2008 Mazda 3,3500,"246,500",0,https://www.craigslist.org/view/d/surrey-2008-mazda/uAbGdYxxZzGyadECfSWbWN,,gas,blue,clean,automatic,,4 cylinders,fwd,surrey,,
Mercedes C63 AMG for sale,30000,"128,728",0,https://www.craigslist.org/view/d/surrey-outer-northwest-mercedes-c63-amg/g6rCncv3sUR3cQnhJ66LWa,excellent,gas,black,clean,automatic,sedan,8 cylinders,rwd,Surrey,,
1993 CAVALIER Z24 CONVERTIBLE. FULLY LOADED AND EVERYTHING WORKS.,7995,"185,000",0,https://www.craigslist.org/view/d/surrey-upper-west-1993-cavalier-z24/mHZHrStbeR5k1t3xeLF8VP,like new,gas,white,clean,automatic,convertible,6 cylinders,fwd,Surrey,,
2011 Porsche 911 TURBO WTB LOOKING,123456,"100,000",0,https://www.craigslist.org/view/d/surrey-north-2011-porsche-911-turbo-wtb/omSo7VF3CVYdchGe13Nngp,good,gas,,clean,other,,6 cylinders,4wd,LOWER MAINLAND,,
Cheapest 2020 Ford transit connect cargo,4999,"1,000",0,https://www.craigslist.org/view/d/surrey-east-cheapest-2020-ford-transit/raqiXHytggZGX8dk8emSpb,,gas,,clean,automatic,van,,,delta/surrey/langley,,
"2017 Ford F-750 + HIAB 188 (Remote) Knuckle Boom – ONLY 48,000 Miles",148000,"48,000",0,https://www.craigslist.org/view/d/surrey-2017-ford-750-hiab-188-remote/bM77s6mzNdGZis1XeyBFeL,like new,diesel,white,clean,automatic,truck,,,delta/surrey/langley,,
2006 Nissan Elgrand - Luxury Van with Built-in Kitchen 🌅,9000,"147,000",0,https://www.craigslist.org/view/d/surrey-upper-west-2006-nissan-elgrand/mSVZafa2LDY8auncGGWCdX,good,gas,black,clean,automatic,van,6 cylinders,4wd,delta/surrey/langley,,
2013 Nissan Maxima,12000,"106,291",0,https://www.craigslist.org/view/d/surrey-northeast-2013-nissan-maxima/3Fi7x2MZYqz8iktdYiY3fo,excellent,gas,white,clean,automatic,sedan,,,Surrey,,
1970 camaro,72000,"2,000",0,https://www.craigslist.org/view/d/north-york-1970-camaro/42FNn7ZwuyKZKYCaucj4Rz,,gas,,clean,automatic,,,,delta/surrey/langley,,
2014 kia optima hybrid 1000kms in tank,3300,"208,000",0,https://www.craigslist.org/view/d/surrey-2014-kia-optima-hybrid-1000kms/uKDy69aJs5JbFNZXmY49aT,,gas,,clean,automatic,sedan,,,delta/surrey/langley,,
Toyota RV,10500,"466,956",0,https://www.craigslist.org/view/d/vancouver-toyota-rv/oNdeb2xUYo61EEbR4GmnhS,excellent,gas,red,clean,automatic,SUV,4 cylinders,4wd,delta/surrey/langley,,
Kia Rondo 2014 Grey Metalic 5 seater SUV,5800,"166,000",0,https://www.craigslist.org/view/d/vancouver-kia-rondo-2014-grey-metalic/moRZPmGreMsMZg4BK439BH,good,gas,grey,rebuilt,automatic,SUV,4 cylinders,fwd,Vancouver,,
2015 toyota rav 4 le awd,11500,"270,000",0,https://www.craigslist.org/view/d/surrey-outer-northwest-2015-toyota-rav/qmzcjT6Nsr2o9wzF7K9ozi,like new,gas,white,clean,automatic,SUV,4 cylinders,4wd,Surrey,,
2016 Ford Transit 250 medium roof cargo van,18000,"216,500",0,https://www.craigslist.org/view/d/surrey-2016-ford-transit-250-medium/nxtFKE3yriSDrcM1cvTJZ7,excellent,gas,white,rebuilt,automatic,van,6 cylinders,,delta/surrey/langley,,
2015.  Ram 1500.    Local pickup,15000,"150,230",0,https://www.craigslist.org/view/d/delta-northeast-2015-ram-1500-local/1t65qBQFKz51GrrmTw3rAY,excellent,gas,,clean,automatic,pickup,,,delta/surrey/langley,,
2003 HUMMER H2 black Collector,18995,200,0,https://www.craigslist.org/view/d/surrey-upper-west-2003-hummer-h2-black/oz5SyoztQotX2HLabePUd3,excellent,gas,black,clean,automatic,SUV,8 cylinders,4wd,"surrey,bc",,
2017 Hyundai Tucson Ultimate With 133K,13895,"133,000",0,https://www.craigslist.org/view/d/surrey-2017-hyundai-tucson-ultimate/iD4VvpZ58ogHFKgvhZQWYv,excellent,gas,custom,clean,automatic,SUV,4 cylinders,4wd,Surrey,,
2009 Toyota highlander Hybrid With 254K,10998,"254,000",0,https://www.craigslist.org/view/d/surrey-2009-toyota-highlander-hybrid/iTXQB5u7S89W1vrwQYPDUX,excellent,gas,black,clean,automatic,SUV,6 cylinders,4wd,Surrey,,
2008 Lexus ls460,8500,"297,000",0,https://www.craigslist.org/view/d/surrey-2008-lexus-ls460/eMmjoge2Rd6GfYjK5ftvgA,good,gas,black,clean,automatic,sedan,8 cylinders,fwd,Surrey,,
2008 Mercedes Benz AMG S550,33800,"55,000",0,https://www.craigslist.org/view/d/surrey-2008-mercedes-benz-amg-s550/rn9SXejNenZkDuktLSNCEG,like new,gas,black,clean,automatic,sedan,8 cylinders,4wd,Surrey,,
2003 Lexus ls430,8500,"317,300",0,https://www.craigslist.org/view/d/surrey-2003-lexus-ls430/1rLMjEkK4hkmkJ3EGUgB6t,excellent,gas,blue,clean,automatic,sedan,8 cylinders,4wd,Surrey,,
2005 honda accord,4900,"240,000",0,https://www.craigslist.org/view/d/surrey-2005-honda-accord/f6tBpzMof4Gg7FEFZemSbk,good,gas,blue,clean,automatic,sedan,4 cylinders,,Surrey,,
1928 Model A Ford Phaeton,29000,500,0,https://www.craigslist.org/view/d/surrey-upper-west-1928-model-ford/bwW7wUkpKFsYxzhPUQYGpt,excellent,gas,blue,clean,manual,convertible,4 cylinders,rwd,Surrey/North Delta,CANADA,
Jeep CJ7,29000,"105,000",0,https://www.craigslist.org/view/d/surrey-upper-west-jeep-cj7/k6WHmSXHvd4mxXHjZyHYSr,excellent,gas,silver,clean,manual,offroad,6 cylinders,4wd,surrey/north delta,,
2015 GMC Sierra Crewcab with tonneau cover,11850,"415,000",0,https://www.craigslist.org/view/d/abbotsford-2015-gmc-sierra-crewcab-with/t6S7ktBDQDhzHCKjDGR9n3,excellent,gas,red,clean,automatic,pickup,8 cylinders,4wd,Abbotsford,,
2020 Ford F150 4x4 Supercrew 5.0L V8 6.5 ft bed,31000,"117,000",0,https://www.craigslist.org/view/d/surrey-2020-ford-f150-4x4-supercrew-50l/8zhXrmLAUNNFTP7b7CqpvV,excellent,gas,black,clean,automatic,truck,8 cylinders,4wd,Surrey,,
"2009 Turbo Suzuki Wagon R Stingray - 158km 7spd Auto, Clean Title",8400,"158,000",0,https://www.craigslist.org/view/d/surrey-2009-turbo-suzuki-wagon-stingray/5Qa4pFHgsVtMLpXwaeU9oX,good,gas,blue,clean,automatic,wagon,3 cylinders,fwd,Surrey,,
"1994 Honda ACTY Truck AWD Manual 127,000km timing belt replaced",6900,"127,000",0,https://www.craigslist.org/view/d/surrey-north-1994-honda-acty-truck-awd/5y5otnjYZwzQ7Kx1BGa6SQ,excellent,gas,white,clean,manual,truck,3 cylinders,4wd,Surrey,,
1991 Honda ACTY Truck NEW TIMING BELT Manual 49000km,6200,"49,000",0,https://www.craigslist.org/view/d/surrey-1991-honda-acty-truck-new-timing/e4RKGFZRyqKnCwQ3857Frf,excellent,gas,white,clean,manual,truck,3 cylinders,rwd,Surrey,,
1972 Porsche 914 – Roller – Great Restoration Project,5500,"100,000",0,https://www.craigslist.org/view/d/surrey-northeast-1972-porsche-914/quMnToa3JMKoqXKfDZhHkP,,gas,,clean,manual,,,,North Surrey,,
2010 International C7500,11500,"442,260",0,https://www.craigslist.org/view/d/surrey-outer-northwest-2010/6bu12xRgjWtgPyR8sXnuqT,,diesel,white,clean,automatic,truck,,,Surrey,,
2014 Lexus is350 F-Sport AWD,17995,"91,000",0,https://www.craigslist.org/view/d/surrey-2014-lexus-is350-sport-awd/uqY2xxX8qKjJWbpCmf1Zm7,like new,gas,black,rebuilt,automatic,sedan,6 cylinders,4wd,Surrey,,
2007 Mercedes S550,12500,"151,465",0,https://www.craigslist.org/view/d/abbotsford-southeast-2007-mercedes-s550/7uQBFUQs1whe7PUgb2SPJn,,gas,,clean,automatic,sedan,8 cylinders,,Abbotsford,,
1994 Ford Mustang GT Convertible 5.0 LTR,8500,"168,000",0,https://www.craigslist.org/view/d/langley-township-southwest-1994-ford/h5v1wWqkEV3BLLA1Civ1Df,excellent,gas,red,clean,automatic,convertible,8 cylinders,rwd,langley bc,,
1923 Ford Model T Bucket,27500,"2,700",0,https://www.craigslist.org/view/d/langley-township-southwest-1923-ford/qTPADqLiLq4z6jgmaRG25s,excellent,gas,purple,clean,automatic,convertible,8 cylinders,rwd,Ladner BC,,
1984 Jeep Laredo 4×4 CJ7,15000,"225,000",0,https://www.craigslist.org/view/d/langley-township-southwest-1984-jeep/hiuMBbjTJUZojMAnpijUzz,excellent,gas,black,clean,manual,other,6 cylinders,4wd,White Rock BC,,
1958 Chevrolet Impala HT,47500,"23,816",0,https://www.craigslist.org/view/d/langley-township-southwest-1958/gg9oijt7caypyXxQqpuTJi,good,gas,brown,clean,automatic,coupe,8 cylinders,rwd,langley bc,,
1977 Corvette Coupe C3/L82,16500,"70,000",0,https://www.craigslist.org/view/d/langley-township-southwest-1977/g23ebzLaFzNUJR6ULQ3GRa,good,gas,,clean,automatic,coupe,8 cylinders,rwd,Surrey,,
1946 Mercury Tudor Sedan,21500,"1,524",0,https://www.craigslist.org/view/d/langley-township-southwest-1946-mercury/57UbPAfBrmCymEn7vHLwx2,excellent,gas,blue,clean,manual,sedan,8 cylinders,rwd,South Surrey,,
1975 Chevrolet Monte Carlo Coupe,12000,"15,000",0,https://www.craigslist.org/view/d/langley-township-southwest-1975/4Z2JQ4fCJ8fVSSbP9HYFp3,excellent,gas,white,clean,automatic,coupe,8 cylinders,rwd,Chilliwack BC,,
2004 Dodge Viper SRT V10 6 Speed Standard,49900,"52,000",0,https://www.craigslist.org/view/d/langley-township-southwest-2004-dodge/mYUUrcnyGW3iJsJsssu5hi,like new,gas,black,clean,manual,pickup,10 cylinders,rwd,langley bc,,
1993 Lincoln Mark V111 Pro Touring,16500,"1,000",0,https://www.craigslist.org/view/d/langley-township-southwest-1993-lincoln/wFBufy3HLgGTCSYbab1fMM,excellent,gas,black,clean,automatic,coupe,8 cylinders,rwd,langley bc,,
1929 Ford Model A Cabriolet with Rumble Seat,35000,"23,470",0,https://www.craigslist.org/view/d/langley-township-southwest-1929-ford/mMzZ86bQXwo2TY1SPhR31d,like new,gas,yellow,clean,manual,convertible,4 cylinders,rwd,langley bc,,
1997 Mustang SVT Cobra,33500,110,0,https://www.craigslist.org/view/d/surrey-east-1997-mustang-svt-cobra/dGJUk8NNVS2Dwk7mQTWYt8,like new,gas,,clean,manual,coupe,,,delta/surrey/langley,,
1980 Chevy Camaro z28 for sale,35000,"1,000",0,https://www.craigslist.org/view/d/surrey-lower-west-1980-chevy-camaro-z28/4zoB3fr7Z5QBwRxRE9omT5,good,gas,black,clean,automatic,coupe,8 cylinders,rwd,delta/surrey/langley,,
2008 TOYOTA VELLFIRE Z - G PACKAGE W/ 100K KM 3.5L V6 4WD,15995,"100,000",0,https://www.craigslist.org/view/d/surrey-2008-toyota-vellfire-package/wpUd2h2RVuB5G54quoP8Tw,excellent,gas,silver,clean,automatic,van,6 cylinders,4wd,Surrey,,
2017 Toyota Sienna Le Ex taxi,9799,"572,000",0,https://www.craigslist.org/view/d/surrey-northeast-2017-toyota-sienna-le/6aDAQXovJyy7fApRDQfNTV,like new,other,yellow,clean,automatic,minivan,6 cylinders,fwd,Surrey,,
2015 ford transit 150 cargo van,13800,"174,000",0,https://www.craigslist.org/view/d/surrey-2015-ford-transit-150-cargo-van/qgAwvMfKyPhbT1JBLeUzmA,excellent,gas,white,rebuilt,automatic,van,6 cylinders,rwd,delta/surrey/langley,,
Mercedes Benz S400 Hybrid,22500,"80,000",0,https://www.craigslist.org/view/d/surrey-northeast-mercedes-benz-s400/iZtvzoRhGCoExjFpb6YFVF,like new,hybrid,white,clean,automatic,sedan,6 cylinders,rwd,delta/surrey/langley,,
2018 Mercedes Benz GTC convertible,124900,"24,000",0,https://www.craigslist.org/view/d/delta-southeast-2018-mercedes-benz-gtc/uaxP119qNd8qEcF8mNkKy6,like new,gas,,clean,automatic,convertible,8 cylinders,,delta/surrey/langley,,
2011 Honda Odyssey EX,9500,"251,500",0,https://www.craigslist.org/view/d/langley-city-2011-honda-odyssey-ex/f3oZqVxXdT8dqB2di2XsdH,good,gas,grey,clean,automatic,minivan,6 cylinders,fwd,"Langley, BC",5FNRL5H44BB507846,
"2019 Kia Rio LX | 168,000 KM",9450,"168,000",0,https://www.craigslist.org/view/d/surrey-2019-kia-rio-lx-km/iGypvntD4qcXS3YzR1ip69,like new,gas,white,clean,automatic,sedan,4 cylinders,fwd,Surrey,,
2010 Mercedes-Benz C300,9500,"130,000",0,https://www.craigslist.org/view/d/langley-city-2010-mercedes-benz-c300/dVFMiTPYkYkKuDjqErERuW,good,gas,black,clean,automatic,sedan,,rwd,delta/surrey/langley,,
Car for sale,5500,"160,000",0,https://www.craigslist.org/view/d/surrey-car-for-sale/ecPKFapYPfvt51KDcLXWRH,,gas,blue,clean,automatic,sedan,6 cylinders,fwd,Surrey,,
2012 mitsubishi rvr gt awd,5450,"180,000",0,https://www.craigslist.org/view/d/surrey-north-2012-mitsubishi-rvr-gt-awd/tbWbqNdgtEuw5eAkg4Q941,good,gas,white,rebuilt,automatic,SUV,4 cylinders,4wd,surrey,,
2018 FIAT Abarth 124 SPIDER,19990,"53,000",0,https://www.craigslist.org/view/d/surrey-east-2018-fiat-abarth-124-spider/iU9ta8WrN8UfnUDCs2S3mD,like new,gas,red,rebuilt,automatic,convertible,4 cylinders,rwd,"Surrey,",,
"2017 Ford F-750 + HIAB 188 (Remote) Knuckle Boom – ONLY 48,000 Miles",148000,"48,000",0,https://www.craigslist.org/view/d/surrey-2017-ford-750-hiab-188-remote/qfNcYWsLPpNvJswDC8STJW,like new,diesel,white,clean,automatic,truck,,,delta/surrey/langley,,
1974 Cadillac Coupe Deville Electric Orange New Paint,21500,"41,000",0,https://www.craigslist.org/view/d/langley-township-northwest-1974/xdQeSB71rw7mA8Pdv2s2WE,excellent,gas,orange,clean,automatic,coupe,8 cylinders,rwd,Langley,,
2007 Dodge Ram 4x4,15000,"340,000",0,https://www.craigslist.org/view/d/surrey-south-2007-dodge-ram-4x4/kCgRXSaWBcX58MFkewWNiB,good,gas,grey,clean,automatic,pickup,8 cylinders,4wd,delta/surrey/langley,,
2014 Honda Pilot touring 4WD,18500,"86,500",0,https://www.craigslist.org/view/d/surrey-2014-honda-pilot-touring-4wd/dFcEkac33iXYufdcvaLdtH,excellent,gas,silver,rebuilt,automatic,SUV,6 cylinders,4wd,delta/surrey/langley,,
2016 Mercedes GLE63s AMG,34000,"119,500",0,https://www.craigslist.org/view/d/surrey-2016-mercedes-gle63s-amg/cYZX5bQo2XA5gTq76d8moS,excellent,gas,black,rebuilt,automatic,SUV,8 cylinders,,delta/surrey/langley,,
2016 Isuzu NPR flat deck,40000,"104,000",0,https://www.craigslist.org/view/d/surrey-2016-isuzu-npr-flat-deck/43hbsYM2cA3EWvMESYxygz,,diesel,white,rebuilt,automatic,truck,,,delta/surrey/langley,,
2016 MAZDA CX5 GX Sport with GPS/ navigation,12950,"184,100",0,https://www.craigslist.org/view/d/surrey-east-2016-mazda-cx5-gx-sport/sCoWqc97b9qVojboQcCUCM,good,gas,white,clean,automatic,SUV,4 cylinders,,delta/surrey/langley,,
1972 F100 Ranger,14000,"100,000",0,https://www.craigslist.org/view/d/central-saanich-1972-f100-ranger/wvuB9PUzten4n5kBZeGZvN,,gas,,clean,automatic,,,,delta/surrey/langley,,
2015 Mazda 3 - Great on Gas - 6 Speed Manual - !!!,5800,"267,000",0,https://www.craigslist.org/view/d/abbotsford-southwest-2015-mazda-great/kwPvdFW7gf3k7j2DQzAuQf,excellent,gas,black,clean,automatic,sedan,4 cylinders,fwd,delta/surrey/langley,,
2015 Hyundai ElantraL - manual - 170km,7000,"170,000",0,https://www.craigslist.org/view/d/surrey-northeast-2015-hyundai-elantral/v7CSTDhY4urwLXZ9T5Q3fd,excellent,gas,white,clean,manual,sedan,4 cylinders,fwd,Surrey,5NPDH4AE8FH645275,
68 Mustang and 79 Bronco,100000,"1,000",0,https://www.craigslist.org/view/d/surrey-northeast-68-mustang-and-79/oSJx9QCcu5PXeK8e549kGc,good,gas,,clean,automatic,offroad,8 cylinders,,delta/surrey/langley,,
2006 Mercedes R350,6000,"177,000",0,https://www.craigslist.org/view/d/white-rock-2006-mercedes-r350/1k7P9MHAy1eproRWoaRZaz,excellent,gas,custom,clean,automatic,wagon,6 cylinders,,White Rock,,
Infiniti G37 Xs,17000,"129,000",0,https://www.craigslist.org/view/d/delta-southwest-infiniti-g37-xs/srEFT6sztPgLpXSou62aDY,like new,gas,silver,clean,automatic,sedan,6 cylinders,4wd,Delta,,
Honda civic 2006,4900,"263,000",0,https://www.craigslist.org/view/d/surrey-honda-civic-2006/5kmWaetXDxPdCmzd9Bp8CQ,excellent,gas,brown,clean,automatic,sedan,4 cylinders,fwd,Surrey Fleetwood,,
2015 Ram 3500 Crew Cab Limited 4X4,27000,"339,000",0,https://www.craigslist.org/view/d/langley-township-northwest-2015-ram/v6qT3U2ekt2cvdxDhHEx8V,,diesel,,clean,automatic,pickup,,,Langley,,
Ford Focus 2008,3300,"189,000",0,https://www.craigslist.org/view/d/surrey-ford-focus-2008/obnE2VUBqwPSXR8KpkpUtv,,gas,,clean,automatic,sedan,,,Surrey,,
2007 jeep wrangler,12000,"188,000",0,https://www.craigslist.org/view/d/surrey-2007-jeep-wrangler/7s5gKBJAf3uWLe2aNEesQN,good,gas,black,clean,manual,SUV,6 cylinders,4wd,delta/surrey/langley,,
Acura MDX 2007 for sale,4000,"280,000",0,https://www.craigslist.org/view/d/surrey-east-acura-mdx-2007-for-sale/ouTbYCNWgZjgxF1Erp5d4H,excellent,gas,silver,clean,automatic,SUV,6 cylinders,,delta/surrey/langley,,
2008 Jimny Suzuki,8500,"116,736",0,https://www.craigslist.org/view/d/surrey-2008-jimny-suzuki/eqbTu1XEkBmtQjrUJUfGBw,good,gas,black,clean,automatic,,3 cylinders,fwd,Surrey,,
2021 VW Jetta R-Line,20500,"43,000",0,https://www.craigslist.org/view/d/delta-northeast-2021-vw-jetta-line/fytHBU63UsNArZ7BbwDyxV,excellent,gas,grey,clean,manual,sedan,4 cylinders,fwd,delta/surrey/langley,,
"2006 Toyota RAV4 v4 4WD — Clean Title, 296K km, Well Serviced",4400,"296,100",0,https://www.craigslist.org/view/d/delta-southwest-2006-toyota-rav4-v4-4wd/g8derYLm1AQLWFP9URCbuw,good,gas,green,clean,automatic,SUV,4 cylinders,4wd,Tsawwassen - Richmond,,
2013 Kia Sportage EX,5995,"195,000",0,https://www.craigslist.org/view/d/aldergrove-2013-kia-sportage-ex/igkU6Lr43PhD3JH3D6j4nw,excellent,gas,blue,clean,automatic,SUV,,,Langley,,
Lexus is 250,5000,"300,000",0,https://www.craigslist.org/view/d/port-coquitlam-south-lexus-is-250/9QxH7m5JhYXpJ4ffeyy9WU,excellent,gas,,clean,automatic,sedan,6 cylinders,rwd,delta/surrey/langley,,
2008 Infiniti EX35,6500,"182,877",0,https://www.craigslist.org/view/d/surrey-2008-infiniti-ex35/1QWaTf3NCe2ZXGLVecpQFQ,good,gas,black,rebuilt,automatic,SUV,6 cylinders,,Surrey,,
2012 Nissan Rogue,4500,"232,000",0,https://www.craigslist.org/view/d/surrey-upper-west-2012-nissan-rogue/c9h1HwngnXv8B25WfEcExJ,excellent,gas,,clean,automatic,SUV,6 cylinders,,SURREY,,
2006 FORD F550 BUCKET TRUCK,21900,"270,000",0,https://www.craigslist.org/view/d/chilliwack-2006-ford-f550-bucket-truck/9PpDsKBNgmNm1xAESUnhsn,good,diesel,white,clean,automatic,truck,8 cylinders,rwd,Chilliwack,,
Well Maintained Porsche,28900,"114,000",0,https://www.craigslist.org/view/d/surrey-well-maintained-porsche/fjXUm68zaE1rgGwvYEcHaJ,,gas,,clean,automatic,,,,delta/surrey/langley,,
"2017 Ford F-750 + HIAB 188 (Remote) Knuckle Boom – ONLY 48,000 Miles",148000,"48,000",0,https://www.craigslist.org/view/d/surrey-2017-ford-750-hiab-188-remote/kGJXPPSSenw724HhDf6xYu,like new,diesel,white,clean,automatic,truck,,,delta/surrey/langley,,
2020 Chev Duramax diesel pickup,61900,"116,000",0,https://www.craigslist.org/view/d/surrey-2020-chev-duramax-diesel-pickup/hU3Hgh4pCXLvoLnypemawN,excellent,diesel,grey,clean,automatic,pickup,8 cylinders,4wd,South Surrey,,
Selling Toyota 2019 Camry,20500,"129,235",0,https://www.craigslist.org/view/d/surrey-east-selling-toyota-2019-camry/mcRYXs6UMGTsc1rgh9NtrC,excellent,gas,white,clean,automatic,other,6 cylinders,4wd,delta/surrey/langley,,
2021 Toyota Sienna XLE 8 pass seating,39880,"113,180",0,https://www.craigslist.org/view/d/surrey-south-2021-toyota-sienna-xle/7PVjNrHGxMzWzRTjVzZHeC,like new,hybrid,silver,clean,automatic,minivan,4 cylinders,fwd,delta/surrey/langley,,
Toyota Echo 2005,7500,"85,000",0,https://www.craigslist.org/view/d/surrey-north-toyota-echo-2005/b7QGs2oxnq5pJZCmWChjMv,excellent,gas,silver,salvage,automatic,sedan,4 cylinders,fwd,Surrey,,
"2013 Porsche Panamera 4 AWD – One Owner – No Accidents – 99,500 km",33000,"99,500",0,https://www.craigslist.org/view/d/delta-central-2013-porsche-panamera-awd/9pVjWPEkTs1m3VY3GdKgNo,excellent,gas,brown,clean,automatic,sedan,6 cylinders,,Ladner,,
2017 high roof Dodge ram promaster,20000,"114,000",0,https://www.craigslist.org/view/d/langley-township-east-2017-high-roof/cvvoPZpsv7cUZeqwrwFZLA,good,gas,black,rebuilt,automatic,van,6 cylinders,fwd,Aldergrove,3C6TRVBG5HE532333,
2009 BMW E63 M6,22500,"62,000",0,https://www.craigslist.org/view/d/surrey-east-2009-bmw-e63-m6/1Mi9mKPyrzjEsmuB297dbF,like new,gas,,clean,automatic,,10 cylinders,rwd,delta/surrey/langley,,
1967 F100 Short Box Slammed With Air Ride,4500,"300,000",0,https://www.craigslist.org/view/d/chilliwack-1967-f100-short-box-slammed/vpUm4XDpVskWYuy4SLnmta,,gas,,clean,automatic,,,,Chilliwack,,
"2016 Nissan Rogue SV AWD | 172,000 km",8299,"172,000",0,https://www.craigslist.org/view/d/surrey-north-2016-nissan-rogue-sv-awd-km/u5K9gDYPzNJuGw4wYJSFBF,good,gas,white,rebuilt,automatic,SUV,4 cylinders,4wd,Surrey,,
2008 Land Rover Defender 110,56000,"133,000",0,https://www.craigslist.org/view/d/delta-northeast-2008-land-rover/vyscPkm485gaQbgC8usXRB,excellent,diesel,blue,clean,manual,SUV,4 cylinders,4wd,delta/surrey/langley,,
1970 Amc Amx Project,13000,"123,456",0,https://www.craigslist.org/view/d/langley-1970-amc-amx-project/sKksNRbL7FMdR7pEM4nhPL,good,gas,,clean,other,,8 cylinders,rwd,LANGLEY,,
Kenworth 2016,23900,"1,875,000",0,https://www.craigslist.org/view/d/surrey-kenworth-2016/8EVXe3igVbtgdSFjd2pVKx,good,diesel,black,clean,automatic,truck,,,delta/surrey/langley,,
Toyota 2018,35000,"130,000",0,https://www.craigslist.org/view/d/surrey-toyota-2018/ucHZ5Dbav3VweHfKxJo5Y5,good,gas,silver,clean,automatic,,,,delta/surrey/langley,,
Trailer 53’ van,39000,"2,000",0,https://www.craigslist.org/view/d/surrey-trailer-53-van/5e8GngKSjRzqLoZGaGnLg6,excellent,other,white,clean,other,van,,,delta/surrey/langley,,
Toyota Corolla LE 2016,15000,"185,000",0,https://www.craigslist.org/view/d/surrey-east-toyota-corolla-le-2016/nwtHst8W73fgppkVU2n7QP,excellent,gas,blue,clean,automatic,sedan,,,surrey,,
5 ton for sale,24900,"460,000",0,https://www.craigslist.org/view/d/surrey-northeast-ton-for-sale/fFCtmYeFrvCtw2qRLYWb1m,good,diesel,white,clean,automatic,truck,6 cylinders,,delta/surrey/langley,,
Mercedes e550 convertible,22000,"138,000",0,https://www.craigslist.org/view/d/surrey-outer-northwest-mercedes-e550/99Yug6RvTHon8g3fhhfYQJ,like new,gas,white,clean,automatic,convertible,8 cylinders,rwd,Surrey,,
HONDA CR V,10900,"200,000",0,https://www.craigslist.org/view/d/surrey-upper-west-honda-cr/met6WfiWo9HoZFmcjzAzxf,excellent,gas,red,clean,automatic,SUV,4 cylinders,4wd,delta/surrey/langley,,
Mazda3,4700,"223,000",0,https://www.craigslist.org/view/d/surrey-east-mazda3/oVfUgEyN6DDYmUXHZWndAb,good,gas,blue,clean,automatic,coupe,4 cylinders,fwd,Surrwy,,
2012 bmw x5 35i,8000,"139,000",0,https://www.craigslist.org/view/d/surrey-2012-bmw-x5-35i/n8KfQkum8RYcfpesYBizzp,excellent,gas,white,clean,automatic,SUV,6 cylinders,4wd,Cloverdale,5UXZV4C52CL763159,
2014 Nissan frontier pro-4x,14750,"197,100",0,https://www.craigslist.org/view/d/surrey-2014-nissan-frontier-pro-4x/eWtJhJAK7RsVNf3UxPM9JP,like new,gas,white,rebuilt,automatic,pickup,6 cylinders,4wd,surrey,1N6AD0EV3EN726519,
2017 Dodge Grand Caravan RT,5500,"311,000",0,https://www.craigslist.org/view/d/surrey-east-2017-dodge-grand-caravan-rt/avRi7bpCWGtwEnQfYndC5C,excellent,gas,white,rebuilt,automatic,minivan,6 cylinders,fwd,surrey,2C4RDGBG3HR618008,
2019 Kia Forte EX,9850,"181,500",0,https://www.craigslist.org/view/d/surrey-2019-kia-forte-ex/9ka6JxRkj7mdUytjBDuDMz,like new,gas,white,rebuilt,automatic,sedan,4 cylinders,fwd,surrey,3KPF54ADXKE092247,
2018 Hyundai Elantra Sport Turbo  1.6T 201HP,10500,"144,000",0,https://www.craigslist.org/view/d/surrey-east-2018-hyundai-elantra-sport/jL9kd3XrDGpLTEneHhNHCQ,like new,gas,blue,rebuilt,manual,sedan,4 cylinders,fwd,surrey,KMHD04LB0JU670496,
2015 Ford Mustang V6 Convertible – 6-Speed Manual – Clean Title,11999,"250,000",0,https://www.craigslist.org/view/d/surrey-upper-west-2015-ford-mustang-v6/kYWE6V2P2t6mTNgLaMVpS2,good,gas,,clean,manual,convertible,6 cylinders,,Surrey,,
2008 DODGE RAM 3500 MEGA CAB – 6.7 CUMMINS,19999,"290,000",0,https://www.craigslist.org/view/d/surrey-upper-west-2008-dodge-ram-3500/aJK8dgwPrPTq23xE47YrGm,,diesel,,clean,automatic,pickup,,,delta/surrey/langley,,
2010 MUSTANG SHELBY GT500,45000,"148,000",0,https://www.craigslist.org/view/d/surrey-outer-northwest-2010-mustang/1vsVRyuUwPZnCebLXSkcAi,excellent,gas,,clean,manual,coupe,8 cylinders,rwd,Surrey,,
🚛 1999 Freightliner FL80 beavertail – Ready to Work,22000,1,0,https://www.craigslist.org/view/d/surrey-outer-northwest-freightliner/weB4Ud9dkXnUmJe7kq2AKK,,diesel,,clean,manual,truck,6 cylinders,,Surrey,,
2010 Infiniti G37xS AWD - Clean Title -,6500,"220,000",0,https://www.craigslist.org/view/d/surrey-upper-west-2010-infiniti-g37xs/cinZ524AP7FHHCR2dipfmk,,gas,,clean,automatic,,6 cylinders,,delta/surrey/langley,,
2008 Lexus LS460,13500,"69,000",0,https://www.craigslist.org/view/d/delta-east-central-2008-lexus-ls460/5jaPr5nPcSQvK2bCd4qTLT,like new,gas,black,clean,automatic,sedan,8 cylinders,rwd,delta/surrey/langley,,
Acura MDX 2017,21000,"145,000",0,https://www.craigslist.org/view/d/surrey-south-acura-mdx-2017/rYTcdgvSNy1ZcYMjTpuy8H,good,gas,black,clean,automatic,SUV,6 cylinders,4wd,WHITE ROCK SOUTH SURREY,,
2008 Honda Pilot EXl,11499,"186,080",0,https://www.craigslist.org/view/d/surrey-2008-honda-pilot-exl/cNS71ehrEHoN3YnXheC464,good,gas,blue,clean,automatic,SUV,,4wd,Surrey,,
1 owner 2012 bc VW Tiguan,11000,"104,699",0,https://www.craigslist.org/view/d/surrey-east-owner-2012-bc-vw-tiguan/d36zvc1BS8RxZiyzBiMc6f,excellent,gas,,clean,automatic,SUV,4 cylinders,fwd,white rock,,
2011 town and country,7200,"179,586",0,https://www.craigslist.org/view/d/surrey-2011-town-and-country/mPtxRge9a6wSwUuUvqbAka,,gas,black,clean,automatic,minivan,6 cylinders,fwd,Surrey,,
2008 prius Clean title (low km),10888,"124,253",0,https://www.craigslist.org/view/d/surrey-2008-prius-clean-title-low-km/1JPrWwp3w9PHHjmoCUdGjm,like new,hybrid,green,clean,automatic,sedan,4 cylinders,fwd,Surrey,,
2016 BMW 428i xdrive convertible hardtop,24500,"70,000",0,https://www.craigslist.org/view/d/surrey-east-2016-bmw-428i-xdrive/3hpxZsockpDp6hPaFU7scT,excellent,gas,white,clean,automatic,convertible,4 cylinders,fwd,surrey,,
2016 Kia Soul EV - Must go or Best offer,5900,"104,000",0,https://www.craigslist.org/view/d/surrey-upper-west-2016-kia-soul-ev-must/eRAHYF3KzrQDZe5QCThihp,like new,electric,black,clean,automatic,hatchback,4 cylinders,fwd,Surrey,KNDJP3AE6G7011470,
2016 Kia Soul EV - Must go or Best offer,5900,"104,000",0,https://www.craigslist.org/view/d/surrey-upper-west-2016-kia-soul-ev-must/rmdXzynVB2Gq2CUwmYxNiv,excellent,electric,black,clean,automatic,hatchback,4 cylinders,fwd,Surrey,KNDJP3AE6G7011470,
2019 Mercedes-Benz GLC AMG 63S,73900,"70,500",0,https://www.craigslist.org/view/d/delta-east-central-2019-mercedes-benz/1Uow4sY5YcJwZnTVoooBvj,like new,gas,black,clean,automatic,SUV,8 cylinders,4wd,North Vancouver,,
"MINT toyota alphard,awd/4WD,58kkm,2-sunroofs,grade 4,driveaway price",11200,"58,000",0,https://www.craigslist.org/view/d/langley-mint-toyota-alphardawd/95rDBtZ5afNv3MtDEDTC6U,like new,gas,,clean,automatic,,6 cylinders,,Langley,,
TURBO  PORSCHE CAYENNE,25000,"72,000",0,https://www.craigslist.org/view/d/surrey-turbo-porsche-cayenne/6Zw8DkQXaBwjFwmPnzGwWT,like new,gas,black,clean,automatic,SUV,8 cylinders,4wd,Langley,,
1972 US military gamma goat,6300,"1,234",0,https://www.craigslist.org/view/d/kelowna-1972-us-military-gamma-goat/sQSNwmQaG5hmJUtq5imBhc,good,diesel,green,missing,manual,other,,,Kelowna,,
1972 US military gamma goat,5000,"1,234",0,https://www.craigslist.org/view/d/kelowna-1972-us-military-gamma-goat/tRPC7NrmfNHDmbZ5jbk5x4,good,diesel,green,missing,manual,other,,,Kelowna,,
2013 Mercedes-Benz E-Class,13800,"160,000",0,https://www.craigslist.org/view/d/kelowna-southwest-2013-mercedes-benz/mAXf8PRsnPP7xXxJoHxG1A,excellent,gas,,clean,automatic,,,,delta/surrey/langley,,
International 2016 Prostar,4950,"500,000",0,https://www.craigslist.org/view/d/delta-east-central-international-2016/43B2CdQ4mpQgL5V8y347BK,salvage,diesel,orange,clean,automatic,truck,6 cylinders,4wd,DELTA,3HSDJAPRXHN658590,
2012 GMC SIERRA 2500HD Reg Cab (Dump Truck),24800,"147,000",0,https://www.craigslist.org/view/d/delta-northeast-2012-gmc-sierra-2500hd/jUfkRgP4dDms79DZXpzDxS,excellent,gas,white,clean,automatic,pickup,8 cylinders,rwd,Delta,,
"1940 Dodge sedan, original",4000,"123,456",0,https://www.craigslist.org/view/d/langley-township-east-1940-dodge-sedan/r3CdPA8oxMi7JpJXJ4iFgw,,gas,,clean,manual,sedan,,,Aldergrove,,
1992 Mercedes Benz 300SD Diesel Sedan,6500,"250,000",0,https://www.craigslist.org/view/d/surrey-1992-mercedes-benz-300sd-diesel/ji9MGWJwYEpX5qzQWpGP2B,excellent,diesel,grey,clean,automatic,sedan,6 cylinders,rwd,Surrey,,
2022 HONDA CIVIC TOURING (TOP MODEL) LIKE BRAND NEW,19500,"122,000",0,https://www.craigslist.org/view/d/surrey-upper-west-2022-honda-civic/4ofjCY7rfy5h5WSgAQjpmH,like new,gas,,clean,automatic,,,,South Surrey,,
"2023 Nissan Leaf – 16,000 LOW KMS! - NO ACCIDENTS - CLEAN TITLE",27995,"16,000",0,https://www.craigslist.org/view/d/surrey-northeast-2023-nissan-leaf-low/nqY5HrkoMb9w8VwZchewQZ,like new,electric,blue,clean,automatic,hatchback,,,Clayton Heights,,
Beautiful Hummer H3,6200,297,0,https://www.craigslist.org/view/d/surrey-beautiful-hummer-h3/qXvh5f3uYmuCdZFadio4a4,excellent,gas,silver,clean,automatic,SUV,5 cylinders,4wd,Surrey,,
06 Hummer H3,28000,"155,000",0,https://www.craigslist.org/view/d/surrey-06-hummer-h3/eazCGofRZ7UXp8Dvfi4hWG,excellent,gas,black,clean,automatic,SUV,4 cylinders,4wd,Surrey,,
2008 Nissan Pathfinder V8 LE,8000,"255,000",0,https://www.craigslist.org/view/d/surrey-2008-nissan-pathfinder-v8-le/bLHDFz3H7ZXe1Qhm2YfRN9,good,gas,black,clean,automatic,SUV,8 cylinders,4wd,Surrey,,
GLK 350 4 MATIC,14500,"112,292",0,https://www.craigslist.org/view/d/delta-northeast-glk-matic/pkKheP939SxC8Fay1byuXB,excellent,gas,,clean,automatic,SUV,4 cylinders,,delta/surrey/langley,,
"New import, 2005 delica Active-Field 4WD, 45kkm, Grade 4",18000,"45,000",0,https://www.craigslist.org/view/d/abbotsford-southwest-new-import-2005/qChftyszBM41FieXLqzrQF,,gas,,clean,automatic,,,,abbotsford,,
"1991 Honda Civic, Awesome condition, low mileage",4800,"122,000",0,https://www.craigslist.org/view/d/surrey-1991-honda-civic-awesome/3JE41ffoQRW6AeJFydV2LU,good,gas,blue,clean,manual,sedan,4 cylinders,fwd,South Surrey bc,,
"1991 Honda, low km, in great condition, classic",5000,"117,000",0,https://www.craigslist.org/view/d/surrey-1991-honda-low-km-in-great/moCPjqqw7si5HKYdUgVn8h,good,gas,blue,clean,automatic,sedan,4 cylinders,fwd,South Surrey,,
HONDA CRV 2010,10500,"208,260",0,https://www.craigslist.org/view/d/surrey-honda-crv-2010/kzaF461Ei4qAhLjsvewBY4,good,gas,,clean,automatic,,,,Surrey,,
2012 E-550 Convertible - Extended warranty until  Sept 2028,23999,"111,000",0,https://www.craigslist.org/view/d/surrey-2012-550-convertible-extended/rShe8svL4acjWVCk3jkciE,excellent,gas,black,clean,automatic,convertible,8 cylinders,rwd,Surrey,,
Infiniti G25x AWD,5500,"202,000",0,https://www.craigslist.org/view/d/surrey-outer-northwest-infiniti-g25x-awd/xdoixiRyTJacSEtx5j3Ah2,good,gas,,rebuilt,automatic,sedan,6 cylinders,,Surrey,,
2007 cadillac escalade ext,6000,"302,000",0,https://www.craigslist.org/view/d/vancouver-2007-cadillac-escalade-ext/sN9Bfpzm8x6cKYNYqpQTGh,,gas,,clean,automatic,SUV,,,delta/surrey/langley,,
2009 chevy silverado 1500 4x4,9000,"200,000",0,https://www.craigslist.org/view/d/vancouver-2009-chevy-silverado-x4/fFWe6hKsTLSUae3TrS3akt,good,gas,black,clean,automatic,pickup,6 cylinders,,delta/surrey/langley,,
2014 Nissan Rogue SV  7 passengers,6300,"214,000",0,https://www.craigslist.org/view/d/surrey-north-2014-nissan-rogue-sv/hqtFor1fz626nv7Sq4F7gk,like new,gas,black,rebuilt,automatic,SUV,4 cylinders,4wd,Surrey,,
Flatdeck,14500,"219,000",0,https://www.craigslist.org/view/d/surrey-flatdeck/myVuvgZcHzQLr5y6tEktKE,excellent,diesel,white,clean,manual,truck,8 cylinders,rwd,Surrey,,
Military Truck 6x6 Off Road,18500,"4,800",0,https://www.craigslist.org/view/d/surrey-military-truck-6x6-off-road/hwTSytV8TyfNQKHibB54Mw,excellent,diesel,green,clean,automatic,truck,6 cylinders,4wd,Surrey,,
1971 TOYOTA CELICA ST 5-SPEED (1ST GENERATION),27000,"18,600",0,https://www.craigslist.org/view/d/surrey-1971-toyota-celica-st-speed-1st/oLc9rajepdJNWd3h2r2s4X,good,gas,blue,clean,manual,coupe,4 cylinders,rwd,Cloverdale,,
Honda odessey ( Mini Van) quick sale.,6999,"328,000",0,https://www.craigslist.org/view/d/surrey-inner-northwest-honda-odessey/bFYwDRewpLAWt3QtB3kXwV,excellent,gas,grey,clean,automatic,minivan,4 cylinders,fwd,Surrey Inner Northwest,,
2004 BMW 545i (E60 5 Series) - Low KMs & Great Condition,6500,"142,000",0,https://www.craigslist.org/view/d/delta-northeast-2004-bmw-545i-e60/8NVoqkkirTnyyFfgcsHUvT,excellent,gas,blue,clean,automatic,sedan,8 cylinders,rwd,North Delta,,
"2011 Nissan X-Trail 2.0L dCi, Turbo diesel",7900,"137,670",0,https://www.craigslist.org/view/d/surrey-2011-nissan-trail-20l-dci-turbo/7d1sjQFNutFwYH8UyuGJm2,excellent,diesel,red,clean,automatic,SUV,4 cylinders,4wd,Surrey,,
1983 Mercedes-Benz 380SEC,3900,"266,898",0,https://www.craigslist.org/view/d/langley-city-1983-mercedes-benz-380sec/9JUy7RrrisxzTUjx4hj233,fair,gas,blue,clean,automatic,coupe,8 cylinders,rwd,delta/surrey/langley,,
1987 Mercedes-Benz 560SEC,4200,"247,807",0,https://www.craigslist.org/view/d/langley-city-1987-mercedes-benz-560sec/2miqQqTAfgPMwogsaSXevH,fair,gas,silver,clean,automatic,coupe,8 cylinders,rwd,delta/surrey/langley,,
1981 Mercedes-Benz 300D,10500,"182,590",0,https://www.craigslist.org/view/d/langley-city-1981-mercedes-benz-300d/sR6YPHbkkoXQgaraTWKAKc,excellent,diesel,blue,clean,automatic,sedan,5 cylinders,rwd,delta/surrey/langley,,
2004 TJ Rubicon rock crawler,58599,"230,000",0,https://www.craigslist.org/view/d/surrey-south-2004-tj-rubicon-rock/hmnCxt9hYF4LiibHTmMUrY,,gas,,rebuilt,manual,,6 cylinders,4wd,delta/surrey/langley,,
2020 Toyota Corolla Hybrid (DRIVING SCHOOL READY),22000,"174,000",0,https://www.craigslist.org/view/d/vancouver-2020-toyota-corolla-hybrid/aytn4RRz7Ue36XP9yFbuGZ,,hybrid,,clean,automatic,sedan,,,Vancouver,,
"2024 Land Rover Defender - $78,250",78250,"30,000",0,https://www.craigslist.org/view/d/surrey-2024-land-rover-defender/1QF6SPsns7EoJCLBnus7Br,new,gas,white,clean,automatic,SUV,6 cylinders,4wd,Surrey,,
FOR SALE - 1979 MUSTANG DRAG CAR,20000,"15,000",0,https://www.craigslist.org/view/d/delta-northeast-for-sale-mustang-drag/chUZYh4kXztYMxyCxmFNeq,excellent,gas,white,clean,automatic,coupe,8 cylinders,rwd,delta/surrey/langley,,
2025 Chevy 3500 HD,65999,"37,300",0,https://www.craigslist.org/view/d/langley-township-north-2025-chevy-3500/pSAn38reP1FXh5yfuDvKeH,,gas,,clean,automatic,pickup,,,delta/surrey/langley,,
2024 Chevy Equinox ev awd,39999,"26,000",0,https://www.craigslist.org/view/d/langley-township-north-2024-chevy/pY8AaH6LYTrfmKFnM2ydMU,,electric,blue,clean,automatic,SUV,,,delta/surrey/langley,,
2024 Ford Transit Cargo high roof,51999,"11,500",0,https://www.craigslist.org/view/d/langley-township-north-2024-ford/qTFyHzzE1rvomvXXj3NQaw,,gas,,clean,automatic,van,,,delta/surrey/langley,,
2008 Honda civic,4000,"257,000",0,https://www.craigslist.org/view/d/surrey-2008-honda-civic/rLaPQW9ePsjiuCmeKPEq5X,excellent,gas,blue,clean,manual,sedan,4 cylinders,fwd,Surrey,,
R350 bluetec diesel for sale,17450,"205,471",0,https://www.craigslist.org/view/d/surrey-r350-bluetec-diesel-for-sale/9EkAaxok5i1ogdG2DrgNPE,good,diesel,grey,clean,automatic,wagon,6 cylinders,4wd,Surrey,,
2015 Mercedes GL350 Bluetec,23900,"129,000",0,https://www.craigslist.org/view/d/delta-northeast-2015-mercedes-gl350/4DxF5e1A7C8aHWzG3eS1z5,excellent,diesel,grey,clean,automatic,SUV,6 cylinders,4wd,Delta,,
2002 Honda Accord Coupe,3500,"227,000",0,https://www.craigslist.org/view/d/surrey-2002-honda-accord-coupe/4zYEZRDL8hZnW8CCy5mLKp,good,gas,blue,clean,automatic,coupe,4 cylinders,fwd,Cloverdale,,
1973 Cadillac Eldorado convertible,10000,14,0,https://www.craigslist.org/view/d/surrey-1973-cadillac-eldorado/iiuo5DcZPWWPWn7XWXH533,good,gas,,clean,automatic,convertible,8 cylinders,fwd,Ocean park,,
"**🚘 2018 Mercedes-Benz GLC 300 4MATIC | 122,000 KM 🚘**",17500,"122,000",0,https://www.craigslist.org/view/d/surrey-lower-west-mercedes-benz-glc-300/v6q7PfLziPDPcZfFuzsdU8,like new,gas,white,clean,automatic,SUV,4 cylinders,4wd,delta/surrey/langley,WDC0G4KB6JV020317,
"2008 Acura MDX (Surrey,BC)",9800,"188,000",0,https://www.craigslist.org/view/d/surrey-upper-west-2008-acura-mdx/wDKfGphzU9ZPDedFprN2X1,excellent,gas,silver,clean,automatic,SUV,6 cylinders,4wd,delta/surrey/langley,,
Jetta 2015,6700,"215,000",0,https://www.craigslist.org/view/d/surrey-jetta-2015/hojtc2zFJfCusoui5tVVJi,good,gas,black,lien,automatic,sedan,4 cylinders,fwd,Surrey,,
2014 BMW X3 xDrive 2.8 AWD 157K Kms,9400,"157,000",0,https://www.craigslist.org/view/d/surrey-2014-bmw-x3-xdrive-28-awd-157k/mqguit8Rj7f1HroYfHRRJq,excellent,gas,grey,clean,automatic,SUV,4 cylinders,4wd,Surrey,,
2007 BMW 323i Low Kms,6500,"123,700",0,https://www.craigslist.org/view/d/surrey-2007-bmw-323i-low-kms/6HfuY6mEHYK5ZGiQAX6rZS,excellent,gas,grey,clean,automatic,sedan,6 cylinders,rwd,Surrey,,
2006 charger R/T Daytona Special 224/250,10000,"121,873",0,https://www.craigslist.org/view/d/surrey-2006-charger-t-daytona-special/5Px9pR3UvN6m5FZpVxqP3g,like new,gas,yellow,clean,automatic,sedan,8 cylinders,rwd,Surrey,,
2014 BMW X3 164K kms,6900,"164,000",0,https://www.craigslist.org/view/d/surrey-2014-bmw-x3-164k-kms/h7nBom19pfrgixcXtjVv27,excellent,gas,grey,rebuilt,automatic,SUV,4 cylinders,4wd,Surrey,,
"1992 Dodge Dakota   49,800 Original KM's",13300,"49,800",0,https://www.craigslist.org/view/d/surrey-east-1992-dodge-dakota-original/knhcMXXGMNd9oRA79bbaAA,like new,gas,red,clean,automatic,pickup,6 cylinders,4wd,Surrey,,
"2014 INFINITI QX60 AWD – FULLY LOADED – ONLY ~120,000 KM – $14,900 OBO",14900,"118,000",0,https://www.craigslist.org/view/d/surrey-2014-infiniti-qx60-awd-fully/bXcbn4iXpGoMTq2b5j5Ttj,excellent,gas,grey,clean,automatic,SUV,6 cylinders,4wd,Surrey,,
2013 X5 BMW for grabs!,10900,"144,000",0,https://www.craigslist.org/view/d/white-rock-2013-x5-bmw-for-grabs/rzRSscherhgSV8QhhethQg,excellent,gas,white,clean,automatic,SUV,6 cylinders,,White Rock,,
2016 Honda Civic • EX-T w/Honda Sensing Sedan 4D,13000,"190,000",0,https://www.craigslist.org/view/d/vancouver-2016-honda-civic-ex-w-honda/3qLUUcKhaeyLi58hPWH1Mx,good,gas,black,clean,automatic,sedan,,fwd,delta/surrey/langley,,
2013 Honda Ridgeline,9500,"281,760",0,https://www.craigslist.org/view/d/surrey-2013-honda-ridgeline/eqDFQ73MwiUfFZJc6YsBt1,good,gas,white,clean,automatic,truck,6 cylinders,4wd,South Surrey,,
Local 2015 VW Golf Low KM,14500,"92,000",0,https://www.craigslist.org/view/d/surrey-north-local-2015-vw-golf-low-km/rcuhMuzjeYVy76vySD81p2,excellent,gas,black,clean,automatic,hatchback,4 cylinders,fwd,Surrey,,
2020 Jeep Cherokee trailhawk,16500,"127,000",0,https://www.craigslist.org/view/d/similkameen-2020-jeep-cherokee-trailhawk/4YEtPWy2n3CQMLHBfmZnyr,excellent,gas,grey,clean,automatic,SUV,6 cylinders,4wd,Rosedale,,
2021 Kia Rio 5,10000,"130,000",0,https://www.craigslist.org/view/d/surrey-2021-kia-rio/69kMZwNXPNzNsedY5Af2Au,excellent,gas,white,rebuilt,automatic,sedan,4 cylinders,fwd,delta/surrey/langley,,
1990 International 4900,8000,1,0,https://www.craigslist.org/view/d/surrey-upper-west-1990-international/u4UNszWYeLBVvn8VotQgsQ,excellent,diesel,,clean,other,truck,,,Surrey,,
2023 Hyundai Elantra Hybrid Rebuilt LOW MILEAGE little Negotiatiable,20000,"75,000",0,https://www.craigslist.org/view/d/surrey-2023-hyundai-elantra-hybrid/tTUbzKbLKMWfoqLawAFFm3,like new,hybrid,white,rebuilt,automatic,sedan,4 cylinders,,Surrey,,
2009 Kia Sadona  LX,4950,"240,000",0,https://www.craigslist.org/view/d/richmond-northeast-2009-kia-sadona-lx/6nxXqy5iApt8sNqdnDnRJE,good,gas,blue,clean,automatic,minivan,6 cylinders,fwd,richmond bc east,,
"2005 4WD/AWD toyota hiace ambulance, 31k km, empty shell",26000,"31,000",0,https://www.craigslist.org/view/d/abbotsford-wd-awd-toyota-hiace/tDyREoFUgQ7rDFU7LuTs3L,,gas,,clean,automatic,,,,abbotsford,,
"2003 Mitsubishi delica. hiroof, 4wd. 87kkm",14000,"87,000",0,https://www.craigslist.org/view/d/abbotsford-southwest-2003-mitsubishi/rQTjuxtTJ8neCdRH2qW5nE,,gas,,clean,automatic,,,4wd,abbotsford,,
"2003 Mitsubishi delica hiroof 4wd. 99kkm, serviced.",14000,"99,000",0,https://www.craigslist.org/view/d/abbotsford-southwest-2003-mitsubishi/32vV7L5EaaJbYFLSiwQX9J,,gas,,clean,automatic,,,4wd,abbotsford,,
"toyota alphard v6, AWD/4WD, 58kkm, twin sunroofs, grade 4",11600,"58,000",0,https://www.craigslist.org/view/d/langley-toyota-alphard-v6-awd-4wd-58kkm/oz7mpuaLw9hu9cC1Zx8CXs,like new,gas,,clean,automatic,,6 cylinders,,Langley,,
"Toyota grand hiace, granvia, awd/4wd, 57k km, 2*sunroofs",17000,"57,000",0,https://www.craigslist.org/view/d/abbotsford-toyota-grand-hiace-granvia/5pRS2zzGdVaDgRVgJCUWXp,,gas,,clean,automatic,,6 cylinders,4wd,abbotsford,,
"New import, 2006 Mitsubishi delica,twin-sunroofs, 39kkm G4",27000,"39,000",0,https://www.craigslist.org/view/d/abbotsford-southwest-new-import-2006/ouZG7mWNdnThd79vEJSeDs,,gas,,clean,automatic,,6 cylinders,,abbotsford,,
2017 Volvo XC60 T-5,15500,"145,000",0,https://www.craigslist.org/view/d/surrey-2017-volvo-xc60-5/owAQj1GrArbvVmfrMtfnsB,like new,gas,,clean,automatic,SUV,,,White Rock,,
2009 Honda Civic Coupe,8300,"154,000",0,https://www.craigslist.org/view/d/surrey-north-2009-honda-civic-coupe/6AhHWrfzQ4VhoAcdU9bDDN,like new,gas,black,clean,automatic,coupe,4 cylinders,fwd,Surrey,,
2015 Kia Forte LX Sedan,5000,"175,352",0,https://www.craigslist.org/view/d/surrey-2015-kia-forte-lx-sedan/sBQxF1qE9Ggs8gkCozC5PP,good,gas,white,clean,automatic,sedan,4 cylinders,,Surrey Fleetwood,,
Bmw 550 m pack,7200,"151,000",0,https://www.craigslist.org/view/d/surrey-upper-west-bmw-550-pack/pj7FoRdtkHKfGqwizAr3hF,excellent,gas,white,clean,automatic,sedan,8 cylinders,,Surrey,,
2015 Ford Escape Ecoboost,7500,"167,840",0,https://www.craigslist.org/view/d/surrey-2015-ford-escape-ecoboost/wmk1hGxzUT8KxnWFxzuiyt,like new,gas,,clean,automatic,,,fwd,Surrey,,
Nice Lexus ES350,9500,"210,000",0,https://www.craigslist.org/view/d/delta-nice-lexus-es350/vrwMQA6Q59qwg31ZDYc8iM,excellent,gas,,clean,automatic,sedan,6 cylinders,fwd,Scottsdale,,
2016 Dodge Charger Hellcat,65888,"70,000",0,https://www.craigslist.org/view/d/surrey-east-2016-dodge-charger-hellcat/oqW6HjQJvCkzFqibN54A5d,excellent,gas,black,clean,automatic,sedan,8 cylinders,,"Surrey, BC",,
1989 Jeep Wrangler YJ 4x4 – Manual – Running Project,6000,"278,391",0,https://www.craigslist.org/view/d/new-westminster-1989-jeep-wrangler-yj/siLL2dGAWSU6rAEn8EP7uk,good,gas,black,clean,manual,SUV,6 cylinders,4wd,New Westminster,2J4FY29T2KJ150060,
2007 John Cooper works convertible,12900,"104,000",0,https://www.craigslist.org/view/d/white-rock-2007-john-cooper-works/wqVsYqPvt8573ieArxFh1R,like new,gas,,clean,manual,convertible,,,delta/surrey/langley,,
2007 Mazda MX5 low kms!,15500,"67,300",0,https://www.craigslist.org/view/d/surrey-2007-mazda-mx5-low-kms/teJFZsBEFTkFqXm4xuhTjh,excellent,gas,red,rebuilt,automatic,convertible,4 cylinders,rwd,Surrey,,
1956 Cust Nomad Restomod,69888,"4,735",0,https://www.craigslist.org/view/d/west-kelowna-1956-cust-nomad-restomod/gfDBBbqFnXURB3gXGmFFsK,,gas,,rebuilt,automatic,,,,Okanagan,,
1982 Toyota Trekker  (4runner),9988,"12,345",0,https://www.craigslist.org/view/d/kelowna-west-1982-toyota-trekker-4runner/sJL33scGNK63fYq3w7eoPM,good,gas,,clean,manual,,4 cylinders,4wd,OKANAGAN,,
1994 Pontiac Formula Firehawk  6 speed,32888,"50,712",0,https://www.craigslist.org/view/d/west-kelowna-1994-pontiac-formula/4hPoD8cx2KWFp2TBmjryxA,like new,gas,,clean,manual,,8 cylinders,,Okanagan,,
2015 RS5 audi loaded low km,32880,"115,880",0,https://www.craigslist.org/view/d/kelowna-west-2015-rs5-audi-loaded-low-km/xoZpNDUy8HTKfa6czbHvyd,,gas,,clean,automatic,,8 cylinders,,OKANAGAN,,
2009 Subaru impreza WRX  STI,14900,"100,000",0,https://www.craigslist.org/view/d/coquitlam-north-2009-subaru-impreza-wrx/4aSHN5GsVZ3i8scnLTAxX4,excellent,gas,white,clean,automatic,hatchback,4 cylinders,4wd,South surrey,,
Mazda MX5 ROADSTER,8500,"120,000",0,https://www.craigslist.org/view/d/coquitlam-north-mazda-mx5-roadster/9mkV1vyGCKnZ7chroJPtwv,good,gas,grey,clean,automatic,convertible,4 cylinders,rwd,South surrey,,
2009 Subaru Forester TURBO,9000,"57,000",0,https://www.craigslist.org/view/d/coquitlam-north-2009-subaru-forester/8uouGrbMtGsPk8J4T5uWWT,like new,gas,orange,clean,automatic,SUV,4 cylinders,4wd,South surrey,,
Honda crv,5000,"240,000",0,https://www.craigslist.org/view/d/surrey-upper-west-honda-crv/nzJiGAZXeugybNP23AT687,good,gas,blue,clean,automatic,SUV,4 cylinders,4wd,delta/surrey/langley,,
2015 Nissan Leaf SV – Excellent Condition & Well Maintained,6800,"149,216",0,https://www.craigslist.org/view/d/langley-2015-nissan-leaf-sv-excellent/grMcWcquheT5hW9sKh5QMh,excellent,electric,red,clean,automatic,hatchback,,fwd,Langley city,1N4AZ0CP3FC302379,
2015 BMW X4 Xdrive 35i,16700,"132,000",0,https://www.craigslist.org/view/d/surrey-2015-bmw-x4-xdrive-35i/wugXJiej9qsejHSvBjd62C,good,gas,white,clean,automatic,SUV,6 cylinders,4wd,Surrey,,
2009 BMW X6,6000,"140,000",0,https://www.craigslist.org/view/d/surrey-2009-bmw-x6/8WZFY7Xcn2xBktxzYRnFvg,,gas,,clean,automatic,,,,delta/surrey/langley,,
1993 CAVALIER Z24 CONVERTIBLE. FULLY LOADED AND EVERYTHING WORKS.,7995,"217,000",0,https://www.craigslist.org/view/d/surrey-upper-west-1993-cavalier-z24/5dXEp6zZusgAPUegWXJ8uZ,like new,gas,white,clean,automatic,convertible,6 cylinders,fwd,SURREY,,
Accura mdx 2008,6300,"188,000",0,https://www.craigslist.org/view/d/surrey-outer-northwest-accura-mdx-2008/dk7pt3A3H8ccanjMRn5Sio,excellent,gas,grey,clean,automatic,SUV,,4wd,Surrey Outer Northwest,,
1996 Lexus LX450,15000,"345,399",0,https://www.craigslist.org/view/d/surrey-upper-west-1996-lexus-lx450/fukPbSZy2E8TJNWRdvwAjT,good,gas,black,clean,automatic,SUV,6 cylinders,4wd,Langley,JT6HJ88J0T0131260,
2009 Kenworth T800,105000,"822,000",0,https://www.craigslist.org/view/d/surrey-outer-northwest-2009-kenworth/2wuyCrBTDXwqfWsUUjVess,good,diesel,black,clean,manual,truck,,,Surrey,,
TRI-AXLE RENN S1170 TRAILER,26000,11,0,https://www.craigslist.org/view/d/surrey-outer-northwest-tri-axle-renn/61FuCFqQ6qoyKfXYv6cTm4,,other,,clean,other,,,,Surrey,,
Chevrolet Equinox 2014,5499,"133,000",0,https://www.craigslist.org/view/d/surrey-chevrolet-equinox-2014/isE2LHpbhnd1gd5QKSybAM,like new,gas,silver,clean,automatic,SUV,4 cylinders,fwd,Surrey,,
Kia Rio 2008,3495,"176,000",0,https://www.craigslist.org/view/d/surrey-kia-rio-2008/7wFQv7LUkbtLm62cZt4hY9,like new,gas,red,clean,automatic,sedan,4 cylinders,,Surrey,,
Kia Sorento 2011,4495,"208,500",0,https://www.craigslist.org/view/d/surrey-kia-sorento-2011/njvrNmwZhDGy6JCUd7aY3d,like new,gas,black,clean,automatic,SUV,4 cylinders,4wd,Surrey,,
Kia Optima 2016,9495,"92,000",0,https://www.craigslist.org/view/d/surrey-kia-optima-2016/2fQ6SJqcSRKjs2ABAJnbKE,like new,gas,silver,clean,automatic,sedan,,,Surrey,,
Ford Escape 2014,4700,"284,828",0,https://www.craigslist.org/view/d/surrey-ford-escape-2014/dQ4TPViPdLeti5QmmsJZjF,,gas,white,clean,automatic,SUV,4 cylinders,fwd,Surrey,,
2015 Hyundai Elantra Sport,6500,"147,000",0,https://www.craigslist.org/view/d/surrey-upper-west-2015-hyundai-elantra/pmtGxaPYmvGbyd76zZ8cQv,good,gas,black,rebuilt,automatic,sedan,4 cylinders,,surrey,,
2003 Echo,3500,"310,000",0,https://www.craigslist.org/view/d/langley-2003-echo/coEqXFJGecFx93XSN9Xw3y,fair,gas,green,rebuilt,automatic,sedan,4 cylinders,fwd,Surrey,,
2018 JAGUAR XE,15000,"148,700",0,https://www.craigslist.org/view/d/surrey-upper-west-2018-jaguar-xe/2xJxuPkA9noCenopgWrTGu,excellent,diesel,white,clean,automatic,sedan,4 cylinders,4wd,surrey,,
1979 Fiat X/19,6450,"58,000",0,https://www.craigslist.org/view/d/langley-township-north-1979-fiat-19/pPUKSGeD4FoAYvrzgV23jy,,diesel,,clean,manual,,,,Langley,,
"1997 Ford F350XLT powerstroke diesel 142,000 km",29900,"142,000",0,https://www.craigslist.org/view/d/powell-river-1997-ford-f350xlt/aoXM8RRvHRKKQnGDHaKqGj,excellent,diesel,black,clean,automatic,pickup,8 cylinders,rwd,"Powell River, B.C.",,
2012 Volkswagen Passat TDI - Mechanic Special,7000,"140,000",0,https://www.craigslist.org/view/d/surrey-east-2012-volkswagen-passat-tdi/9vM6Y6UV54HK5odoEFaxUe,excellent,diesel,white,clean,automatic,sedan,4 cylinders,fwd,Cloverdale,,
2003 Hummer H2 Off-roader 4X4 Great SUV PRICED TO SELL - FIRM,11999,"260,000",0,https://www.craigslist.org/view/d/surrey-upper-west-2003-hummer-h2-off/sJh91NSvS1nRv432TNEnGT,excellent,gas,orange,clean,automatic,SUV,8 cylinders,4wd,Surrey,,
2013 Chevrolet Explorer Van Conversion,38500,"71,000",0,https://www.craigslist.org/view/d/delta-central-2013-chevrolet-explorer/o8nWniztzAjk21wesx4BEX,excellent,gas,blue,clean,automatic,van,8 cylinders,4wd,delta/surrey/langley,,
2003 Jeep Hummer H2 Off-roader 4X4 Great Luxury Truck,19999,"300,000",0,https://www.craigslist.org/view/d/surrey-upper-west-2003-jeep-hummer-h2/hob9kXWsfjdRdKUB4m3z6y,excellent,gas,green,clean,automatic,SUV,8 cylinders,4wd,Surrey,,
2013 Kia Rio,3300,"241,193",0,https://www.craigslist.org/view/d/surrey-east-2013-kia-rio/3toqCQ7F1xTupCY4WXrCQb,good,gas,black,clean,automatic,sedan,,,Surrey East,,
2015 Hyundai Elantra Touring 4 Cylinder Runs and Drives Great MANUAL,3499,"230,000",0,https://www.craigslist.org/view/d/surrey-upper-west-2015-hyundai-elantra/nGdHdArUenzWjiSpxXhV2V,excellent,gas,grey,clean,manual,hatchback,4 cylinders,fwd,Surrey,,
2014 Mercedes Benz CLA 250 BC Car ONE OWNER - 4 Cylinder,10999,"200,000",0,https://www.craigslist.org/view/d/surrey-upper-west-2014-mercedes-benz/pXkGW2Yq21y49AxozWYK38,excellent,gas,purple,clean,automatic,sedan,4 cylinders,rwd,Surrey,,
2019 Honda Accord,19300,"73,000",0,https://www.craigslist.org/view/d/delta-2019-honda-accord/gFksbGmNYPsh5beVzh88p2,excellent,gas,black,rebuilt,automatic,sedan,4 cylinders,fwd,Delta,,
1951 Jaguar Mark V,32500,"67,000",0,https://www.craigslist.org/view/d/omineca-1951-jaguar-mark/opoDxcKCoQZyfU2ULvdipm,excellent,gas,white,clean,manual,sedan,6 cylinders,,South Hazelton,,
2006 dodge ram 3500 Diesel,31000,"201,000",0,https://www.craigslist.org/view/d/delta-central-2006-dodge-ram-3500-diesel/jXcTwbpjBaYHwSikSSsvUg,good,diesel,,clean,automatic,pickup,,,delta/surrey/langley,,
2016 Acura RDX AWD Tech,17000,"148,000",0,https://www.craigslist.org/view/d/delta-east-2016-acura-rdx-awd-tech/3EMXrBLxfeStRisKKN7hos,excellent,gas,black,clean,automatic,SUV,6 cylinders,4wd,Delta,5J8TB4H51GL804722,
For sale,18000,"111,453",0,https://www.craigslist.org/view/d/surrey-east-for-sale/4XSGsut4evUi5hHQ2AVknv,excellent,gas,white,clean,automatic,SUV,4 cylinders,4wd,delta/surrey/langley,,
Audi SQ5 2015,26900,"60,717",0,https://www.craigslist.org/view/d/surrey-audi-sq5-2015/8ivQVK8cDMxfzcmg5TJaqZ,like new,gas,white,clean,automatic,SUV,6 cylinders,4wd,South Surrey,,
2018 International 4300 (24’ Box/Tailgate),49500,"313,000",0,https://www.craigslist.org/view/d/vernon-east-2018-international-box/sw1QAyHf3fqPBFrd2xVBXd,good,diesel,white,clean,automatic,truck,6 cylinders,rwd,Abbotsford,,
2017 AUDI A6 3.0T - LOW MILEAGE,26850,"75,000",0,https://www.craigslist.org/view/d/white-rock-2017-audi-a6-30t-low-mileage/fX5TW5r9wJHbYAHUP7WMB9,excellent,gas,black,clean,automatic,sedan,6 cylinders,4wd,S. Surrey/ White Rock,,
2013 grand Caravan,4900,"177,000",0,https://www.craigslist.org/view/d/surrey-2013-grand-caravan/eDjfutbp5KNjeTAxYmUKgK,,gas,,clean,automatic,minivan,,,delta/surrey/langley,,
2015 Mercedes S63 AMG,49500,"127,000",0,https://www.craigslist.org/view/d/surrey-2015-mercedes-s63-amg/cLZQMFPibCMNrg99JXzVaV,excellent,gas,,clean,automatic,sedan,8 cylinders,,delta/surrey/langley,,
Right Hand Drive***Toyota Corolla Rumion - Scion - low Km,8500,"65,000",0,https://www.craigslist.org/view/d/surrey-east-right-hand-drivetoyota/mkjzN3JERBuCJDmZR6ToU1,like new,gas,red,clean,automatic,minivan,4 cylinders,fwd,delta/surrey/langley,,
2010 Toyota Voxy Kirameki ZS,11500,"89,500",0,https://www.craigslist.org/view/d/surrey-inner-northwest-2010-toyota-voxy/9g3bgmw9noASX2Pkq2LQMi,excellent,gas,black,clean,automatic,minivan,4 cylinders,fwd,Surrey,,
wanted mopar cuda challenger dart duster demon road runner super bee,60000,"100,000",0,https://www.craigslist.org/view/d/delta-southeast-wanted-mopar-cuda/vKZnnKwbezmsGk9tPV7YRm,,gas,,clean,manual,,,,Surrey,,
2022 Hyundai IONIQ 5 Essential RWD – 68000KM - Excellent Condition,29990,"68,000",0,https://www.craigslist.org/view/d/surrey-2022-hyundai-ioniq-essential-rwd/jQxgoiGPgG31hmrBeKirBn,like new,electric,white,clean,automatic,hatchback,,rwd,Surrey,,
Honda Civic (safe buy),7995,"188,563",0,https://www.craigslist.org/view/d/victoria-south-honda-civic-safe-buy/sFqNbN931PUisYgnUuh83h,like new,gas,,clean,automatic,,,,Victoria,,
2003 honda crv,3400,"270,000",0,https://www.craigslist.org/view/d/surrey-upper-west-2003-honda-crv/sxh3yvrui2DUyUZs49capx,good,gas,,clean,automatic,SUV,4 cylinders,4wd,delta/surrey/langley,,
2016 Genesis Coupe 3.8,14000,"134,000",0,https://www.craigslist.org/view/d/delta-southwest-2016-genesis-coupe-38/wrHP7gBMaaP2fXnM45UBs7,good,gas,black,rebuilt,automatic,coupe,6 cylinders,rwd,Delta Southwest,,
Nissan Altima 2009,4800,"122,800",0,https://www.craigslist.org/view/d/vancouver-nissan-altima-2009/3pH5iQLyTsg7MPzXkkZ3Rn,excellent,gas,grey,rebuilt,automatic,sedan,4 cylinders,,Vancouver,,
CRV LX AWD 2026 - 9000k,42000,"9,000",0,https://www.craigslist.org/view/d/surrey-northeast-crv-lx-awd/6TgSAjWN3SEg7G5QthT2Gd,like new,gas,white,clean,automatic,SUV,4 cylinders,4wd,Surrey,,
"2017 Ford F-750 + HIAB 188 (Remote) Knuckle Boom – ONLY 48,000 Miles",148000,"48,000",0,https://www.craigslist.org/view/d/surrey-2017-ford-750-hiab-188-remote/dip7hmzPVWSnejZMxeRpgf,like new,diesel,white,clean,automatic,truck,,,delta/surrey/langley,,
2011 BMW 328i Hardtop Convertible,17900,"75,000",0,https://www.craigslist.org/view/d/surrey-2011-bmw-328i-hardtop-convertible/tB7SK3Q6V3R9RbhDYsJhWq,excellent,gas,white,clean,automatic,convertible,6 cylinders,rwd,Surrey,,
2022 Hyundai elantra,15000,"125,000",0,https://www.craigslist.org/view/d/delta-northeast-2022-hyundai-elantra/vDHKNVJxhLLrHKXEgXWcum,like new,gas,black,clean,automatic,sedan,4 cylinders,fwd,delta,,
2014 Dodge Journey R/T AWD,6990,"149,000",0,https://www.craigslist.org/view/d/delta-northeast-2014-dodge-journey-t-awd/kQukc8Mmb2JGwDaT9zN4kD,like new,gas,grey,clean,automatic,SUV,6 cylinders,4wd,delta,,
2014 Chevrolet Equinox AWD,6990,"133,000",0,https://www.craigslist.org/view/d/delta-northeast-2014-chevrolet-equinox/6PsHHT1YRQspGdj8BGVcpC,like new,gas,black,clean,automatic,SUV,4 cylinders,4wd,delta,,
2021 Toyota Corolla LE upgrade,20990,"95,000",0,https://www.craigslist.org/view/d/delta-northeast-2021-toyota-corolla-le/srCCxqLdnvimpWsyiZtDTm,like new,gas,white,clean,automatic,sedan,4 cylinders,fwd,delta,,
2021 Toyota Corolla,20990,"65,000",0,https://www.craigslist.org/view/d/delta-northeast-2021-toyota-corolla/qQsTtjLxdLQDQ82hQdiGrE,like new,gas,white,clean,automatic,sedan,4 cylinders,fwd,delta,,
2009 Kia Sadona  LX,4950,"239,000",0,https://www.craigslist.org/view/d/richmond-northeast-2009-kia-sadona-lx/jy2er6Zhpw5bYzxg6fR4z1,good,gas,blue,clean,automatic,minivan,6 cylinders,fwd,richmond bc east,,
FOR SALE: 2012 Hyundai Accent – Clean Title,5500,"177,000",0,https://www.craigslist.org/view/d/surrey-for-sale-2012-hyundai-accent/hECnLzxqFfjFVbXPaCxLDm,excellent,gas,blue,clean,automatic,sedan,4 cylinders,fwd,Surrey,,
Mercedes-Benz Slk230,7800,"70,000",0,https://www.craigslist.org/view/d/kelowna-southwest-mercedes-benz-slk230/cQxVfgz4vtHmNzTHC1oG5W,like new,gas,,clean,automatic,,,,delta/surrey/langley,,
Ford f350 superduty SOLD!!!!,-1,"375,000",0,https://www.craigslist.org/view/d/delta-central-ford-f350-superduty-sold/a7WJHXTVgC2pWhZTuvY48C,fair,diesel,blue,clean,automatic,pickup,8 cylinders,4wd,Ladner,,
Toyota vellfire 2009,15000,"94,110",0,https://www.craigslist.org/view/d/delta-southwest-toyota-vellfire-2009/hNqPcgvfW8JxE51one5xsP,excellent,gas,black,clean,automatic,van,6 cylinders,fwd,Tsawwassen,,
SOLD - 2005 montana with wheelchair ramp,5500,"123,456",0,https://www.craigslist.org/view/d/surrey-inner-northwest-sold-montana/bosmwuADTzPZ5y4YVKomMR,good,gas,white,clean,automatic,van,6 cylinders,rwd,surrey,,
"2013 Hyundai Elantra Well maintained, gas miser",3400,"234,000",0,https://www.craigslist.org/view/d/delta-east-2013-hyundai-elantra-well/wWenrptBQd38avVDH7gk2Z,good,gas,white,rebuilt,automatic,sedan,4 cylinders,fwd,delta/surrey/langley,,
1998 Eagle Talon ESI $4950 or best offer,4950,113,0,https://www.craigslist.org/view/d/surrey-north-1998-eagle-talon-esi-4950/5FMggvBLGvm6CGyzQwt6cW,good,gas,black,clean,automatic,,4 cylinders,fwd,Surrey (Guildford),4E3AK44Y4WE094801,
2003 Mercedes Benz E320 Sports Edition with Airmatic suspension,8900,"205,000",0,https://www.craigslist.org/view/d/surrey-north-2003-mercedes-benz-e320/ceHM4vtC9dEufyD6fMufq2,excellent,gas,silver,clean,automatic,sedan,6 cylinders,rwd,Surrey(Guildford),,
2022 Chevy Equinox RS,17995,"51,600",0,https://www.craigslist.org/view/d/surrey-2022-chevy-equinox-rs/2JnMLyQg5U8CfRAfAwB7bZ,excellent,gas,silver,clean,automatic,SUV,4 cylinders,4wd,Surrey,,
2016 Volkswagen Tiguan,8995,"160,000",0,https://www.craigslist.org/view/d/surrey-2016-volkswagen-tiguan/cKrDYkLUGrnSSR26pV1A7w,excellent,gas,grey,rebuilt,automatic,SUV,4 cylinders,4wd,Surrey,,
BMW for Sale,8900,"167,500",0,https://www.craigslist.org/view/d/surrey-east-bmw-for-sale/2y5ESVj3MxeLavsPkFD9DD,excellent,gas,white,clean,automatic,sedan,8 cylinders,rwd,Kelowna,WBAKB83579CY60740,
2012 Kia rio,5500,"185,000",0,https://www.craigslist.org/view/d/white-rock-2012-kia-rio/7T1MHBN5q3uWkSzuK8gQx2,like new,gas,blue,clean,automatic,sedan,4 cylinders,4wd,Surrey,,
2003 Ford F-150 XTR Super Cab 4x4,3900,"365,000",0,https://www.craigslist.org/view/d/surrey-outer-northwest-2003-ford-150/86FQqsesTa3UsZRRQraDFY,good,gas,red,clean,automatic,pickup,8 cylinders,4wd,Surrey,,
1995 Corvette Convertible - Both Tops Price Reduced,16995,"55,900",0,https://www.craigslist.org/view/d/surrey-upper-west-1995-corvette/fuQkcaSdfafpfDeHUtEmbW,excellent,gas,white,clean,automatic,convertible,8 cylinders,rwd,Bellingham,,
2006 Ford F-550,14500,"256,656",0,https://www.craigslist.org/view/d/delta-2006-ford-550/vnUXjRw46CoHdXmRw5rhyx,,gas,white,clean,automatic,truck,10 cylinders,rwd,Delta,1FDAW56Y26EA60883,
2016 Mazda CX-9 GT AWD,19995,"120,454",0,https://www.craigslist.org/view/d/richmond-2016-mazda-cx-gt-awd/uLXuxB18eUCwRpg7svewHT,,gas,,clean,automatic,,,,Surrey,,
2013 Ford Escape SE AWD,9988,"173,017",0,https://www.craigslist.org/view/d/richmond-2013-ford-escape-se-awd/fpe8A33xZKR575kec5YS1E,,gas,,clean,automatic,SUV,,,Surrey,,
2006 Honda Civic,9995,"134,183",0,https://www.craigslist.org/view/d/surrey-2006-honda-civic/d2oWCU7mpGGqK97q64aihy,,gas,,clean,automatic,,,,Surrey,,
2019 Nissan Qashqai SV AWD,10995,"167,304",0,https://www.craigslist.org/view/d/surrey-2019-nissan-qashqai-sv-awd/no16H4rpt3q6f7PHaEzcfY,,gas,,clean,automatic,,,,Surrey,,
Alfa Romeo Spider Veloce,11500,"154,000",0,https://www.craigslist.org/view/d/surrey-lower-west-alfa-romeo-spider/vMKhvh5cTQ1nCfj2Chdgya,good,gas,red,rebuilt,manual,convertible,4 cylinders,rwd,delta/surrey/langley,,
2010 Mazda 3 GT Sport Hatchback,6800,"212,000",0,https://www.craigslist.org/view/d/surrey-upper-west-2010-mazda-gt-sport/qJU8opakEPHctzK6b43Xfx,good,gas,,clean,automatic,hatchback,,,Newton,,
Mercedes Benz,6995,"175,000",0,https://www.craigslist.org/view/d/surrey-mercedes-benz/uj3pnBkeKnVC9bsCqFak4K,excellent,gas,brown,clean,automatic,sedan,6 cylinders,rwd,Surrey,,
57 Chevy -4 door HARDTOP,45000,"78,000",0,https://www.craigslist.org/view/d/aldergrove-57-chevy-door-hardtop/tTRMAb9EqHBBrm9ELEX9cd,excellent,gas,blue,clean,automatic,,,,delta/surrey/langley,,
1986 Buick regal Grand National,75000,"60,000",0,https://www.craigslist.org/view/d/surrey-1986-buick-regal-grand-national/k2gMwCr6afwU6fFLNRrGdv,like new,gas,black,clean,automatic,coupe,6 cylinders,,Surrey,1G4GK4779GP432974,
2007 Toyota Rav4 Limited AWD 214K Km only One Owner,9900,"214,000",0,https://www.craigslist.org/view/d/richmond-2007-toyota-rav4-limited-awd/fvG9tUqzUS6kyzWB6dC88T,excellent,gas,,clean,automatic,SUV,4 cylinders,4wd,Richmond,JTMBD31V975054659,
Ford Fusion SE LOW KM!!!,4900,"115,000",0,https://www.craigslist.org/view/d/richmond-ford-fusion-se-low-km/uwLFHkySSWifZygiq6fN6x,excellent,gas,grey,clean,automatic,sedan,4 cylinders,rwd,Richmond,,
2006 Mazda 3,4900,"199,978",0,https://www.craigslist.org/view/d/richmond-2006-mazda/1eBBjZDSPeByrcuT7saLTg,like new,gas,grey,clean,automatic,sedan,4 cylinders,fwd,richmond,,
2008 Ford F150 Crew Cab 2WD,8900,"196,000",0,https://www.craigslist.org/view/d/richmond-2008-ford-f150-crew-cab-2wd/o1DWP31veJJhLLarueppkN,excellent,gas,silver,clean,automatic,pickup,8 cylinders,rwd,Richmond,1FTRW12N48FB87409,
2022 Ford F150 - Platinum EcoBoost V6,59800,"66,900",0,https://www.craigslist.org/view/d/richmond-2022-ford-f150-platinum/5sTp3MnfGdcEhp65gHbqF7,like new,gas,white,clean,automatic,pickup,6 cylinders,4wd,richmond,,
2009 Toyota Matrix XR (AWD) Clean title,5499,"279,000",0,https://www.craigslist.org/view/d/richmond-2009-toyota-matrix-xr-awd/mqBxjUKqr6b1kvva2A4KHd,good,gas,silver,clean,automatic,hatchback,4 cylinders,4wd,Richmond,,
2009 Kia Sadona  LX,5950,"239,750",0,https://www.craigslist.org/view/d/richmond-northeast-2009-kia-sadona-lx/dk4xy22sP2tfFdFniYoeue,good,gas,blue,clean,automatic,van,6 cylinders,fwd,richmond bc east,,
"2012 Nissan Versa , hatchback. One owner",4300,"296,990",0,https://www.craigslist.org/view/d/richmond-2012-nissan-versa-hatchback/iBLeW7wm45uEwBauFJn3wL,good,gas,,clean,automatic,hatchback,,,Richmond,,
Jaguar F-Type S,25000,"113,500",0,https://www.craigslist.org/view/d/richmond-jaguar-type/drCQGC1HeA18yqGArMYjsW,excellent,gas,red,clean,automatic,convertible,6 cylinders,rwd,Richmond,,
2016 Volkswagen Golf R 6sp. manual – Immaculate Condition!,32500,"85,000",0,https://www.craigslist.org/view/d/delta-2016-volkswagen-golf-6sp-manual/eb7kYZ4C9F375RVXWT9Sze,,gas,,clean,manual,hatchback,,,Delta,WVWUF7AU9GW105072,
2013 BMW X6 sport,19000,"80,000",0,https://www.craigslist.org/view/d/richmond-south-2013-bmw-x6-sport/tWNTMhTqLCZixTxyMpATky,excellent,gas,black,clean,automatic,SUV,6 cylinders,4wd,Richmond,,
2008 Mercedes Benz E350 4 matic,4900,"177,000",0,https://www.craigslist.org/view/d/richmond-south-2008-mercedes-benz-e350/9izGWMoC8teJdJGbaVE9BW,good,gas,grey,clean,automatic,sedan,6 cylinders,4wd,Richmond,,
2019 5.7 v8 DODGE RAM CLASSIC 137km,20600,"137,000",0,https://www.craigslist.org/view/d/vancouver-v8-dodge-ram-classic-137km/aGf8Bnm7GYfJP8vd3oAXbS,,gas,,rebuilt,automatic,truck,8 cylinders,4wd,Vancouver,,
2004 FORD ECONOLINE,3500,"200,000",0,https://www.craigslist.org/view/d/richmond-2004-ford-econoline/itnqdJNMgkaWGbzoCFqJpm,good,gas,white,clean,automatic,van,6 cylinders,rwd,"RICHMOND, B.C.",,
1993 Cadillac Deville,7000,"150,000",0,https://www.craigslist.org/view/d/richmond-1993-cadillac-deville/xzX8mi1ZBHjZMgjxii6UKh,like new,gas,white,clean,automatic,sedan,8 cylinders,rwd,RICHMOND,,
2014 Audi A7 TDI,16800,"180,000",0,https://www.craigslist.org/view/d/richmond-southeast-2014-audi-a7-tdi/niQzpGVbmBmmiGBLi2rGfj,,diesel,,clean,automatic,,,,Richmond,,
2002 Infinity Q45 sports $6888,7888,"158,000",0,https://www.craigslist.org/view/d/richmond-west-2002-infinity-q45-sports/mpdJkWtahmKt2zV7nPQsZu,excellent,gas,silver,clean,automatic,sedan,8 cylinders,rwd,Thompson,,
2017 Jaguar F-Pace S,13800,"165,000",0,https://www.craigslist.org/view/d/richmond-2017-jaguar-pace/jU3H7nZ1Rph7cLfE37J6Fo,like new,gas,white,clean,automatic,SUV,4 cylinders,4wd,Richmond,,
2008 Daihatsu Tanto,7800,"100,000",0,https://www.craigslist.org/view/d/richmond-2008-daihatsu-tanto/wxnABEgFyTDZBRBupzVkzv,like new,gas,black,clean,automatic,wagon,3 cylinders,fwd,Richmond,,
2010 Infinti EX35,6900,"229,000",0,https://www.craigslist.org/view/d/richmond-2010-infinti-ex35/j4KDwBdR5Hdfqpz4QcJWV7,excellent,gas,black,clean,automatic,SUV,6 cylinders,4wd,Richmond,,
2008 BMW X3 low kms,6800,"116,000",0,https://www.craigslist.org/view/d/richmond-2008-bmw-x3-low-kms/5uLUvK7Ehn2g1BdZkRt7z6,excellent,gas,,clean,automatic,SUV,,,Richmond,,
2023 Honda CR-V LX AWD,31550,"51,427",0,https://www.craigslist.org/view/d/richmond-south-2023-honda-cr-lx-awd/mP2zx3dT6Ym69RrGNYjYFL,excellent,gas,black,clean,automatic,SUV,4 cylinders,,Richmond,,
2018 Hyundai Santa Fe,12500,"130,000",0,https://www.craigslist.org/view/d/richmond-southwest-2018-hyundai-santa-fe/o38YFFXLmhYwmBX9TWCULy,like new,gas,white,clean,automatic,SUV,4 cylinders,4wd,richmond,,
2013 Rav 4 Toyota Rav4,9900,"155,000",0,https://www.craigslist.org/view/d/richmond-2013-rav-toyota-rav4/6HH5pthwyPRzEKFZqoYYbL,good,gas,red,rebuilt,automatic,SUV,4 cylinders,fwd,Richmond,,
2019 Mercedes-Benz E300,35000,"28,000",0,https://www.craigslist.org/view/d/richmond-southwest-2019-mercedes-benz/nYfGzqj2x732PKnF8WGExb,excellent,gas,black,clean,automatic,sedan,4 cylinders,4wd,Richmond,,
2005 Mercedes Benz E320 CDI,13000,"250,000",0,https://www.craigslist.org/view/d/richmond-northeast-2005-mercedes-benz/usaoPWrT4dHzrq8Atxm2e5,excellent,diesel,silver,clean,automatic,sedan,6 cylinders,rwd,Richmond,,
2011 DODGE JOURNEY RT,4000,"218,500",0,https://www.craigslist.org/view/d/richmond-southeast-2011-dodge-journey-rt/nTvCFkWdEozjTUYypYUKhz,good,gas,orange,clean,automatic,SUV,6 cylinders,4wd,RICHMOND,,
"2010 VW Touareg TDI - 172,700 km",9800,"172,700",0,https://www.craigslist.org/view/d/richmond-2010-vw-touareg-tdi-km/6dVKzwrS3KKRFPAPhkW3mc,,diesel,brown,clean,automatic,SUV,6 cylinders,4wd,Richmond,,
2016 Jeep Patriot,8400,"93,400",0,https://www.craigslist.org/view/d/richmond-2016-jeep-patriot/kSHVpnWiu948bYeXoS5Ekk,good,gas,red,clean,manual,SUV,6 cylinders,rwd,Richmond,,
2010 Touareg TDI diesel,8900,"343,000",0,https://www.craigslist.org/view/d/richmond-2010-touareg-tdi-diesel/p1PmeRni4VDyfuByrZwsgv,excellent,diesel,grey,clean,automatic,SUV,6 cylinders,4wd,Richmond,,
"2008 Honda Civic EX  198,000 km -$5,800 OBO",5800,"198,000",0,https://www.craigslist.org/view/d/richmond-2008-honda-civic-ex-km-obo/oVcsoRH3iQFBu8FBfpvt6x,excellent,gas,,clean,automatic,,,,Richmond,,
2012 MINI Cooper Countryman - Low KM,12000,"72,868",0,https://www.craigslist.org/view/d/richmond-2012-mini-cooper-countryman/3KujLmHBRG9dHmgWg3ar6E,excellent,gas,white,clean,automatic,coupe,4 cylinders,4wd,Richmond,,
CADILLAC XLR 2006,35000,"120,166",0,https://www.craigslist.org/view/d/delta-southeast-cadillac-xlr-2006/hir5MX8LRdWTqyTgcGtkgg,like new,gas,brown,clean,automatic,convertible,8 cylinders,,Tsawassen,1G6YV36A565602431,
1982 Mercedes 380SL,13500,"150,000",0,https://www.craigslist.org/view/d/delta-southeast-1982-mercedes-380sl/s2ohPxkdNPbGkpbDixkURz,excellent,gas,blue,clean,automatic,convertible,,,Tsawassen,,
2005 Lincoln Navigator,3600,"252,800",0,https://www.craigslist.org/view/d/richmond-2005-lincoln-navigator/fQ7k6nmkynD2SRRDs1W3i3,fair,gas,custom,clean,automatic,SUV,8 cylinders,4wd,Richmond,,
2008 Toyota Prius,8000,"182,000",0,https://www.craigslist.org/view/d/richmond-2008-toyota-prius/5x2L9gFnn3obLZfdr1cx7E,good,gas,,clean,automatic,hatchback,,,richmond,,
2010 Mazda mazdaspeed3 - Pearl White,13000,"120,000",0,https://www.craigslist.org/view/d/richmond-southwest-2010-mazda/2akLQtngNS9fD6PPPeF7cq,excellent,gas,white,clean,manual,hatchback,4 cylinders,fwd,Richmond,,
2017 Kia Sorento SX Turbo AWD,13900,"146,600",0,https://www.craigslist.org/view/d/richmond-west-2017-kia-sorento-sx-turbo/qpbKCLMHjcbEoMzKzPfE5a,good,gas,silver,clean,automatic,SUV,4 cylinders,4wd,richmond,,
2014 BMW X3 xDrive28i,12995,"110,200",0,https://www.craigslist.org/view/d/richmond-2014-bmw-x3-xdrive28i/hkgERqxUJ9x2P76EGzEMBr,,gas,,clean,automatic,,,,Richmond,,
2015 Audi Q7 Vorsprung Edition,11800,"138,000",0,https://www.craigslist.org/view/d/richmond-west-2015-audi-q7-vorsprung/3voUs3RrVwPsEoKQX5TbMT,excellent,gas,,clean,automatic,SUV,6 cylinders,4wd,Richmond,,
1964 convertible Plymouth valiant,14500,1,0,https://www.craigslist.org/view/d/richmond-south-1964-convertible/ig3dMwUUeSZm7PhLRjbnzn,excellent,gas,white,clean,automatic,convertible,,,Richmond,,
2014 Nissan Versa Note SV clean title,8000,"116,500",0,https://www.craigslist.org/view/d/richmond-northeast-2014-nissan-versa/ce8Zs9NuC94PpHpagWMbrW,good,gas,blue,clean,automatic,hatchback,4 cylinders,fwd,richmond,,
2010 Dodge challenger,6500,"240,000",0,https://www.craigslist.org/view/d/richmond-2010-dodge-challenger/69e5nzejbxEr34wJbwX4H9,good,gas,white,clean,automatic,coupe,6 cylinders,rwd,Richmond,,
2004 Acura MDX Automatic Touring AWD,4200,"335,000",0,https://www.craigslist.org/view/d/richmond-2004-acura-mdx-automatic/8RQF4BPA3BA71GNUQJ2Jxi,excellent,gas,silver,clean,automatic,SUV,6 cylinders,,Richmond,,
2019 Ford Expedition Limited Stealth,43000,"70,000",0,https://www.craigslist.org/view/d/richmond-northeast-2019-ford-expedition/nALnv5iH97S43M6gxkDDaH,,gas,grey,clean,automatic,SUV,,4wd,richmond,,
1990 Mercedes Benz SL 500,16500,"171,000",0,https://www.craigslist.org/view/d/richmond-southwest-1990-mercedes-benz/8VPQgHLb6NyGKamnFaCjsR,excellent,gas,silver,clean,automatic,convertible,,,richmond,,
Toyota camry for sale,4500,"249,000",0,https://www.craigslist.org/view/d/richmond-toyota-camry-for-sale/54pMmh1djg83mnYVqbdzd6,excellent,gas,,clean,automatic,sedan,,,Richmond,,
2003 Nissan Murano AWD SL,3400,"160,000",0,https://www.craigslist.org/view/d/richmond-southwest-2003-nissan-murano/vbNMrqCg1ZuSGimz6ux3XB,good,gas,grey,clean,automatic,SUV,6 cylinders,4wd,Richmond,,
2006 Lexus RX 400h,7980,"210,000",0,https://www.craigslist.org/view/d/richmond-southwest-2006-lexus-rx-400h/7YJMqd3rLLqF2PPBbxeGWe,excellent,hybrid,,clean,automatic,SUV,6 cylinders,,Richmond,,
2019 Toyota Camry,7800,"66,000",0,https://www.craigslist.org/view/d/richmond-southeast-2019-toyota-camry/ofQeWpf6De8LPEFY1EAuHs,good,gas,white,clean,automatic,sedan,4 cylinders,fwd,richmond,,
2013 Infiniti QX56,10000,"330,000",0,https://www.craigslist.org/view/d/richmond-2013-infiniti-qx56/gBCRwt7o4jUew2dp3MLRW8,excellent,gas,,clean,automatic,,8 cylinders,4wd,Richmond,,
2018 Jeep Grand Cherokee Summit Edition – LUXURY MEETS POWER! reduced,26500,"112,000",0,https://www.craigslist.org/view/d/richmond-northeast-2018-jeep-grand/nQZ48pHVSFhEAcuaMKPYMp,good,gas,black,clean,automatic,SUV,8 cylinders,4wd,richmond,,
2002 Dodge Dakota Sport,7500,"280,000",0,https://www.craigslist.org/view/d/richmond-west-2002-dodge-dakota-sport/eNb8Kp75zWC9wEiKJYiBuL,good,gas,blue,clean,automatic,pickup,8 cylinders,4wd,Richmond,,
2013 Ford Transit Connect XLT,12800,"91,009",0,https://www.craigslist.org/view/d/richmond-2013-ford-transit-connect-xlt/uQQnrYZHA2kJiBS8nTFAZu,good,gas,black,clean,automatic,van,4 cylinders,fwd,richmond,,
"2012 Kia Sorento LX V6 | Local BC Vehicle | Full Service Records | $3,",3999,"304,293",0,https://www.craigslist.org/view/d/richmond-2012-kia-sorento-lx-v6-local/8yCX429viyJmRMo1kE28rZ,,gas,,clean,automatic,SUV,6 cylinders,4wd,richmond,5XYKTDA21CG271624,
2009 Toyota Matrix | Local BC Vehicle | No Accidents | Service Done |,7999,"255,441",0,https://www.craigslist.org/view/d/richmond-2009-toyota-matrix-local-bc/tPvuwFwNgzX7FbiK85RFmW,,gas,red,clean,automatic,sedan,4 cylinders,,richmond,2T1KU40E59C050931,
2011 Volkswagen Tiguan SEL 4-motion,8495,"155,753",0,https://www.craigslist.org/view/d/richmond-2011-volkswagen-tiguan-sel/sq89YQEpcJTeAJPYNzGA4G,,gas,,clean,automatic,,,,Richmond,,
2009 Ford Escape V6 AWD,8995,"184,968",0,https://www.craigslist.org/view/d/richmond-2009-ford-escape-v6-awd/3PG28CxKxqxErDuMEGnPBQ,,gas,,clean,automatic,SUV,,,Richmond,,
2016 Kia Sedona (No accidents),11995,"154,015",0,https://www.craigslist.org/view/d/richmond-2016-kia-sedona-no-accidents/sKrASuvQyRjwrnSBqjjQno,,gas,,clean,automatic,minivan,,,Richmond,,
1999 Land Rover Discovery 2,5500,"220,000",0,https://www.craigslist.org/view/d/richmond-1999-land-rover-discovery/dA3oUCiAqAL9hkP5GZWFLy,good,gas,,clean,automatic,SUV,,,Richmond,,
2021 Nissan Rogue Platinum AWD,28000,"26,355",0,https://www.craigslist.org/view/d/surrey-2021-nissan-rogue-platinum-awd/d6PJAGHrYP2a9gHkLWrMmN,,gas,black,clean,automatic,SUV,4 cylinders,4wd,Surrey,,
2007 Volvo S80 - Fully Loaded! - $9500,9500,"98,200",0,https://www.craigslist.org/view/d/richmond-southwest-2007-volvo-s80-fully/xsQHr3QyYXYLfAB7QULE9U,excellent,gas,,clean,automatic,,,,Richmond,,
2018 Hyundai Santa Fe Limited,12900,"82,000",0,https://www.craigslist.org/view/d/richmond-west-2018-hyundai-santa-fe/84L5GzDFCpT6jxXD3b5Fbw,,gas,grey,rebuilt,automatic,SUV,,,richmond,,
"2015 Lexus IS250, AWD, 4dr Sedan",20999,"86,800",0,https://www.craigslist.org/view/d/richmond-2015-lexus-is250-awd-4dr-sedan/havi2vNnNgr2bEjX1jpidN,excellent,gas,grey,clean,automatic,sedan,,4wd,Richmond,,
2013 Chevrolet Camaro 2SS Extremely Low KM！,33900,"14,700",0,https://www.craigslist.org/view/d/richmond-2013-chevrolet-camaro-2ss/mxtywm4Xtaxc18f4Norh9D,like new,gas,orange,clean,automatic,coupe,8 cylinders,rwd,RICHMOND,2G1FK1EJ6D9173103,
2017 JAGUAR XJ R-SPORT  Extremely Low Mileage!,32900,"30,600",0,https://www.craigslist.org/view/d/richmond-2017-jaguar-xj-sport-extremely/6v9m7wdXuV6WLh1LAn4iUW,like new,gas,grey,clean,automatic,sedan,6 cylinders,4wd,RICHMOND,SAJXJ1GD0H8W11610,
2009 Nissan x trail diesel,9800,"177,000",0,https://www.craigslist.org/view/d/richmond-northeast-2009-nissan-trail/ndP29d2THwCVmnaRKuVtth,excellent,diesel,,clean,manual,,4 cylinders,4wd,richmond,,
2008 Nissan Caravan 4x4 Diesel,17500,"99,600",0,https://www.craigslist.org/view/d/richmond-northeast-2008-nissan-caravan/fbvroDq44sE4nS7MmEbdEA,,diesel,,clean,automatic,van,,4wd,langley,,
2010 Infiniti g37s convertible 6speed,23500,"199,632",0,https://www.craigslist.org/view/d/vancouver-2010-infiniti-g37s/mCWF57ULdBbgchqaZjMZck,excellent,gas,,rebuilt,manual,convertible,,,richmond,,
1995 Mitsubishi Delica L400,7900,"289,000",0,https://www.craigslist.org/view/d/richmond-southwest-1995-mitsubishi/kxaMbtUjvgjaoNszNP9b55,,diesel,,clean,automatic,,,,Richmond,,
2012 Toyota Tacoma TRD Off-Road,21995,"158,370",0,https://www.craigslist.org/view/d/richmond-2012-toyota-tacoma-trd-off-road/wFuGmWRyoMMiRQSMWgYbDk,good,gas,silver,clean,manual,pickup,6 cylinders,4wd,Richmond BC,,
Medium Gray 85 Mercedes-Benz  500,15000,"62,913",0,https://www.craigslist.org/view/d/richmond-southwest-medium-gray-85/6x422yPnhyHCSWxWgHoSzq,excellent,gas,grey,clean,automatic,,,,richmond,,
1999 Civic SiR K24A2,15300,"139,000",0,https://www.craigslist.org/view/d/delta-1999-civic-sir-k24a2/su2W8JtXW9Q4g7n1SuHQq9,like new,gas,black,clean,manual,coupe,4 cylinders,fwd,Delta,,
2001 Honda S2000 - Rebuilt Title,24500,"140,000",0,https://www.craigslist.org/view/d/delta-2001-honda-rebuilt-title/6Efbb8VRB4QX1aPU8fBfgh,excellent,gas,silver,clean,manual,convertible,4 cylinders,rwd,Delta,,
2000 Acura Integra,17600,"220,000",0,https://www.craigslist.org/view/d/delta-2000-acura-integra/xjSU2sCRhJ61jLacY5fgxn,like new,gas,silver,clean,manual,coupe,4 cylinders,fwd,Delta,,
JDM CR-V 5 Speed Manual RHD,7000,"204,250",0,https://www.craigslist.org/view/d/delta-jdm-cr-5-speed-manual-rhd/kfxbB4PY3qxkxB1yrY64Tp,good,gas,brown,clean,manual,SUV,4 cylinders,4wd,Delta,,
"2006 Lexus ES330 - 146,536 KM Local BC Vehicle",6500,"146,536",0,https://www.craigslist.org/view/d/richmond-2006-lexus-es-km-local-bc/sFRyJirE32PoTwSpc6Lkzk,fair,gas,,clean,automatic,sedan,,,Richmond,,
Convertible - Pontiac Solstice summer fun car,7500,"218,235",0,https://www.craigslist.org/view/d/richmond-convertible-pontiac-solstice/vpEVmZ5Y87wmYj71w56F8R,good,gas,blue,clean,manual,convertible,4 cylinders,rwd,richmond,,
"2016 Polaris Slingshot – Only 5,000 KM | One Owner | Rare Find",20888,"5,000",0,https://www.craigslist.org/view/d/richmond-west-2016-polaris-slingshot/fScFK7sqo8BSBSWsWqGkNA,like new,gas,grey,clean,manual,,4 cylinders,rwd,Richmond West,,
2017 Mercedes-AMG C43 Coupe 4Matic-Excellent Condition,31000,"88,000",0,https://www.craigslist.org/view/d/richmond-2017-mercedes-amg-c43-coupe/2yhwvWUsF36xrMKV74pS7T,excellent,gas,black,clean,automatic,coupe,6 cylinders,4wd,richmond,,
Tesla Model X 2017,25900,"168,000",0,https://www.craigslist.org/view/d/richmond-tesla-model-2017/uiUN9V4zZ6aH6pCa3mapH8,excellent,electric,silver,rebuilt,automatic,SUV,,4wd,Richmond BC,,
1996 f350XLT,32000,"290,000",0,https://www.craigslist.org/view/d/richmond-1996-f350xlt/5xDq3RmLLLRkazUhJXD7Nv,,diesel,blue,clean,manual,pickup,,,richmond,,
2020 Toyota Rav4 LE AWD ( clean title ),27500,"102,400",0,https://www.craigslist.org/view/d/richmond-2020-toyota-rav4-le-awd-clean/29cUg5LeXjZoJCq1HBc15J,excellent,gas,red,clean,automatic,SUV,,,Richmond,,
2008 Honda CR-V 4WD EX-L,11500,"175,000",0,https://www.craigslist.org/view/d/richmond-2008-honda-cr-4wd-ex/hLJuuqjtSuBN6sYTjV9t5X,excellent,gas,blue,clean,automatic,SUV,4 cylinders,4wd,Richmond,,
"2014 Ford Escape (No Accidents, <150,000km)",8400,"148,600",0,https://www.craigslist.org/view/d/richmond-2014-ford-escape-no-accidents/pYXQtRen4kZ4snaxQwnjSz,good,gas,silver,clean,automatic,SUV,4 cylinders,4wd,Richmond,1FMCU9GX6EUE30216,
2006 Toyota Rav4 4WD Sport Low Km,11500,"213,000",0,https://www.craigslist.org/view/d/richmond-2006-toyota-rav4-4wd-sport-low/mBiUrCgioZuVChedjKUqCj,excellent,gas,black,clean,automatic,SUV,4 cylinders,4wd,Richmond,,
2003 Toyota MR2 Spyder,13500,"91,000",0,https://www.craigslist.org/view/d/richmond-2003-toyota-mr2-spyder/8sdAZfbq7FYJ7yoJfwNU1K,good,gas,black,clean,automatic,convertible,4 cylinders,rwd,Richmond,JTDFR320630055796,
1914 CAMARO CONVERTSBLE,20500,"55,000",0,https://www.craigslist.org/view/d/richmond-1914-camaro-convertsble/4kFXDyuvA77KNky8VbqByd,excellent,gas,,clean,automatic,,6 cylinders,rwd,Steveston,,
"2016 NISSAN MAXIMA SR ONLY 1,100KM!!",21900,"1,009",0,https://www.craigslist.org/view/d/richmond-2016-nissan-maxima-sr-only/bPJYUMAYgg3J4anLhWe3J4,like new,gas,red,clean,automatic,sedan,6 cylinders,fwd,RICHMOND,1N4AA6AP2GC440302,
2017 Acura ILX A-Spec,15799,"375,000",0,https://www.craigslist.org/view/d/richmond-2017-acura-ilx-spec/g87yfPHYmaYtmL6frpGrdi,excellent,gas,white,clean,automatic,sedan,4 cylinders,fwd,Richmond,,
1961 Ford thunderbird,20000,"73,000",0,https://www.craigslist.org/view/d/port-coquitlam-north-1961-ford/qXX4YyADsDEZz1iQ5P3rrP,,gas,,clean,automatic,coupe,,,richmond,,
2007 Lexus RX350 for sale,8200,"246,000",0,https://www.craigslist.org/view/d/richmond-2007-lexus-rx350-for-sale/wesZPGw8nYWhUMdYxNCrPY,good,gas,silver,clean,automatic,SUV,4 cylinders,4wd,Richmond,,
2019 Porsche Cayenne – Private Sale,32000,"115,000",0,https://www.craigslist.org/view/d/richmond-2019-porsche-cayenne-private/87Bzuf9g3SMtSnFu1xVqU7,good,gas,grey,clean,automatic,SUV,6 cylinders,4wd,Richmond,,
2010 Mazda 5,6000,"180,000",0,https://www.craigslist.org/view/d/richmond-2010-mazda/4QzbWYMSUQQfZrjmdc4yQT,good,gas,grey,clean,automatic,wagon,4 cylinders,fwd,Richmond,JM1CR2W33A0377973,
2024 Hyundai Venue for Sale!,22500,"28,000",0,https://www.craigslist.org/view/d/richmond-2024-hyundai-venue-for-sale/raJqthE888XHk3M2gDshe9,like new,gas,blue,clean,automatic,SUV,,fwd,Richmond,,
1990 Porsche 964 c2 cabriolet Manual,71000,"200,000",0,https://www.craigslist.org/view/d/richmond-west-1990-porsche-964-c2/oNPabAzVCfW7vEKbiDEcjt,excellent,gas,white,clean,manual,convertible,6 cylinders,rwd,richmond,,
2024 Toyota Sienna Hybrid LE FWD 8 Seats,50000,"9,000",0,https://www.craigslist.org/view/d/richmond-2024-toyota-sienna-hybrid-le/vYkEQWPdYEsvwoTtsZZVqb,new,hybrid,grey,clean,automatic,minivan,4 cylinders,fwd,Richmond,,
2024 Toyota Sienna Hybrid LE FWD 8 Seats,50000,"9,000",0,https://www.craigslist.org/view/d/richmond-2024-toyota-sienna-hybrid-le/iT8KXdDJMdAV6WExD8JcRV,new,hybrid,grey,clean,automatic,minivan,4 cylinders,fwd,Richmond,,
2024 Toyota Sienna Hybrid LE FWD 8 Seats,50000,"9,000",0,https://www.craigslist.org/view/d/richmond-2024-toyota-sienna-hybrid-le/hwrnreQm82oTUDZkFmcyDe,new,hybrid,grey,clean,automatic,minivan,4 cylinders,fwd,Richmond,,
2024 Toyota Sienna Hybrid LE FWD 8 Seats,50000,"9,000",0,https://www.craigslist.org/view/d/richmond-2024-toyota-sienna-hybrid-le/vxDCpi7b6AUEX4rvdzSDXT,new,hybrid,grey,clean,automatic,minivan,4 cylinders,fwd,Richmond,,
2007 Ford fusion se – low km (121000km) | clean title,4300,"121,000",0,https://www.craigslist.org/view/d/richmond-2007-ford-fusion-se-low-km-km/p7TY5YCNHFFhRf2e4Uzr6K,excellent,gas,grey,clean,automatic,sedan,4 cylinders,fwd,Richmond,,
1998 Mercedes-Benz SLK 230 HARDTOP ROADSTER CONVERTIBLE COLLECTOR!,11980,"102,000",0,https://www.craigslist.org/view/d/north-vancouver-outer-east-1998/wfQdaiTBjP9CNhnUicVFQ2,good,gas,silver,clean,automatic,convertible,4 cylinders,,North Vancouver,,
Toyota Prius Loaded,18900,"110,000",0,https://www.craigslist.org/view/d/burnaby-toyota-prius-loaded/mHF1ELMdqWyzi7Uo76qmER,like new,hybrid,silver,clean,automatic,hatchback,4 cylinders,fwd,burnaby,,
2015 Range Rover Sport Supercharged Autobiography,18500,"236,000",0,https://www.craigslist.org/view/d/furry-creek-2015-range-rover-sport/r7Db9KihQC6T4ct3RP21tZ,excellent,gas,,clean,automatic,SUV,,,Lions Bay,,
2006 Subaru Impreza Hatchback,5300,"245,599",0,https://www.craigslist.org/view/d/north-vancouver-2006-subaru-impreza/1CJ1cUBseixXj1UYR3S9MM,good,gas,grey,clean,automatic,hatchback,4 cylinders,4wd,North Vancouver,,
2018 Toyota C-HR - One owner,17000,"100,000",0,https://www.craigslist.org/view/d/north-vancouver-2018-toyota-hr-one-owner/4qEZ4oydcZ9vsboYS5qsPc,excellent,gas,white,clean,automatic,sedan,4 cylinders,4wd,"North Vancouver, BC",,
Mercedes C250 4matic 2011,4500,"201,000",0,https://www.craigslist.org/view/d/west-vancouver-north-mercedes-c250/x7Npsr9fjDzQxK3ngLwkNf,excellent,gas,grey,rebuilt,automatic,coupe,6 cylinders,4wd,West Vancouver,,
1997 Camaro,5500,"231,790",0,https://www.craigslist.org/view/d/north-vancouver-1997-camaro/hDBkRDQbcGj3ZysaE1MKts,,gas,green,clean,manual,coupe,6 cylinders,rwd,Lower Lonsdale,2G1FP22K5V2144027,
2006 PT Cruiser convertible,3995,"130,000",0,https://www.craigslist.org/view/d/north-vancouver-2006-pt-cruiser/jo52aFNGYQn4uFGRQFK3ZK,excellent,gas,green,clean,automatic,convertible,4 cylinders,fwd,North Shore,,
Mitsubishi Lancer Evolution X,38988,"34,880",0,https://www.craigslist.org/view/d/north-vancouver-east-central-mitsubishi/mBeJgNjV7Uhv9wHUt9C3fi,like new,gas,,clean,automatic,sedan,4 cylinders,4wd,North Shore,,
"103,000 KM 2007 JAGUAR XK V8 DROP TOP CONVERTIBLE",24900,"103,000",0,https://www.craigslist.org/view/d/west-vancouver-km-2007-jaguar-xk-v8/r9GeahWHbkj9QsRXGp7GF2,excellent,gas,silver,clean,automatic,convertible,8 cylinders,rwd,West Vancouver BC,,
"103,000 KM 2007 JAGUAR XK V8 DROP TOP CONVERTIBLE",24900,"103,000",0,https://www.craigslist.org/view/d/west-vancouver-km-2007-jaguar-xk-v8/qy6bhFe6bXrzCQkn2XUdH1,excellent,gas,silver,clean,automatic,convertible,8 cylinders,rwd,West Vancouver BC,,
"103,000 KM 2007 JAGUAR XK V8 DROP TOP CONVERTIBLE",24900,"103,000",0,https://www.craigslist.org/view/d/west-vancouver-km-2007-jaguar-xk-v8/7MvfdiCEbQrrEiFkTryfak,excellent,gas,silver,clean,automatic,convertible,8 cylinders,rwd,West Vancouver BC,,
"103,000 KM 2007 JAGUAR XK V8 DROP TOP CONVERTIBLE",24900,"103,000",0,https://www.craigslist.org/view/d/west-vancouver-km-2007-jaguar-xk-v8/4q8XKjozetPZ4rnDQ87LBr,excellent,gas,silver,clean,automatic,convertible,8 cylinders,rwd,West Vancouver BC,,
2002 Jaguar X-type 3.0,6000,"94,200",0,https://www.craigslist.org/view/d/west-vancouver-2002-jaguar-type-30/sRxRLybJJMQxX7W94dvChF,excellent,gas,,clean,automatic,sedan,6 cylinders,4wd,"Ambleside, West Vancouver",SAJGA51C92WC24907,
"2022 TESLA Model Y PERFORMANCE WHITE 81,000 kms",40900,"81,000",0,https://www.craigslist.org/view/d/west-vancouver-2022-tesla-model/o3ki1UKk3HGA8QVkrb4HtL,good,electric,white,clean,automatic,SUV,,4wd,north shore,,
1999 FORD F450 4x4 - 7.3 TURBO DIESEL - CREW CAB LARIAT,22500,"390,000",0,https://www.craigslist.org/view/d/north-vancouver-northwest-central-1999/sGct2gMVYz1EjkeX2upPqc,fair,diesel,,clean,manual,,,,north shore,,
2006 Toyota Tacoma 4x4 truck TRD Sport,13900,"231,652",0,https://www.craigslist.org/view/d/vancouver-2006-toyota-tacoma-4x4-truck/jgCyhy99G9LKpbBbeUTCQb,good,gas,grey,clean,automatic,pickup,6 cylinders,4wd,Metro Vancouver,,
2001 Mitsubishi fuso fg639 4x4 for sale arborist truck dump box,75000,"80,000",0,https://www.craigslist.org/view/d/vancouver-2001-mitsubishi-fuso-fg639/o6NPbD6A1HU3fLDbkxW4Gp,good,diesel,,clean,automatic,truck,4 cylinders,4wd,Van,,
2018 Mercedes B250,11999,"168,000",0,https://www.craigslist.org/view/d/north-vancouver-2018-mercedes-b250/hihKiHSrqbGKCZK9Y6f15N,like new,gas,white,clean,automatic,hatchback,4 cylinders,fwd,North Vancouver,,
Toyota Prius Touring Package,18900,"110,000",0,https://www.craigslist.org/view/d/burnaby-toyota-prius-touring-package/ti6TSWkR6ToP3ij1jzWdG3,like new,hybrid,silver,clean,automatic,hatchback,4 cylinders,fwd,burnaby,,
Chevrolet Camaro Convertable,20000,"109,901",0,https://www.craigslist.org/view/d/north-vancouver-chevrolet-camaro/jj4UA3dZ1Tsrrx6XXcsYMe,excellent,gas,red,clean,automatic,convertible,6 cylinders,rwd,north shore,,
1987 toyota supra turbo,6000,"250,000",0,https://www.craigslist.org/view/d/vancouver-1987-toyota-supra-turbo/hbRU8ZAofyUrWS117hDfqX,good,gas,white,clean,automatic,coupe,6 cylinders,rwd,Vancouver,,
2017 Audi A4 Technik,13000,"173,383",0,https://www.craigslist.org/view/d/north-vancouver-northwest-central-2017/2BX7U1anxkmRkxFo1tanqg,excellent,gas,silver,clean,automatic,sedan,4 cylinders,4wd,North Vancouver,,
"2012 Chevy Cruze (only 58,000km's, 8 tires, leather heated seats)",6500,"58,000",0,https://www.craigslist.org/view/d/north-vancouver-2012-chevy-cruze-only/h7Y75imD7aUobZqZub4DUw,excellent,gas,grey,clean,automatic,sedan,,,North Vancouver,,
1987 Volkswagen Westfalia Campervan,28000,"33,089",0,https://www.craigslist.org/view/d/west-vancouver-1987-volkswagen/vHbpzZ3Rm28a2kQpDpeaY3,,gas,,clean,manual,van,,,West Vancouver,,
Land Rover Classic Defender 110 Puma,59800,"350,000",0,https://www.craigslist.org/view/d/north-vancouver-east-central-land-rover/boHi1NE5zaHemb4Dd4CYev,excellent,diesel,black,clean,manual,SUV,4 cylinders,4wd,North-Vancouver,,
2011 Nissan Titan Crew cab SL 4x4,11000,"250,000",0,https://www.craigslist.org/view/d/west-vancouver-2011-nissan-titan-crew/ihptu9L33jdQ9zRqB8Z64m,good,gas,black,clean,automatic,truck,8 cylinders,4wd,West Vancouver,,
2026 Nissan Kicks SV FWD,29140,20,0,https://www.craigslist.org/view/d/north-vancouver-southwest-2026-nissan/2ktrvFFvBs9z6zfZ1WK523,new,gas,white,clean,automatic,SUV,4 cylinders,fwd,north shore,,
2025 Nissan Rogue AWD SL,34183,"7,116",0,https://www.craigslist.org/view/d/north-vancouver-southwest-2025-nissan/vsHDWDbbrFPTYvwNrcscey,like new,gas,white,clean,automatic,SUV,3 cylinders,4wd,north shore,,
2026 Nissan Sentra SV Premium,30610,25,0,https://www.craigslist.org/view/d/north-vancouver-southwest-2026-nissan/hhTnDvdhA3qa4d4CrFqbTB,new,gas,,clean,automatic,sedan,4 cylinders,fwd,north shore,,
2026 Nissan Sentra SR,30455,25,0,https://www.craigslist.org/view/d/north-vancouver-southwest-2026-nissan/suhoRBZgrmcZuedzsu8W6L,new,gas,white,clean,automatic,sedan,4 cylinders,fwd,north shore,,
2026 Nissan Sentra SR,30455,25,0,https://www.craigslist.org/view/d/north-vancouver-southwest-2026-nissan/dx63ZHsETcDGWSy8yL6tZ6,new,gas,white,clean,automatic,sedan,4 cylinders,fwd,north shore,,
2018 Land Rover Sport HSE,31874,"120,676",0,https://www.craigslist.org/view/d/north-vancouver-southwest-2018-land/n2NDh21q4LdZd1rehxJqMf,excellent,diesel,white,clean,automatic,SUV,6 cylinders,4wd,north shore,,
2019 BMW i8 ROADSTER PHEV,80000,"80,000",0,https://www.craigslist.org/view/d/west-vancouver-2019-bmw-i8-roadster-phev/ciBw9WEwW6AfejwyUdthHf,like new,hybrid,white,clean,automatic,convertible,3 cylinders,4wd,West vancouver,,
1996 Mercedes-Benz C220 – Excellent Condition,3900,"370,000",0,https://www.craigslist.org/view/d/north-vancouver-1996-mercedes-benz-c220/sAgaq9E2WHCJAJSefZFNND,excellent,gas,black,clean,automatic,sedan,4 cylinders,,North Vancouver,,
Jeep Wrangler 2017,25000,"16,000",0,https://www.craigslist.org/view/d/west-vancouver-jeep-wrangler-2017/vaiUjSX9SqWAp3Sy1gFkNs,good,gas,blue,clean,automatic,SUV,6 cylinders,4wd,West Vancouver,,
2016 AUDI Q5 Premium Plus,17888,"99,752",0,https://www.craigslist.org/view/d/north-vancouver-southwest-2016-audi-q5/7uZPMXAuFiCPBtuyhKZdef,excellent,gas,black,clean,automatic,SUV,4 cylinders,4wd,North Shore,,
2008 LEXUS ES 350,18500,"45,000",0,https://www.craigslist.org/view/d/west-vancouver-south-2008-lexus-es-350/9E8cyxeDThu2dnvDRHoPYD,like new,gas,white,clean,automatic,sedan,6 cylinders,fwd,"West Vancouver, B.C.",,
ONLY 140000 KMS ON 1999 JETTA,5800,"140,000",0,https://www.craigslist.org/view/d/north-vancouver-only-kms-on-1999-jetta/9raYdrqE72M5a7RQNxJKBk,,gas,,clean,automatic,,,,north shore,,
REDUCED-2014 VOLVO S60T5 AWD-SAFETY AND LUXURY,9800,"190,000",0,https://www.craigslist.org/view/d/north-vancouver-reduced-2014-volvo/idMbBNVJ3QmyN8mExkDXYh,,gas,,clean,automatic,,,,north shore,,
1987 GMC Sierra 2500,17999,"180,000",0,https://www.craigslist.org/view/d/gibsons-1987-gmc-sierra-2500/r336n932zR3Tmq5sRwik2s,excellent,gas,white,clean,manual,pickup,8 cylinders,4wd,Gibsons,,
Silver Wing,4850,"22,010",0,https://www.craigslist.org/view/d/west-vancouver-silver-wing/1y6T6zpE5MSMktyyZ1wvTP,,gas,,clean,automatic,,,,NORTH SHORE,,
WRANGLER,23888,"90,119",0,https://www.craigslist.org/view/d/west-vancouver-wrangler/iCAB5x5SDDx9irumREiRPf,like new,gas,custom,clean,automatic,SUV,6 cylinders,4wd,NORTH SHORE,,
LEXUS,29500,"55,109",0,https://www.craigslist.org/view/d/west-vancouver-lexus/43agY6Tvc2cTZifNY8HkGH,like new,gas,silver,clean,automatic,sedan,8 cylinders,4wd,NORTH SHORE,,
2001 GMC Yukon Denali,5500,"275,000",0,https://www.craigslist.org/view/d/gibsons-2001-gmc-yukon-denali/eE9AipHX8qLoDtjiKMJKEw,good,gas,,clean,automatic,SUV,8 cylinders,4wd,Gibsons,,
"Volkswagen Eurovan ""Westy""",18500,"199,000",0,https://www.craigslist.org/view/d/north-vancouver-volkswagen-eurovan-westy/v9gsgjYRvG9k2T95NR85us,excellent,gas,white,clean,automatic,van,5 cylinders,,North Vancouver,,
2003 Toyota 4Runner Limited,5000,"345,000",0,https://www.craigslist.org/view/d/north-vancouver-east-central-2003/wWXJCJ2EfMrXCg6y5xeFUk,good,gas,grey,clean,automatic,SUV,8 cylinders,4wd,North Vancouver,,
Mini Cooper S,8000,"175,000",0,https://www.craigslist.org/view/d/west-vancouver-mini-cooper/3coScTr18gpY7KGmeKqSNv,excellent,gas,silver,clean,manual,hatchback,4 cylinders,fwd,West Vancouver,,
2016 Range Rover Sport SE (only 54k kms),38500,"54,000",0,https://www.craigslist.org/view/d/campbell-river-central-2016-range-rover/9NguTnr1RF2VRoL8dvkrZZ,like new,gas,silver,clean,automatic,SUV,6 cylinders,4wd,north shore,,
2016 Range Rover Sport HSE,24500,"128,000",0,https://www.craigslist.org/view/d/north-island-2016-range-rover-sport-hse/8tA4M22iastzzZwEdymmrX,like new,gas,white,clean,automatic,SUV,6 cylinders,4wd,north shore,,
2012 Mercedes-Benz CLS550 4MATIC,20800,"156,000",0,https://www.craigslist.org/view/d/west-vancouver-2012-mercedes-benz/cMrxTogffwD9AneFbiGGK4,excellent,gas,silver,clean,automatic,sedan,8 cylinders,4wd,West Vancouver,WDDLJ9BB7CA050489,
2015 Chevrolet Equinox LS AWD,9800,"142,000",0,https://www.craigslist.org/view/d/coquitlam-2015-chevrolet-equinox-ls-awd/uoynALpmd2sx1EzzVyt1Fc,excellent,gas,custom,clean,automatic,SUV,4 cylinders,4wd,Coquitlam,,
2013 Chevy Express Van,18500,"74,000",0,https://www.craigslist.org/view/d/west-vancouver-south-2013-chevy-express/qNonyfwDZB38v46c5Ph4yU,excellent,gas,green,clean,automatic,van,8 cylinders,rwd,north shore,,
2015 Chevrolet Cruze (Sedan) with Low KMs,4000,"160,000",0,https://www.craigslist.org/view/d/north-vancouver-2015-chevrolet-cruze/tNNo5NA9xDAjCjVwgdTfqw,fair,gas,blue,clean,automatic,sedan,4 cylinders,fwd,north shore,,
"2012 VW Golf -  Low 27,500 kms",14500,"27,500",0,https://www.craigslist.org/view/d/north-vancouver-2012-vw-golf-low-kms/x9yUEPq5TMGDNnm9cGDWjW,like new,gas,white,clean,automatic,hatchback,5 cylinders,fwd,north shore,,
Lexus is 250,5000,"300,000",0,https://www.craigslist.org/view/d/port-coquitlam-south-lexus-is-250/4b4P65F3gVM5XRBYAZQN8f,excellent,gas,,clean,automatic,sedan,6 cylinders,rwd,north shore,,
2008 Toyota Prius,4500,"350,000",0,https://www.craigslist.org/view/d/north-vancouver-2008-toyota-prius/3dkEDsCLs72GgpCuvDj5RB,good,hybrid,silver,clean,automatic,hatchback,4 cylinders,fwd,North Vancouver,,
2012 Subaru Impreza,7000,"185,000",0,https://www.craigslist.org/view/d/north-vancouver-2012-subaru-impreza/wYVmhD8MCK6YsNvzr76QcG,good,gas,grey,clean,automatic,hatchback,4 cylinders,4wd,north shore,,
2013 Mercedes GL550,15000,"182,000",0,https://www.craigslist.org/view/d/north-vancouver-2013-mercedes-gl550/nr1RTceybgcYNEkCNS6EZp,good,gas,black,clean,automatic,SUV,8 cylinders,4wd,North Vancouver,4JGDF7DE1DA104541,
BMW 325,25000,"240,000",0,https://www.craigslist.org/view/d/north-vancouver-bmw-325/unoqjLqNdLwfXfGPy1VQno,excellent,gas,white,clean,manual,sedan,6 cylinders,rwd,north shore,,
"2016 Mazda CX-5 GT AWD | BOSE • Leather • Sunroof | 179,269 km",11900,"179,295",0,https://www.craigslist.org/view/d/north-vancouver-2016-mazda-cx-gt-awd/kUNpQRKDuFRKDEXX8YBcxg,good,gas,red,clean,automatic,SUV,4 cylinders,4wd,North Vancouver,JM3KE4DY5G0730084,
"2014 Scion FRS-New Condition 12,751 kms",22500,"12,741",0,https://www.craigslist.org/view/d/north-vancouver-2014-scion-frs-new/4TzGKpHLjiv1p25m5Mmo1E,like new,gas,white,clean,manual,coupe,4 cylinders,rwd,North Vancouver,JF1ZNAA10E9706397,
"Jeep Wrangler very low mileage, pristine condition",25500,"69,000",0,https://www.craigslist.org/view/d/west-vancouver-jeep-wrangler-very-low/8M14xQAUqAsu2Y7xstxYiv,excellent,gas,white,clean,manual,SUV,6 cylinders,4wd,"North Van, BC",,
Volkswagen Golf Sportwagen,13500,"262,000",0,https://www.craigslist.org/view/d/north-vancouver-volkswagen-golf/sMmTMsfAowthv1RmAXTkFX,good,gas,grey,clean,manual,wagon,4 cylinders,4wd,north shore,,
Acura Tsx 6 speed,8500,"303,000",0,https://www.craigslist.org/view/d/vancouver-acura-tsx-speed/xrGZVJVyMpMnytkZ4tvBZr,excellent,gas,,clean,manual,,4 cylinders,fwd,Vancouver,,
2016 Toyota Corolla LE,16000,"54,500",0,https://www.craigslist.org/view/d/north-vancouver-2016-toyota-corolla-le/bmbcG8tpPKk6uxx5E1uf7C,good,gas,red,clean,automatic,sedan,,,North Vancouver,,
2015 nissan note 57.000 km clean title,9500,"56,000",0,https://www.craigslist.org/view/d/burnaby-2015-nissan-note-km-clean-title/hQs8snitJqTiWxBPwnRbxj,like new,gas,grey,clean,automatic,hatchback,4 cylinders,fwd,Burnaby,,
"2018 MAZDA 3 SPORT, GT 2.5L. I4 - SUPER LOW KM.",22000,"18,000",0,https://www.craigslist.org/view/d/north-vancouver-2018-mazda-sport-gt-25l/vJMa6h8qcx3ruB2QVPVR9k,excellent,gas,black,clean,automatic,hatchback,,fwd,North Vancouver,,
2012 Ford CMAX SE Hybrid,6950,"127,000",0,https://www.craigslist.org/view/d/north-vancouver-2012-ford-cmax-se-hybrid/aTPgS2JAqA7PcBfvcZtadm,good,gas,grey,clean,automatic,hatchback,,,North Vancouver,,
"2002 Toyota Camry – 245,000 km",4980,"245,000",0,https://www.craigslist.org/view/d/north-vancouver-southwest-2002-toyota/oSxjDQg1rxCzufvMddkX1D,good,gas,grey,clean,automatic,sedan,4 cylinders,fwd,North Vncouver,,
2010 BMW X3 Xdrive 30i auto inline 6,5900,"157,000",0,https://www.craigslist.org/view/d/burnaby-2010-bmw-x3-xdrive-30i-auto/3XtrJ5pDUhJhsyENh6VjjJ,good,gas,black,clean,automatic,SUV,6 cylinders,4wd,Burnaby,,
2015 Honda Odyssey SE,6500,"300,000",0,https://www.craigslist.org/view/d/west-vancouver-west-2015-honda-odyssey/mELvbnCyiQqmhiAStUEutn,good,gas,black,clean,automatic,minivan,6 cylinders,fwd,North Shore,,
2010 Lexus IS 250C Convertible – White – Excellent Condition,21500,"140,000",0,https://www.craigslist.org/view/d/north-vancouver-2010-lexus-is-250c/4vEnWgDTFG5xExdhXHoza7,excellent,gas,white,clean,automatic,convertible,4 cylinders,fwd,North Vancouver,,
2017 Honda Pilot EXL Navigation,26000,"135,000",0,https://www.craigslist.org/view/d/north-vancouver-2017-honda-pilot-exl/mAvD3wAHVoGdFWJgPa4Xdf,good,gas,white,clean,automatic,,6 cylinders,4wd,North Vancouver,,
Excellent Mercedes-Benz C-300 with AMG Interior Package,21950,"115,000",0,https://www.craigslist.org/view/d/north-vancouver-southwest-excellent/ejikYmVribs1DD16XH5Jwq,excellent,gas,white,clean,automatic,sedan,4 cylinders,4wd,North Vancouver,55SWF4KB2GU101341,
"PendingVolkwagon Taos (Sunroof, Comfort-Line) No Accidents / One Owner",22000,"68,000",0,https://www.craigslist.org/view/d/north-vancouver-pendingvolkwagon-taos/rLvUSDssSejJWJJhfdc9cL,like new,gas,white,clean,automatic,SUV,4 cylinders,fwd,North Vancouver,,
2015 Subaru Forester XT Low Kms,16000,"125,000",0,https://www.craigslist.org/view/d/north-vancouver-2015-subaru-forester-xt/biTAP1CAaC9BV8YZ6ofuQG,excellent,gas,red,clean,automatic,SUV,4 cylinders,4wd,North Vancouver,,
2023 Dodge Durango R/T,55900,"28,300",0,https://www.craigslist.org/view/d/north-vancouver-2023-dodge-durango-t/duenwZfR5F76AQaN5fqwif,excellent,gas,white,clean,automatic,SUV,8 cylinders,4wd,North Vancouver,,
1967 Firebird Convertible ( Trade ),35000,300,0,https://www.craigslist.org/view/d/north-vancouver-southwest-1967-firebird/fvwWdt3M2xhfgGugV8XLm2,excellent,gas,black,clean,manual,convertible,8 cylinders,rwd,north shore,,
1995 SN95 Mustang GT,7000,300,0,https://www.craigslist.org/view/d/north-vancouver-southwest-1995-sn95/wyiArJaT9eckxP8X4HQBPk,,,,,,,,,north shore,,
1998 VW GTI 5-spd 2.0L hatchback w/ power sunroof,5900,"311,000",0,https://www.craigslist.org/view/d/north-vancouver-1998-vw-gti-spd-20l/rqMa7by3bTc8JaCfmP7gLG,good,gas,black,clean,manual,hatchback,4 cylinders,fwd,north vancouver,,
1989 Jaguar XJS,10500,"69,000",0,https://www.craigslist.org/view/d/squamish-1989-jaguar-xjs/buuNT6xqRi8vegENYwSFCX,good,gas,blue,clean,automatic,convertible,12 cylinders,rwd,north shore,,
2013 NISSAN ROUGE,5450,"163,400",0,https://www.craigslist.org/view/d/north-vancouver-2013-nissan-rouge/2BudvaF4ogywHs12aeLZUV,good,gas,black,clean,automatic,SUV,4 cylinders,fwd,North Vancouver,JN8AS5MT7DW029843,
"2009 honda odyssey LX, everything is working. Minor accidents perfect family car",4888,"223,000",0,https://www.craigslist.org/view/d/west-vancouver-2009-honda-odyssey-lx/fSiqvoVmcPF3jQd2coXmRS,excellent,gas,white,clean,automatic,van,6 cylinders,fwd,West Vancouver,,
2024 Toyota Prius plug in hyb only 33880 km,31888,"33,880",0,https://www.craigslist.org/view/d/west-vancouver-south-2024-toyota-prius/gFQX3h5AxTqu11wD3UMNiY,like new,hybrid,silver,clean,automatic,hatchback,,fwd,west Vancouver,,
Custom RV Build to suit,98999,"100,000",0,https://www.craigslist.org/view/d/north-vancouver-custom-rv-build-to-suit/naRvzvaTyPyhTKiALRP97p,excellent,diesel,custom,clean,automatic,bus,other,rwd,North Vancouver,,
1969 c60 Chevrolet - Freightliner Conversion,30000,"100,000",0,https://www.craigslist.org/view/d/north-vancouver-1969-c60-chevrolet/9dccXFnQGkV2BdBV7RvJfF,excellent,diesel,custom,clean,automatic,truck,other,,North Vancouver,,
1972 GMC 4x4 1 ton,25000,"100,000",0,https://www.craigslist.org/view/d/north-vancouver-1972-gmc-4x4-ton/swJAQYCYN55VK4TKDdMXMV,excellent,gas,orange,clean,automatic,truck,8 cylinders,4wd,North Vancouver,,
As Is 2011 Mercedes B200 (Mechanic's Special),3950,"124,500",0,https://www.craigslist.org/view/d/north-vancouver-as-is-2011-mercedes/6LYxTJyPtcUmTMHt9281zU,fair,gas,white,clean,automatic,hatchback,4 cylinders,fwd,North Vancouver,,
Collector Plates 2000 Mercedes CL600 5.8l 12 Cil.,14000,"67,200",0,https://www.craigslist.org/view/d/north-vancouver-east-central-collector/m6GsuXgH9JwZBEu51jscp8,excellent,gas,black,clean,automatic,coupe,12 cylinders,rwd,North Vancouver,WDB2153781A005511,
2013 CHEVY EXPRESS 2500,14300,"245,000",0,https://www.craigslist.org/view/d/west-vancouver-south-2013-chevy-express/kFKFfTV6QMuSPJiE3w1i2o,excellent,gas,black,clean,automatic,van,8 cylinders,rwd,NORTH SHORE,,
2018 TACOMA TRD SPORT,29000,"240,000",0,https://www.craigslist.org/view/d/north-vancouver-2018-tacoma-trd-sport/eSsMSQHuhHNinU3ch2tgjN,good,gas,grey,clean,automatic,pickup,6 cylinders,4wd,north shore,,
2015 Honda Accord *no accident*,15500,"159,000",0,https://www.craigslist.org/view/d/lions-bay-2015-honda-accord-no-accident/s98yfZHCqs71pgv3Kx4o97,excellent,gas,grey,clean,automatic,sedan,6 cylinders,fwd,Lions Bay,1HGCR3F99FA801217,
"2002 BMW X5 3.0i - Under 80,000 KM - Single Family Owner",8000,"80,000",0,https://www.craigslist.org/view/d/north-vancouver-north-central-2002-bmw/xfFzSgxPwKcDgNs3sZWead,,gas,,clean,automatic,SUV,,,North Vancouver,,
2010 Range Rover Sport,12800,"125,000",0,https://www.craigslist.org/view/d/north-vancouver-2010-range-rover-sport/ioWabswgMQ4en9SmXwsVkg,good,gas,blue,clean,automatic,SUV,,,North Vancouver,,
1999 porsche boxter,8500,"180,000",0,https://www.craigslist.org/view/d/north-vancouver-1999-porsche-boxter/x9aPyHXGdtbfy2eCkT6NrB,fair,gas,silver,clean,manual,convertible,6 cylinders,rwd,north vancouver,,
2012 Ford Escape XLT,9000,"130,000",0,https://www.craigslist.org/view/d/west-vancouver-north-2012-ford-escape/aYBTqsQ552j1saG1wSszvC,excellent,gas,blue,clean,automatic,SUV,6 cylinders,4wd,West Vancouver,,
2022 Ford F-150 Lariat SuperCrew 4x4 FX4 – 3.5L EcoBoost,49500,"86,600",0,https://www.craigslist.org/view/d/north-vancouver-southwest-2022-ford-150/d1JTg5QQD7RTB2gT885tW4,excellent,gas,black,clean,automatic,pickup,6 cylinders,4wd,North Vancouver,,
2022 Audi E-tron,39800,"59,500",0,https://www.craigslist.org/view/d/west-vancouver-north-2022-audi-tron/fBsfBeyxv5Nhoc6LL4qmuE,excellent,electric,grey,clean,automatic,SUV,,,north shore,,
Winnebago Revel 44E 4x4,219000,"13,959",0,https://www.craigslist.org/view/d/west-vancouver-west-winnebago-revel-44e/aKM8JjshChicyFBcabdBTn,excellent,diesel,,clean,automatic,van,6 cylinders,4wd,West Vancouver,,
2004 infiniti fx45,3500,"193,712",0,https://www.craigslist.org/view/d/north-vancouver-2004-infiniti-fx45/5acSK6qjekS8QtqoFi9dJe,good,gas,,clean,automatic,SUV,8 cylinders,4wd,North van,,
"2013 Ford Focus SE Sedan | Clean Title | 173,000 km | Automatic | Appl",6100,"173,000",0,https://www.craigslist.org/view/d/north-vancouver-2013-ford-focus-se/prGR8EdmXvu3YwN8ndUyqk,excellent,gas,grey,clean,automatic,sedan,4 cylinders,fwd,North shore,,
2008 Toyota FJ Cruiser Trail Teams Edition | Extremely Rare | Factory,23500,"206,000",0,https://www.craigslist.org/view/d/coquitlam-2008-toyota-fj-cruiser-trail/cXgQWFzyDpMz8eQ4weYH1d,like new,gas,white,clean,automatic,offroad,6 cylinders,4wd,BC,,
"2007 335i BMW Hard top Convertible, Cabriolet",16500,"130,000",0,https://www.craigslist.org/view/d/north-vancouver-northwest-bmw-hard-top/oNpBkorHxxaDcdhP5yxcwX,excellent,gas,,clean,automatic,convertible,6 cylinders,rwd,north shore,,
2007 SUBARAU FORESTER,3700,"320,000",0,https://www.craigslist.org/view/d/west-vancouver-2007-subarau-forester/vrAAZAkY1GQz3E5ZrACCFU,fair,gas,silver,clean,automatic,wagon,4 cylinders,4wd,west vancouver,,
Ford Mustang Premium Pony Package,10000,"85,000",0,https://www.craigslist.org/view/d/north-vancouver-northwest-central-ford/qCafjhSjQMsvETEYv1JZqb,excellent,gas,green,clean,manual,convertible,6 cylinders,rwd,North Vancouver,,
"2007 BMW 328XI AWD, Mint Low KM CLEAN",14990,"115,000",0,https://www.craigslist.org/view/d/vancouver-2007-bmw-328xi-awd-mint-low/q327KP7L1cqFLVQCNSGbY6,excellent,gas,grey,clean,automatic,coupe,6 cylinders,4wd,Vancouver,,
2014 BMW X1,12000,"107,000",0,https://www.craigslist.org/view/d/north-vancouver-north-central-2014-bmw/koEFP9S2Bg9MtNLLbkdE5H,excellent,gas,grey,clean,automatic,SUV,4 cylinders,4wd,North Vancouver North Central,,
"2019 Kia Rio Clean title 60,000km",11500,"60,000",0,https://www.craigslist.org/view/d/vancouver-2019-kia-rio-clean-title/3FZFQ2keyFHPu8B8Yq15UH,excellent,gas,silver,clean,automatic,sedan,4 cylinders,fwd,Kitsilano,,
1963 chevrolet c10,14000,,0,https://www.craigslist.org/view/d/vancouver-1963-chevrolet-c10/5wbpTnfLzShAyB7Bm1qwQL,fair,diesel,black,clean,automatic,truck,,fwd,Vancouverl,,
"2018 Maserati Levante AWD – Excellent Condition – Only 41,400 km",34100,"41,400",0,https://www.craigslist.org/view/d/west-vancouver-north-2018-maserati/xBfEMyiH9dAHbne14edztg,excellent,gas,grey,clean,automatic,SUV,6 cylinders,4wd,north shore,,
2025 Toyota tundra limited TRD off-road,73950,"24,500",0,https://www.craigslist.org/view/d/west-vancouver-2025-toyota-tundra/cYFSSgUUDDoyAi24h1fBtT,like new,gas,white,clean,automatic,pickup,,4wd,West Vancouver,,
2008 Mini Cooper Hardtop for sale 107KM **AC NOT WORKING**,4500,"107,300",0,https://www.craigslist.org/view/d/north-vancouver-2008-mini-cooper/187FrMYY54sd2w9gt64m9j,good,gas,red,clean,automatic,hatchback,3 cylinders,fwd,North Vancouver,,
2010 Toyota Highlander Hybrid,8500,"320,000",0,https://www.craigslist.org/view/d/north-vancouver-2010-toyota-highlander/oSPLRjtEnSWKDe4CpxJxJ2,good,hybrid,grey,clean,automatic,SUV,6 cylinders,4wd,North Vancouver,JTEBW3EH9A2038058,
2017 Ford Focus SE,10500,"88,091",0,https://www.craigslist.org/view/d/north-vancouver-northwest-central-2017/jvZ3jEhXBpTVnCnsK8rTae,good,gas,white,clean,automatic,hatchback,,,North Van,,
Mitsubishi Lancer Sportsback,8500,"79,000",0,https://www.craigslist.org/view/d/north-vancouver-southwest-mitsubishi/kyoTacRVY5sfxLwWeGETwS,good,gas,white,clean,automatic,sedan,other,,north shore,,
2014 Jeep Patriot 4WD 4dr North,7200,"194,304",0,https://www.craigslist.org/view/d/west-vancouver-west-2014-jeep-patriot/xgb9BgeenC7XpPsC285jYd,,gas,,clean,automatic,SUV,4 cylinders,4wd,north shore,1C4NJRAB9ED501511,
2000 Mercedes Convertible SLK 230,8900,"96,000",0,https://www.craigslist.org/view/d/north-vancouver-outer-east-2000/n46fqmq7t514i8xo15wBGq,excellent,gas,silver,clean,automatic,convertible,,fwd,North Shore,WDB1704471F158653,
Volvo Duet,111111,"1,111,111",0,https://www.craigslist.org/view/d/north-vancouver-southwest-volvo-duet/jYPcioRLG5XtswR45SccbU,,gas,,clean,manual,,,,1,,
2013 BMW X6 M,19900,"105,000",0,https://www.craigslist.org/view/d/west-vancouver-south-2013-bmw-x6/9uyvrqYxZao6VHRLnWqBTW,like new,gas,blue,clean,automatic,SUV,8 cylinders,4wd,West Vancouver,,
2004 Saab aero convertible,6900,"210,000",0,https://www.craigslist.org/view/d/west-vancouver-south-2004-saab-aero/1zNeYtMYbrJPieex47e9Qr,excellent,gas,black,clean,automatic,convertible,4 cylinders,fwd,West Vancouver,,
Must See Porsche Cayenne,22300,"165,000",0,https://www.craigslist.org/view/d/north-vancouver-must-see-porsche-cayenne/oPszJARzEHmCmw2zSRxqMB,excellent,gas,black,clean,automatic,SUV,8 cylinders,4wd,North Shore,,
"2007 Mazda B4000 – 280,000 km – $4,200 OBO",4200,"277,400",0,https://www.craigslist.org/view/d/gibsons-2007-mazda-km-obo/9bfQy1pzBZG4LUpYyNBCPH,fair,gas,,clean,automatic,,6 cylinders,4wd,Gibsons,,
"2024 Subaru Crosstrek — Compact Size, Serious Versatility",28888,"64,518",1,https://www.craigslist.org/view/d/surrey-2024-subaru-crosstrek-compact/7ukD9EHgM1FpTF92E27tmE,,gas,black,clean,automatic,SUV,,4wd,White Rock,,
2022 Subaru Outback Limited XT — Built for Road Trips & Daily Life,37888,"76,130",1,https://www.craigslist.org/view/d/surrey-2022-subaru-outback-limited-xt/aJqUtaoP454T223LBgdC9T,,gas,white,clean,automatic,SUV,,4wd,White Rock,,
"2023 Nissan Sentra SV Sedan — Low KM, Fuel-Efficient & Reliable 🌊",19888,"32,975",1,https://www.craigslist.org/view/d/surrey-2023-nissan-sentra-sv-sedan-low/9zVH2BQcWi9XY78FQMTG5q,,gas,blue,clean,automatic,sedan,,fwd,White Rock,,
"2018 Porsche Macan S — Luxury, Capability & Porsche Style",31888,"84,202",1,https://www.craigslist.org/view/d/surrey-2018-porsche-macan-luxury/ddhRUtGZufJwMAduDYw9Zc,,gas,black,clean,automatic,SUV,,4wd,White Rock,,
"2023 Porsche Cayenne — Premium SUV, Low Mileage, AWD",68888,"37,366",1,https://www.craigslist.org/view/d/surrey-2023-porsche-cayenne-premium-suv/iRvUYLE1KqJkAxqvHTV1CL,,gas,black,clean,automatic,SUV,,4wd,White Rock,,
2018 Nissan Rogue SV — A Versatile SUV with Great Fuel Economy,13888,"168,775",1,https://www.craigslist.org/view/d/surrey-2018-nissan-rogue-sv-versatile/7kUjyG2JFs1XN19dSM2GLW,,gas,blue,clean,automatic,SUV,,4wd,White Rock,,
2010 Ford Escape 2009 2008,3900,"333,799",1,https://www.craigslist.org/view/d/port-moody-2010-ford-escape/c4QG54hhNrtGYMmec5W1kx,excellent,gas,black,clean,manual,SUV,4 cylinders,4wd,Burrell Auto Group-Port Moody,,
2012 Mercedes-Benz ML 350 BlueTEC — Affordable SUV Under $8K,7995,"221,516",1,https://www.craigslist.org/view/d/surrey-2012-mercedes-benz-ml-350/dQR18GAuJ24naXJ9XwQ86L,,diesel,black,clean,automatic,SUV,,4wd,White Rock,,
"2017 Mercedes-Benz GLC AMG 43 — Full Service Records, Fully Loaded",24888,"90,278",1,https://www.craigslist.org/view/d/surrey-2017-mercedes-benz-glc-amg-43/qbSLaT1C6VcT5TvFxogPjT,,gas,grey,clean,automatic,SUV,,4wd,White Rock,,
"2019 Mercedes-Benz GLC 300 4MATIC — Refined Luxury, AWD Capability",25888,"79,770",1,https://www.craigslist.org/view/d/surrey-2019-mercedes-benz-glc-300/3nLUPofpvYEpvcXjUk7Frt,,gas,black,clean,automatic,SUV,,4wd,White Rock,,
* 2021 FORD TRANSIT CONNECT XLT CARGO *****,18500,"106,000",1,https://www.craigslist.org/view/d/new-westminster-ford-transit-connect/sg4mDcdQRXJZ4ogyW5CAvi,,gas,white,rebuilt,automatic,van,4 cylinders,,"Brunette  Ave, New Westminster",NM0LS7T21M1490555,
2024 Mercedes-Benz C 300 4MATIC — Premium Sedan With Low KM,45888,"52,976",1,https://www.craigslist.org/view/d/surrey-2024-mercedes-benz-300-4matic/tRymkiw584tF64LfnRcirE,,hybrid,black,clean,automatic,sedan,,4wd,White Rock,,
* 2024 FORD ESCAPE ACTIVE AWD *****,18500,"64,000",1,https://www.craigslist.org/view/d/ford-escape-active-awd/2mb7a4FpwRk2aMCsUb7bf3,,gas,silver,rebuilt,automatic,SUV,4 cylinders,4wd,"Brunette  Ave, New Westminster",1FMCU9GN7RUA59474,
* 2019 FORD TRANSIT CONNECT XL CARGO *****,17500,"83,000",1,https://www.craigslist.org/view/d/ford-transit-connect-xl-cargo/jwsoKieTDobwJZHsY1fb6f,,gas,white,rebuilt,automatic,van,4 cylinders,,"Brunette  Ave, New Westminster",NM0LS7S25K1416263,
"2025 Mercedes-Benz Sprinter 2500 — Big Cargo Capacity, Low KM",52888,"58,953",1,https://www.craigslist.org/view/d/surrey-2025-mercedes-benz-sprinter-big/rWgLPrREHATbbhhFiSqnuy,,diesel,white,clean,automatic,minivan,,rwd,White Rock,,
2025 Mercedes-Benz Sprinter 2500 — Commercial-Ready Van With Low KM,53888,"46,003",1,https://www.craigslist.org/view/d/surrey-2025-mercedes-benz-sprinter/44vyhpv4T3kTuvqVhWAx5T,,diesel,white,clean,automatic,minivan,,rwd,White Rock,,
2017 Mercedes CLA 250 — Comfortable Luxury AWD,15888,"129,557",1,https://www.craigslist.org/view/d/surrey-2017-mercedes-cla-250/aqZxmAEjxxvUBmYxT6rEKy,,gas,grey,clean,automatic,coupe,,4wd,White Rock,,
"2018 Mercedes C 300 4MATIC – Smooth Ride, Premium Experience 💙",21888,"95,175",1,https://www.craigslist.org/view/d/surrey-2018-mercedes-300-4matic-smooth/ohwSqcriY2YokVLeMqUz8m,,gas,blue,clean,automatic,coupe,,4wd,White Rock,,
2011 Mercedes-Benz SL 63 AMG – Built for Driving Enthusiasts 🌚,45888,"91,913",1,https://www.craigslist.org/view/d/surrey-2011-mercedes-benz-sl-63-amg/kQKumc1iKjT6Lkzhodph1z,,gas,grey,clean,automatic,convertible,,rwd,White Rock,,
"2017 Mazda CX-3 Touring — Efficient, Compact & AWD Equipped",15888,"143,194",1,https://www.craigslist.org/view/d/surrey-2017-mazda-cx-touring-efficient/2CLddzNXRgneqe1sLzwiTv,,gas,blue,clean,automatic,hatchback,,4wd,White Rock,,
"2019 Mazda MX-5 Miata Grand Touring — Rear-Wheel Drive, Open-Air Fun",21888,"132,182",1,https://www.craigslist.org/view/d/surrey-2019-mazda-mx-miata-grand/ppe5X6kVTQ9EhxzosfFf7S,,gas,white,clean,automatic,convertible,,rwd,White Rock,,
2013 Land Rover Range Rover Evoque — Luxury & Versatility,10888,"146,402",1,https://www.craigslist.org/view/d/surrey-2013-land-rover-range-rover/hADRTnpVfsDyPFHXzJUWw1,,gas,black,clean,automatic,SUV,,4wd,White Rock,,
"2016 Land Rover Discovery Sport HSE — Fully Loaded, Leather & Sunroof",14888,"152,269",1,https://www.craigslist.org/view/d/surrey-2016-land-rover-discovery-sport/gCgcy4nxqNJDpYbnvmbMds,,gas,white,clean,automatic,SUV,,4wd,White Rock,,
2019 Land Rover Discovery Sport SE — AWD Luxury Under $18K,17888,"92,988",1,https://www.craigslist.org/view/d/surrey-2019-land-rover-discovery-sport/28dPVLPL1YTCBwYTt3GKFo,,gas,black,clean,automatic,SUV,,4wd,White Rock,,
"2017 Land Rover Range Rover Sport — Supercharged V8, Premium SUV",25888,"119,027",1,https://www.craigslist.org/view/d/surrey-2017-land-rover-range-rover/tyGnb8SuDWAVDchydJvfvA,,gas,black,clean,automatic,SUV,,4wd,White Rock,,
"2019 Land Rover Range Rover Evoque — Stylish, Capable & Low KM",24888,"64,892",1,https://www.craigslist.org/view/d/surrey-2019-land-rover-range-rover/x4sWQtAa6n1H1VJRRLNJTe,,gas,white,clean,automatic,SUV,,4wd,White Rock,,
"2024 Land Rover Discovery Sport — Only 23K km, Like New !",36888,"23,089",1,https://www.craigslist.org/view/d/surrey-2024-land-rover-discovery-sport/ez6LYqrJFJzy2J42ncbwJN,,gas,white,clean,automatic,SUV,,4wd,White Rock,,
2021 Audi Q5 Progressiv 45 TFSI quattro + LUXURY + SMOOTH RIDE!,30995,"72,252",1,https://www.craigslist.org/view/d/burnaby-2021-audi-q5-progressiv-45-tfsi/ksi9jcLBcqSSZhaMBULsSB,excellent,gas,white,clean,automatic,SUV,4 cylinders,4wd,Burnaby,WA1EAAFYXM2005152,
2017 Land Rover Range Rover Sport SVR — Fast & Fully Capable,38888,"123,242",1,https://www.craigslist.org/view/d/surrey-2017-land-rover-range-rover/vu14EVnWzHT4getApK7Tte,,gas,grey,clean,automatic,SUV,,4wd,White Rock,,
"2022 Lamborghini Urus — Super SUV, Serious Performance 🔷",243888,"66,754",1,https://www.craigslist.org/view/d/surrey-2022-lamborghini-urus-super-suv/eMD3WDGQsDSAn5ZFkRMJHe,,gas,blue,clean,automatic,SUV,,4wd,White Rock,,
2022 Subaru Outback Premier XT | Carplay Android Auto | Eyesight,35990,"40,000",1,https://www.craigslist.org/view/d/burnaby-2022-subaru-outback-premier-xt/fQm2sgq9xCsbndrF2No7Wc,excellent,gas,blue,clean,automatic,SUV,4 cylinders,4wd,Vancouver,4S4BTHPD8N3249249,
"2018 Kia Optima SXL Turbo — Leather, Sunroof & Full Service Records 🤍",14888,"93,784",1,https://www.craigslist.org/view/d/surrey-2018-kia-optima-sxl-turbo/7YKubw23XhynW7yUmLyhTP,,gas,white,clean,automatic,sedan,,,White Rock,,
"2026 Kia EV9 Wind — Modern 7-Passenger, Only 7,430 KM, Like New!",65888,"7,430",1,https://www.craigslist.org/view/d/surrey-2026-kia-ev9-wind-modern/4Tea1Ht3KLjHJQ5xDBihDn,,electric,grey,clean,automatic,SUV,,4wd,White Rock,,
"2019 Jeep Compass Sport — 4WD Capability, Everyday Practicality 🕶️",16888,"126,700",1,https://www.craigslist.org/view/d/surrey-2019-jeep-compass-sport-4wd/3zAkotFjh2CA4hdEUHR42f,,gas,grey,clean,automatic,SUV,,4wd,White Rock,,
2010 Chevrolet Express 1500 / With Shelving,12800,"179,000",1,https://www.craigslist.org/view/d/burnaby-2010-chevrolet-express-1500/pPKYEAfvE6haE27rJ3Jwiq,excellent,gas,white,clean,automatic,van,6 cylinders,,Burnaby,,
"2018 Jeep Grand Cherokee Overland — Spacious, Refined & 4WD Equipped",22888,"127,695",1,https://www.craigslist.org/view/d/surrey-2018-jeep-grand-cherokee/ePuFLqUNGxpy5sBZ962Nxw,,gas,black,clean,automatic,SUV,,4wd,White Rock,,
2015 Ford Transit Connect XLT / With Shelving / Dual Sliding Doors,15800,"149,000",1,https://www.craigslist.org/view/d/burnaby-2015-ford-transit-connect-xlt/wb2hqwTrosuieQu8GMxzfr,excellent,gas,white,clean,automatic,van,4 cylinders,fwd,Burnaby,,
2017 Jeep Wrangler Unlimited Sahara — 4WD Freedom at $25K,25888,"139,710",1,https://www.craigslist.org/view/d/surrey-2017-jeep-wrangler-unlimited/kc8GgLhAgaJT3HzdpwCt6A,,gas,white,clean,automatic,SUV,,4wd,White Rock,,
2015 RAM ProMaster City SLT/ Dual Sliding Door,14800,"136,000",1,https://www.craigslist.org/view/d/burnaby-2015-ram-promaster-city-slt/i9qjbRp5krmPGYqHH5af3Z,excellent,gas,white,clean,automatic,van,6 cylinders,4wd,Burnaby,,
"2020 Jeep Wrangler Unlimited Sahara — Hybrid Power, Legendary 4WD",25888,"144,775",1,https://www.craigslist.org/view/d/surrey-2020-jeep-wrangler-unlimited/vnu6We54nTJ1W4aV6CCs9r,,hybrid,white,clean,automatic,SUV,,4wd,White Rock,,
"2016 Ford Transit T-150 130"" WB Low Rf, Ladder Rack",31800,"63,000",1,https://www.craigslist.org/view/d/burnaby-2016-ford-transit-wb-low-rf/5cSABwFChS2arwwYJAn8V5,excellent,gas,white,clean,automatic,van,6 cylinders,,Burnaby,,
"2020 Jeep Wrangler Unlimited Sahara — Sahara Trim, Ready to Explore",38888,"58,042",1,https://www.craigslist.org/view/d/surrey-2020-jeep-wrangler-unlimited/hhmg8qjeMCewTMLv813q2b,,gas,grey,clean,automatic,SUV,,4wd,White Rock,,
Kiki-778 892 0869-2024 Toyota Corolla SE Upgrade No Accdt Low KM Local,27990,"18,897",1,https://www.craigslist.org/view/d/north-vancouver-kiki-toyota-corolla-se/1g7MTUajeGVMEKVWEyXt21,like new,gas,black,clean,automatic,sedan,4 cylinders,fwd,North Vancouver,5YFB4MBE8RP217196,
2016 Dodge Grand Caravan Canada Value Package,10800,"153,000",1,https://www.craigslist.org/view/d/burnaby-2016-dodge-grand-caravan-canada/jSJs5nmbwZKDNQN5GDgiXz,excellent,gas,white,clean,automatic,minivan,6 cylinders,fwd,Burnaby,,
Kiki-778 892 0869-2024 Lexus NX350 F Sport 1 No Accdt Low KM 1 Owner!!,48990,"39,615",1,https://www.craigslist.org/view/d/north-vancouver-kiki-lexus-nx350-sport/rRTEFSqSykGfSagQ1VrZtr,good,gas,white,clean,automatic,SUV,4 cylinders,4wd,North Vancouver,2T2KGCEZ1RC050790,
Kiki-778 892 0869-2024 Honda HR-V AWD Sport B No Accdt 1 Owner Local!,30990,"32,553",1,https://www.craigslist.org/view/d/north-vancouver-kiki-honda-hr-awd-sport/m6nvopd9z2RJbMBDxiKqTm,like new,gas,grey,clean,automatic,SUV,4 cylinders,4wd,North Vancouver,3CZRZ2H51RM101979,
"2021 Jeep Wrangler Rubicon — 55K KM, Rugged & Ready",41880,"55,258",1,https://www.craigslist.org/view/d/surrey-2021-jeep-wrangler-rubicon-55k/3shkAL8Jj3Y6aajYswkiSZ,,gas,black,clean,automatic,SUV,,4wd,White Rock,,
2016 Ford Econoline E-450 / Super Duty / 16' Box,19800,"205,000",1,https://www.craigslist.org/view/d/burnaby-2016-ford-econoline-450-super/6BUTRap4giYWPtZcEHqsDU,excellent,gas,white,clean,automatic,van,,,Burnaby,,
"2023 Jeep Wrangler Sahara — Trail-Ready 4WD, Great Value",47888,"71,987",1,https://www.craigslist.org/view/d/surrey-2023-jeep-wrangler-sahara-trail/qZ6cJgTczoicaQZzGjZ2Ua,,gas,grey,clean,automatic,SUV,,4wd,White Rock,,
Kiki-778 892 0869-2024 Lexus RX350H Executive Pkg No Accdt 1 Owner!!,62990,"53,352",1,https://www.craigslist.org/view/d/north-vancouver-kiki-lexus-rx350h/8MuguXaRAMmLBXu8yCqocD,like new,hybrid,black,clean,automatic,sedan,4 cylinders,4wd,North Vancouver,2T2BBMCA7RC028312,
2021 BMW X3 xDrive30i - LUXURIOUS - VERSATILE!,30995,"91,611",1,https://www.craigslist.org/view/d/burnaby-2021-bmw-x3-xdrive30i-luxurious/c77aiNX5PaBjGR4XCxHMHY,excellent,gas,white,clean,automatic,SUV,4 cylinders,4wd,Burnaby,5UXTY5C06M9D72718,
2017 Audi Q3 Komfort FrontTrak - WELL APPOINTED - COMPACT!,15995,"93,609",1,https://www.craigslist.org/view/d/burnaby-2017-audi-q3-komfort-fronttrak/sV7BnEcdf79mmoxhWNg7tU,excellent,gas,black,clean,automatic,SUV,4 cylinders,fwd,Burnaby,WA1BCCFS3HR008783,
2015 Honda Fit EX CVT - SPACIOUS SIZE - COMPACT FOOTPRINT!,19995,"78,800",1,https://www.craigslist.org/view/d/burnaby-2015-honda-fit-ex-cvt-spacious/x1stmPsksoB4S8BvPMcvaS,excellent,gas,blue,clean,automatic,hatchback,4 cylinders,fwd,Burnaby,3HGGK5H83FM106966,
2020 Lexus NX NX 300 Auto - WELL EQUIPPED - COMFY!,31995,"87,119",1,https://www.craigslist.org/view/d/burnaby-2020-lexus-nx-nx-300-auto-well/so7zDYMmwaL1BTMiuYcsed,excellent,gas,white,clean,automatic,SUV,4 cylinders,4wd,Burnaby,JTJGARDZ1L5010632,
2016 Ford F-150 4WD / SuperCab XLT,18800,"175,000",1,https://www.craigslist.org/view/d/burnaby-2016-ford-150-4wd-supercab-xlt/doMJoz3KvyimdUou7wWa4z,excellent,gas,white,clean,automatic,pickup,6 cylinders,4wd,Burnaby,,
Kiki-778 892 0869-2022 Volkswagen Atlas Cross Sport Highline No Accdt!,32990,"65,698",1,https://www.craigslist.org/view/d/north-vancouver-kiki-volkswagen-atlas/iUGq8Hr9pEbmd9dNo9SycT,like new,gas,white,clean,automatic,SUV,4 cylinders,4wd,North Vancouver,1V2BC2CA0NC211624,
2017 Ford Transit T-250 / Medium Roof / Ladder Rack,25800,"185,000",1,https://www.craigslist.org/view/d/burnaby-2017-ford-transit-250-medium/6oDbpiqe36qvUZdCVq8ynZ,excellent,gas,white,clean,automatic,van,6 cylinders,,Burnaby,,
Kiki-778 892 0869-2022 Tesla Model Y Performance No Accdt Low Km Local,47990,"40,100",1,https://www.craigslist.org/view/d/north-vancouver-kiki-tesla-model/uZg15qeUwFGknqTWqyaZAn,like new,electric,grey,clean,automatic,sedan,6 cylinders,4wd,North Vancouver,7SAYGDEF7NF492279,
2013 Honda Civic Sedan 4dr Auto LX - RELIABLE - GREAT CONDITION!,15995,"80,330",1,https://www.craigslist.org/view/d/burnaby-2013-honda-civic-sedan-4dr-auto/nbA3b6vAZv1pbUzC5XLq3d,excellent,gas,white,clean,automatic,sedan,4 cylinders,fwd,burnaby/newwest,2HGFB2F41DH110181,
2023 Honda Civic Sedan EX CVT - CERTIFIED - GREAT DAILY DRIVER!,27995,"20,873",1,https://www.craigslist.org/view/d/burnaby-2023-honda-civic-sedan-ex-cvt/cnGBb2MLbGtjRK6ieMbojp,excellent,gas,black,clean,automatic,sedan,4 cylinders,fwd,burnaby/newwest,2HGFE2F33PH104353,
2022 Honda CR-V Touring AWD - FULLY LOADED - CERTIFIED!,35995,"28,338",1,https://www.craigslist.org/view/d/burnaby-2022-honda-cr-touring-awd-fully/cDJMuEwGoXfL3aHkS28j6e,excellent,gas,silver,clean,automatic,SUV,4 cylinders,4wd,burnaby/newwest,2HKRW2H90NH217191,
Sedan,4988,"185,844",1,https://www.craigslist.org/view/d/coquitlam-sedan/obMUqBBCHESjPFqxoaQPAk,good,gas,black,clean,automatic,sedan,4 cylinders,fwd,Coquitlam,5NPET46C08H395947,
2017 Ford F-150 / 4WD / Super Crew XLT / 5.5' Box,25800,"140,000",1,https://www.craigslist.org/view/d/burnaby-2017-ford-150-4wd-super-crew/9NjLWQqXXP7Vcnp1GR44xX,excellent,gas,silver,clean,automatic,pickup,6 cylinders,4wd,Burnaby,,
2018 Ford F-150 / 4X4 / SuperCab XLT / 6.5' Box / Canopy,19800,"187,000",1,https://www.craigslist.org/view/d/burnaby-2018-ford-150-4x4-supercab-xlt/kotV7SQTVZZDAz1yzAVJ2V,excellent,gas,white,clean,automatic,pickup,6 cylinders,4wd,Burnaby,,
2018 Ford transit T250 / Medium Roof / With Shelving / Ladder Rack,29800,"142,000",1,https://www.craigslist.org/view/d/burnaby-2018-ford-transit-t250-medium/5iVKAbxYLmbaYf8JjVwc6f,excellent,gas,white,clean,automatic,van,6 cylinders,,Burnaby,,
"2020 Ford Transit T150 / Extended 148"" WB / Shelving",20800,"208,000",1,https://www.craigslist.org/view/d/burnaby-2020-ford-transit-t150-extended/awp2b81RkYQ7XHJsRkNGh5,excellent,gas,white,clean,automatic,van,6 cylinders,,Burnaby,,
2024 Honda Civic Hatchback Sport Touring CVT - FULLY LOADED - CERTIFIE,29995,"46,867",1,https://www.craigslist.org/view/d/burnaby-2024-honda-civic-hatchback/gMvWXoGgofaQWKx3SEXedT,excellent,gas,black,clean,automatic,hatchback,4 cylinders,fwd,Burnaby,19XFL1H86RE401641,
"2020 Dodge Grand Caravan SXT , Stow n Go",15800,"157,000",1,https://www.craigslist.org/view/d/burnaby-2020-dodge-grand-caravan-sxt/c9nTs8tRaMEd5YGPUCRoLp,excellent,gas,grey,clean,automatic,minivan,6 cylinders,fwd,Burnaby,,
2021 Jeep Cherokee Latitude Lux – Refined SUV with a Rugged Side ✔️,23888,"112,762",1,https://www.craigslist.org/view/d/surrey-2021-jeep-cherokee-latitude-lux/rNKLhbporqM766rqYUtm6d,,gas,black,clean,automatic,SUV,,4wd,White Rock,,
"2020 Ford Transit Cargo Van T-150 130"" Low Rf, With Shelving",23800,"179,000",1,https://www.craigslist.org/view/d/burnaby-2020-ford-transit-cargo-van-low/deLXBySqSr7kx1mLvo36rD,excellent,gas,white,clean,automatic,van,6 cylinders,fwd,Burnaby,,
2011 Hyundai SONATA Hybrid — Big Savings for the Budget Buyer!,6888,"203,100",1,https://www.craigslist.org/view/d/surrey-2011-hyundai-sonata-hybrid-big/1m1haa9UercN1Gb9L1Hke7,,hybrid,red,clean,automatic,sedan,,fwd,White Rock,,
2011 GMC CANYON EXT CAB 2010 2009,7900,"216,975",1,https://www.craigslist.org/view/d/port-moody-2011-gmc-canyon-ext-cab/8EWHJYnrZ7Zd2TnMcpSFsJ,excellent,gas,grey,clean,automatic,pickup,5 cylinders,rwd,Burrell Auto Group-Port Moody,,
"2018 Ford Transit T-150 130"" Low Rf Swing-Out Side Dr, With Shelving",22800,"179,000",1,https://www.craigslist.org/view/d/burnaby-2018-ford-transit-low-rf-swing/o96E4CuUBsQbvJrzax87Ez,excellent,gas,white,clean,automatic,van,6 cylinders,,Burnaby,,
"2019 Hyundai ELANTRA SE — Daily Driver at a Great Price, under $15K!",14888,"107,143",1,https://www.craigslist.org/view/d/surrey-2019-hyundai-elantra-se-daily/c6z2J3S9JSbwxd9SYJKirJ,,gas,white,clean,automatic,sedan,,fwd,White Rock,,
"2024 Hyundai ELANTRA SEL — Low KM, Fuel-Efficient Daily Driver",27888,"47,952",1,https://www.craigslist.org/view/d/surrey-2024-hyundai-elantra-sel-low-km/opKBJ8ubJpe3nc4vnHRGkq,,gas,white,clean,automatic,sedan,,fwd,White Rock,,
"2014 Honda Odyssey 5dr EX, 8 Passenger",14800,"191,000",1,https://www.craigslist.org/view/d/burnaby-2014-honda-odyssey-5dr-ex/bjQ18Cmc1ts3uWmGJUw63J,excellent,gas,grey,clean,automatic,minivan,6 cylinders,fwd,Burnaby,,
2004 Acura MDX 4dr SUV Touring Pkg 2003 2002 2001,3900,"252,868",1,https://www.craigslist.org/view/d/port-moody-2004-acura-mdx-4dr-suv/f5pKvEH3LQLaaK7fYCCDbD,excellent,gas,black,clean,automatic,SUV,6 cylinders,4wd,Burrell Auto Group-Port Moody,,
"2025 Hyundai ELANTRA SEL Sport — Sporty Sedan, Smart Buy",27888,"58,913",1,https://www.craigslist.org/view/d/surrey-2025-hyundai-elantra-sel-sport/j7AGHhDD9NAjKvHouxRwad,,gas,grey,clean,automatic,sedan,,fwd,White Rock,,
"2025 Hyundai ELANTRA SEL Sport — Comfortable, Efficient & Stylish 🗿",27888,"52,075",1,https://www.craigslist.org/view/d/surrey-2025-hyundai-elantra-sel-sport/cRaqwJgJTb454bgDMRdPzV,,gas,grey,clean,automatic,sedan,,fwd,White Rock,,
"2024 Hyundai ELANTRA N Line — Modern Sport Sedan, Excellent Value",29888,"61,474",1,https://www.craigslist.org/view/d/surrey-2024-hyundai-elantra-line-modern/7yCvHQLL1JaiZrbwRP6mBe,,gas,white,clean,automatic,sedan,,fwd,White Rock,,
"2025 Hyundai ELANTRA Luxury — 50K KM, Premium Sedan, Great Value",29888,"50,746",1,https://www.craigslist.org/view/d/surrey-2025-hyundai-elantra-luxury-50k/3VCJ2mUzp3zFgDasuxtz3g,,gas,grey,clean,automatic,sedan,,fwd,White Rock,,
"2025 Hyundai ELANTRA Luxury — Efficient, Comfortable & Practical",29888,"50,327",1,https://www.craigslist.org/view/d/surrey-2025-hyundai-elantra-luxury/ctUk7qv4FbsuW229jPDdCt,,gas,grey,clean,automatic,sedan,,fwd,White Rock,,
"2026 Hyundai ELANTRA SEL Sport — Only 4K KM, Practically New",29888,"4,437",1,https://www.craigslist.org/view/d/surrey-2026-hyundai-elantra-sel-sport/gSyE4eSAmP8juTk1dQ6p1r,,gas,grey,clean,automatic,sedan,,fwd,White Rock,,
"2026 Hyundai Sonata Hybrid Ultimate — 16K KM, Leather & Sunroof",37888,"16,291",1,https://www.craigslist.org/view/d/surrey-2026-hyundai-sonata-hybrid/pHZgR82j2vhDz32yc8xF4o,,hybrid,yellow,clean,automatic,sedan,,fwd,White Rock,,
"2016 Mercedes-Benz GLC300 4MATIC *** Local BC car, low mileage***",19800,"82,500",1,https://www.craigslist.org/view/d/coquitlam-2016-mercedes-benz-glc300/2TXsXwG1v7D2fce8VXukXa,like new,gas,grey,clean,automatic,SUV,4 cylinders,4wd,CarMatch,,
"2013 Honda Civic LX — Great Commuter, Easy on the Wallet💲",8888,"197,563",1,https://www.craigslist.org/view/d/surrey-2013-honda-civic-lx-great/mNth5mxHbJogKoFjbcYLXF,,gas,brown,clean,automatic,sedan,,fwd,White Rock,,
2024 NISSAN VERSA SV,17500,"46,000",1,https://www.craigslist.org/view/d/burnaby-2024-nissan-versa-sv/5LbSPNd48BK5UD6sfE9yQk,like new,gas,black,clean,automatic,sedan,4 cylinders,fwd,Vancouver,3N1CN8EVXRL849430,
"2019 Honda Accord Touring — Refined, Spacious & Fuel Efficient",24888,"100,616",1,https://www.craigslist.org/view/d/surrey-2019-honda-accord-touring/bZzmWweXiP82FcktND7wdo,,gas,white,clean,automatic,sedan,,fwd,White Rock,,
2021 Honda CR-V LX — Fuel-Efficient AWD SUV at a Great Price,27888,"101,358",1,https://www.craigslist.org/view/d/surrey-2021-honda-cr-lx-fuel-efficient/aKeCFvPqoRa1i3ReqtF3Yf,,gas,white,clean,automatic,SUV,,4wd,White Rock,,
"2020 Honda Civic Touring — Low KM, Sporty Style, Excellent Economy",27888,"61,956",1,https://www.craigslist.org/view/d/surrey-2020-honda-civic-touring-low-km/pXBK67uSgHWSzvch6FryKG,,gas,white,clean,automatic,sedan,,fwd,White Rock,,
"2025 Honda Civic Sport Sedan — Only 12K KM, Like-New! 🏳️",34888,"12,147",1,https://www.craigslist.org/view/d/surrey-2025-honda-civic-sport-sedan/inJMz6hieyVLve3FMByWsc,,gas,white,clean,automatic,sedan,,fwd,White Rock,,
"2023 Honda CR-V Hybrid Sport Touring — Smart, Spacious, Fuel Efficient",43888,"80,428",1,https://www.craigslist.org/view/d/surrey-2023-honda-cr-hybrid-sport/rsDP5mzbncmyZPxJQUBJiV,,hybrid,grey,clean,automatic,SUV,,4wd,White Rock,,
2022 GMC Terrain SLE — Reliable AWD SUV for Everyday Driving,26888,"101,815",1,https://www.craigslist.org/view/d/surrey-2022-gmc-terrain-sle-reliable/rfdZTNdJ8m5mmpP4i7pZn1,,gas,white,clean,automatic,SUV,,4wd,White Rock,,
2017 GMC Yukon SLT — Spacious Luxury SUV with 4WD,29888,"160,797",1,https://www.craigslist.org/view/d/surrey-2017-gmc-yukon-slt-spacious/7LNgxvsGb6HG2dgFWsaJEY,,gas,white,clean,automatic,SUV,,4wd,White Rock,,
"2024 GMC Terrain SLE AWD – Stylish, Efficient, and Ready to Go 🩶",29888,"41,366",1,https://www.craigslist.org/view/d/surrey-2024-gmc-terrain-sle-awd-stylish/44vikaMZ2X9VMg3jvxr5UD,,gas,grey,clean,automatic,SUV,,4wd,White Rock,,
"2019 Ford Mustang EcoBoost Fastback — Bold Style, Strong Performance🔺",23888,"100,045",1,https://www.craigslist.org/view/d/surrey-2019-ford-mustang-ecoboost/8mMYzP1xFjHVKDoBsZ8xi1,,gas,red,clean,automatic,coupe,,rwd,White Rock,,
"2021 Ford Bronco Sport Big Bend — Versatile, Efficient & Ready to Go",24888,"61,725",1,https://www.craigslist.org/view/d/surrey-2021-ford-bronco-sport-big-bend/7EassmPwy1NaMVveSqG7zp,,gas,grey,clean,automatic,SUV,,4wd,White Rock,,
2026 Honda CR-V Hybrid  EX-L AWD SUV • 16K KMS ONLY • 1-OWNER,48599,"15,875",1,https://www.craigslist.org/view/d/surrey-east-2026-honda-cr-hybrid-ex-awd/jpS6bLQ3KKqZr84TiSW7Bv,excellent,hybrid,silver,clean,automatic,SUV,4 cylinders,4wd,FINANCE: $317 B/W+Tax *OAC!,,
"2022 Ford F-150 XLT Supercrew — PowerBoost Hybrid, Ready to Work",43888,"66,211",1,https://www.craigslist.org/view/d/surrey-2022-ford-150-xlt-supercrew/1fezh49vEncFhZYvKV2R8M,,hybrid,grey,clean,automatic,pickup,,4wd,White Rock,,
"2023 Hyundai Tucson Urban Edition: NAVIGATION , NO ACCIDENTS",28999,"21,482",1,https://www.craigslist.org/view/d/surrey-east-2023-hyundai-tucson-urban/gnbePKXFAk7R3gBBzLwSHo,excellent,gas,black,clean,automatic,SUV,4 cylinders,4wd,FINANCE: $232 B/W+Tax *OAC!,,
2025 Hyundai Elantra Preferred Sedan • LOCAL • WARRANTY,22399,"42,481",1,https://www.craigslist.org/view/d/surrey-east-2025-hyundai-elantra/13wot2scMGPTY9uuuJTZ1w,excellent,gas,white,clean,automatic,sedan,4 cylinders,fwd,FINANCE: $161 B/W+Tax *OAC!,,
"2023 Ford F-150 XLT 6"" EXTND • RUNNING BRD, FX4 OFF ROAD • NO ACCIDENT",49499,"42,159",1,https://www.craigslist.org/view/d/surrey-east-2023-ford-150-xlt-extnd/a21o2fVjhGUvBXb1o1AiME,excellent,gas,black,clean,automatic,pickup,6 cylinders,4wd,FINANCE: $399 B/W+Tax *OAC!,,
"2025 Dodge Durango R/T — Fully Loaded, Leather, Sunroof & AWD 💙",45888,"82,025",1,https://www.craigslist.org/view/d/surrey-2025-dodge-durango-t-fully/priWeUd96HQ9FkBCRGySg7,,gas,blue,clean,automatic,SUV,,4wd,White Rock,,
2022 Ford Explorer XLT 4WD SUV: TRAILER TOW PKG CLASS IV,30999,"59,000",1,https://www.craigslist.org/view/d/surrey-east-2022-ford-explorer-xlt-4wd/qm7muDhEcfgpzDqw7qfZy4,excellent,gas,black,clean,automatic,SUV,4 cylinders,4wd,FINANCE: $289 B/W+Tax *OAC!,,
2025 Dodge Durango R/T – Performance SUV with Real Character 🔺,49888,"68,394",1,https://www.craigslist.org/view/d/surrey-2025-dodge-durango-t-performance/1DnXfJNQKWD1SE5hbNSJtn,,gas,red,clean,automatic,SUV,,4wd,White Rock,,
"2025 Dodge Durango R/T – Muscle Car Spirit, SUV Practicality 🏳️",52888,"59,085",1,https://www.craigslist.org/view/d/surrey-2025-dodge-durango-t-muscle-car/7gvGrBRnCcJr3NjWk5fKX7,,gas,white,clean,automatic,SUV,,4wd,White Rock,,
2020 Dodge Challenger SRT Hellcat — Rare Factory Spec | 1 of Few 🏁,78888,"53,400",1,https://www.craigslist.org/view/d/surrey-2020-dodge-challenger-srt/rSMNrakLaJULTgS5eq7Ya2,,gas,white,clean,automatic,coupe,,rwd,White Rock,,
"2022 Ford Bronco Outer Banks 4WD SUV: LOW KMS, ACCIDENT-FREE!",42999,"62,359",1,https://www.craigslist.org/view/d/surrey-east-2022-ford-bronco-outer/pJqUTnhbZYgq6kfqMoNYub,excellent,gas,black,clean,automatic,SUV,6 cylinders,4wd,FINANCE: $402 B/W+Tax *OAC!,,
"2015 Audi Q3 — Everyday Practicality, Under $16K ✔️",15888,"89,151",1,https://www.craigslist.org/view/d/surrey-2015-audi-q3-everyday/uo1vjyczzP2fS7E3FyBQiA,,gas,black,clean,automatic,SUV,,4wd,White Rock,,
"2025 Chevrolet Silverado 3500HD 4WD Crew Cab 172"" LTZ: NO ACCIDENTS",87199,"32,605",1,https://www.craigslist.org/view/d/surrey-east-2025-chevrolet-silverado/qMe91kpKTbSRNM7K9KVf44,excellent,diesel,white,clean,automatic,pickup,8 cylinders,4wd,FINANCE: $628 B/W+Tax *OAC!,,
"2019 Audi A3 quattro — Premium Sedan, Smart Buy",19888,"85,569",1,https://www.craigslist.org/view/d/surrey-2019-audi-a3-quattro-premium/kofKfpoqZEEvJvCEho5fEd,,gas,white,clean,automatic,sedan,,4wd,White Rock,,
"2017 Audi Q7 quattro Technik — Luxury SUV, Everyday Practicality 💙",23888,"137,713",1,https://www.craigslist.org/view/d/surrey-2017-audi-q7-quattro-technik/jyAjqqMU13bxMENaZwdSPV,,gas,blue,clean,automatic,SUV,,4wd,White Rock,,
2019 Audi S4 quattro – Sporty Character Meets Comfort,32888,"115,473",1,https://www.craigslist.org/view/d/surrey-2019-audi-s4-quattro-sporty/eMLYhouQ3eN5gKQ4NNAYnM,,gas,black,clean,automatic,sedan,,4wd,White Rock,,
"2021 Audi Q5 quattro Progressiv – Elegant, Comfortable & Capable",35888,"52,864",1,https://www.craigslist.org/view/d/surrey-2021-audi-q5-quattro-progressiv/gtZLW2ho96PvuBVQ6mRykN,,gas,grey,clean,automatic,SUV,,4wd,White Rock,,
2023 Audi Q5 quattro S line – Just 46K KM & Ready to,37888,"46,032",1,https://www.craigslist.org/view/d/surrey-2023-audi-q5-quattro-line-just/66SH4viL6M28FKMCzwvR7K,,hybrid,grey,clean,automatic,SUV,,4wd,White Rock,,
2026 Jeep Wrangler Sport AWD SUV • NO ACCIDENTS • 12K KMS ONLY!,39999,"12,080",1,https://www.craigslist.org/view/d/surrey-east-2026-jeep-wrangler-sport/tME64pbbNxaFv3VZDu1TGD,excellent,gas,grey,clean,automatic,SUV,4 cylinders,4wd,FINANCE: $261 B/W+Tax *OAC!,,
2025 Audi Q3 quattro S line – Only 31K km! 🩶,38888,"31,651",1,https://www.craigslist.org/view/d/surrey-2025-audi-q3-quattro-line-only/gdBoLHHwxAhqfRTvhWMBxA,,gas,grey,clean,automatic,SUV,,4wd,White Rock,,
"2025 Audi Q3 quattro Premium – Like New, Only 22,194 KM!",39888,"22,194",1,https://www.craigslist.org/view/d/surrey-2025-audi-q3-quattro-premium/a4NeXbVS4y8w6Pv5Fvyt51,,gas,white,clean,automatic,SUV,,4wd,White Rock,,
"2025 Ford Escape PHEV AWD SUV: 1-OWNER, NO ACCIDENTS",34699,"8,406",1,https://www.craigslist.org/view/d/surrey-east-2025-ford-escape-phev-awd/w54FcWCGe166SbRf9PZwJR,excellent,hybrid,grey,clean,automatic,SUV,4 cylinders,fwd,FINANCE: $249 B/W+Tax *OAC!,,
"2023 Audi S5 Sportback quattro – Sporty & Elegant, only 47K km",57888,"47,081",1,https://www.craigslist.org/view/d/surrey-2023-audi-s5-sportback-quattro/kQVfbpUgdcUeLoaSGsgtbt,,gas,grey,clean,automatic,hatchback,,4wd,White Rock,,
2025 Audi Q8 quattro Progressiv 55 TFSI – Beautiful Low-KM Luxury SUV,67888,"27,750",1,https://www.craigslist.org/view/d/surrey-2025-audi-q8-quattro-progressiv/sQBkRy5UkoepCpKmgssaYu,,gas,white,clean,automatic,SUV,,4wd,White Rock,,
2017 BMW X1 xDrive28i AWD – Luxury SUV Without the Luxury Price,13888,"104,750",1,https://www.craigslist.org/view/d/surrey-2017-bmw-x1-xdrive28i-awd-luxury/rag3x5fSue5kW4QGF8Ci8j,,gas,white,clean,automatic,SUV,,4wd,White Rock,,
2023 Ford F-150 XLT FX4 OFF ROAD • NO ACCIDENTS • 1-OWNER,40899,"102,277",1,https://www.craigslist.org/view/d/surrey-east-2023-ford-150-xlt-fx4-off/rhgen6ZLUZuwkWRuq57f86,excellent,gas,white,clean,automatic,pickup,6 cylinders,4wd,FINANCE: $330 B/W+Tax *OAC!,,
"2018 BMW X1 xDrive28i – Sporty, Efficient & Fun to Drive",14888,"91,921",1,https://www.craigslist.org/view/d/surrey-2018-bmw-x1-xdrive28i-sporty/4cJyt2AssUV7noKSvGrn7E,,gas,grey,clean,automatic,SUV,,4wd,White Rock,,
"2018 BMW X5 xDrive35i – Premium Luxury, Turbo Power & AWD! ❕",22888,"110,050",1,https://www.craigslist.org/view/d/surrey-2018-bmw-x5-xdrive35i-premium/9jrmaywfQUaWHUFnDuuMR5,,gas,white,clean,automatic,SUV,,4wd,White Rock,,
"2018 BMW 430i xDrive Gran Coupe – Sleek, Powerful & Ready to Drive!",24888,"95,556",1,https://www.craigslist.org/view/d/surrey-2018-bmw-430i-xdrive-gran-coupe/smXLpBhmQsh9zg9MEigzMC,,gas,black,clean,automatic,coupe,,4wd,White Rock,,
2019 BMW X5 xDrive40i – Fully Loaded Luxury SUV with Leather & Sunroof,35888,"93,252",1,https://www.craigslist.org/view/d/surrey-2019-bmw-x5-xdrive40i-fully/cfoEcfwRFADBSanvokcLST,,gas,black,clean,automatic,SUV,,4wd,White Rock,,
2020 BMW X5 xDrive40i – Only 64K KM | Priced to Sell!,38888,"64,633",1,https://www.craigslist.org/view/d/surrey-2020-bmw-x5-xdrive40i-only-64k/9DZ4FJQezLGmjko5VWVKcP,,gas,white,clean,automatic,SUV,,4wd,White Rock,,
"2022 Ford F-150 XLT Supercrew Pickup FX4 OFF ROAD PACKAGE, LOCAL",40699,"90,751",1,https://www.craigslist.org/view/d/surrey-east-2022-ford-150-xlt-supercrew/4EqSZ9R1Yp9JdrafQ8agHq,excellent,gas,blue,clean,automatic,pickup,6 cylinders,4wd,FINANCE: $380 B/W+Tax *OAC!,,
2022 BMW X5 xDrive40i AWD – Exceptional BMW X5 Value ♠️,42888,"89,103",1,https://www.craigslist.org/view/d/surrey-2022-bmw-x5-xdrive40i-awd/vWCVHWa1xaKU1MZwzkWaog,,hybrid,black,clean,automatic,SUV,,4wd,White Rock,,
2018 Toyota 4Runner Limited AWD No Accident,40900,"140,512",1,https://www.craigslist.org/view/d/burnaby-2018-toyota-4runner-limited-awd/wK6FRpG1auoDrbtQVDLAqh,excellent,gas,black,clean,automatic,SUV,6 cylinders,4wd,BURNABY,,
2022 BMW 540i xDrive AWD – Fully Loaded + Full Service Records!,49888,"62,772",1,https://www.craigslist.org/view/d/surrey-2022-bmw-540i-xdrive-awd-fully/vtoWKyPK8GzTTae8RYPwP8,,hybrid,grey,clean,automatic,sedan,,4wd,White Rock,,
2024 Ford F-150 XLT EcoBoost V6 | FX4 Off-Road | Black Appearance Pkg,39999,"140,947",1,https://www.craigslist.org/view/d/surrey-east-2024-ford-150-xlt-ecoboost/nqPUusmm3fCGYWbw5DrCuj,excellent,gas,white,clean,automatic,pickup,6 cylinders,4wd,FINANCE: $287 B/W+Tax *OAC!,,
"2023 Ford Bronco Sport Big Bend 4WD SUV: FORDPASS CONNECT, CLEAN TITLE",24499,"91,148",1,https://www.craigslist.org/view/d/surrey-east-2023-ford-bronco-sport-big/d2zJFAmQh57wV99h2BDQXR,excellent,gas,white,clean,automatic,SUV,3 cylinders,4wd,FINANCE: $197 B/W+Tax *OAC!,,
2023 Ford F-150 LARIAT • TWIN PANEL MOONROOF • CLEAN CARFAX,51999,"84,188",1,https://www.craigslist.org/view/d/surrey-east-2023-ford-150-lariat-twin/4ReYKDtSUAkpngE9kgEjkH,excellent,gas,white,clean,automatic,pickup,6 cylinders,4wd,FINANCE: $420 B/W+Tax *OAC!,,
"2025 BMW 330i xDrive AWD – Low KM, Like New, Luxury Sedan 🤍",52888,"30,811",1,https://www.craigslist.org/view/d/surrey-2025-bmw-330i-xdrive-awd-low-km/h337ABFd8EP7CsnRne8pke,,hybrid,white,clean,automatic,sedan,,4wd,White Rock,,
2019 BMW X3 xDrive30i AWD – Well Maintained Luxury SUV,20888,"117,591",1,https://www.craigslist.org/view/d/surrey-2019-bmw-x3-xdrive30i-awd-well/u85xB964ETZhwAQShytTS4,,gas,white,clean,automatic,SUV,,4wd,White Rock,,
"2023 Ford Bronco Sport: CLASS II TRAILER TOW PACKAGE, LOCAL",27399,"48,211",1,https://www.craigslist.org/view/d/surrey-east-2023-ford-bronco-sport/gG3asLNL7Anzgd8eT5ywNV,excellent,gas,silver,clean,automatic,SUV,3 cylinders,4wd,FINANCE: $$221 B/W+Tax *OAC!,,
2025 Ford Escape Active AWD SUV • 13K KMS ONLY • NO ACCIDENTS,27199,"13,067",1,https://www.craigslist.org/view/d/surrey-east-2025-ford-escape-active-awd/njqVLGYSRSEHRYfMBwKbPP,excellent,gas,black,clean,automatic,SUV,3 cylinders,4wd,FINANCE: $195 B/W+Tax *OAC!,,
2020 Mitsubishi Mirage ES | Excellent Fuel Economy | Backup Camera,14999,"62,328",1,https://www.craigslist.org/view/d/burnaby-2020-mitsubishi-mirage-es/omaxsJds1uUQjbB4jkQqTG,,gas,,clean,automatic,sedan,,,Burnaby,,
2006 Suzuki Jimny Sierra 1.3 4WD,13790,"106,122",1,https://www.craigslist.org/view/d/burnaby-2006-suzuki-jimny-sierra-13-4wd/bcyGBRLRJeH9NUqNdEMrNE,excellent,gas,silver,clean,automatic,SUV,4 cylinders,4wd,Burnaby,,
2024 Mitsubishi Outlander GT Premium | 360° Camera | Sunroof,35900,"43,430",1,https://www.craigslist.org/view/d/burnaby-2024-mitsubishi-outlander-gt/82meVRLesfR5RDjfEXFS2C,,gas,,clean,automatic,SUV,,,Burnaby,,
2015 Volvo XC70 T6 Premier Plus,22905,"83,384",1,https://www.craigslist.org/view/d/north-vancouver-southwest-2015-volvo/eK95AqxTRcruvS2jTFR4nP,excellent,gas,brown,clean,automatic,wagon,6 cylinders,4wd,North Vancouver,,
2026 Honda CR-V LX AWD - LIKE NEW - SPACIOUS!,39995,"3,501",1,https://www.craigslist.org/view/d/burnaby-2026-honda-cr-lx-awd-like-new/1mDcNmki3wFBpeuGi6MRqU,excellent,gas,black,clean,automatic,SUV,4 cylinders,4wd,Burnaby,2HKRS4H2XTH104677,
2016 Ford Edge 4dr Titanium AWD - FULLY LOADED!,14995,"147,549",1,https://www.craigslist.org/view/d/burnaby-2016-ford-edge-4dr-titanium-awd/cq3D8UU6WUWPKYqBfLxuLj,excellent,gas,black,clean,automatic,SUV,6 cylinders,4wd,Burnaby,2FMPK4K88GBB62918,
2015 Honda Civic Sedan 4dr Auto LX - RELIABLE - GREAT CONDITION!,14495,"96,896",1,https://www.craigslist.org/view/d/burnaby-2015-honda-civic-sedan-4dr-auto/kqDLS6o6r3FJ4gRVHxeZPt,excellent,gas,red,clean,automatic,sedan,4 cylinders,fwd,Burnaby,2HGFB2F44FH031056,
2013 Honda CR-V AWD 5dr EX-L - SPACIOUS - WELL MAINTAINED!,17495,"107,458",1,https://www.craigslist.org/view/d/burnaby-2013-honda-cr-awd-5dr-ex/eQ8p3WY9CMRNsk3redc74U,excellent,gas,blue,clean,automatic,SUV,4 cylinders,4wd,Burnaby,2HKRM4H71DH115185,
2020 Hyundai Santa Fe Preferred AWD - 2.0T - FEATURE PACKED!,22995,"74,904",1,https://www.craigslist.org/view/d/burnaby-2020-hyundai-santa-fe-preferred/cELpjPJ4sZ7ynCdmJMHAjh,excellent,gas,red,clean,automatic,SUV,4 cylinders,4wd,Burnaby,5NMS3CAA6LH267236,
2020 Nissan Kicks SV FWD - SPORTY - URBAN CROSSOVER!,16995,"61,141",1,https://www.craigslist.org/view/d/burnaby-2020-nissan-kicks-sv-fwd-sporty/wvt8WPaiuXjJvJ1tr7oVKc,excellent,gas,grey,clean,automatic,hatchback,4 cylinders,fwd,Burnaby,3N1CP5CV0LL552654,
2020 TOYOTA CAMRY XSE NO ACCIDENT,29999,"68,159",1,https://www.craigslist.org/view/d/burnaby-2020-toyota-camry-xse-no/6VJLQaan94FLWDYnTPQcMS,excellent,gas,brown,clean,automatic,sedan,4 cylinders,fwd,BURNABY,,
"2024 Hyundai Venue Preferred IVT Hatchback: LOCAL, CLEAN CARFAX",18999,"73,870",1,https://www.craigslist.org/view/d/surrey-lower-west-2024-hyundai-venue/iHqS8bdgPNu7roJRsBcXeE,excellent,gas,black,clean,automatic,hatchback,4 cylinders,4wd,QUICK APPROVAL FOR ALL CREDIT TYPES!,,
--/ 2020 MERCEDES BENZ GLC300 GLC 300 PREMIUM PLUS AMG 4MATIC SUV /--,37888,"73,500",1,https://www.craigslist.org/view/d/vancouver-mercedes-benz-glc300-glc-300/rfdJM6oxPikNbNY6r3u7zF,excellent,gas,grey,clean,automatic,SUV,4 cylinders,4wd,VANCOUVER LOCATION,,
2020 Toyota Corolla SE Hatchback • Sunroof • Blind‑Spot Cam • Low KMs,22199,"81,785",1,https://www.craigslist.org/view/d/surrey-lower-west-2020-toyota-corolla/v8v58r4Rn8kwNcxuaXRb5S,excellent,gas,red,clean,automatic,sedan,4 cylinders,fwd,QUICK APPROVAL FOR ALL CREDIT TYPES!,,
2026 Toyota 4Runner — IN STOCK + INCOMING | Vancouver,58703,"1,000",1,https://www.craigslist.org/view/d/vancouver-2026-toyota-4runner-in-stock/kNRTH3Kwn8ERjsE2okd8Ty,new,gas,grey,clean,automatic,SUV,4 cylinders,4wd,Vancouver,,
"2024 Ford F-150 STX 4WD SuperCrew 5.5' Box: ACCIDENT-FREE, 1-OWNER",44499,"83,725",1,https://www.craigslist.org/view/d/surrey-lower-west-2024-ford-150-stx-4wd/5weh1frMRNEX7KeoUPSkJR,excellent,gas,grey,clean,automatic,pickup,6 cylinders,4wd,QUICK APPROVAL FOR ALL CREDIT TYPES!,,
"2023 Toyota RAV4 XSE AWD SUV: HYBRID, ACCIDENT-FREE!",41299,"92,245",1,https://www.craigslist.org/view/d/surrey-lower-west-2023-toyota-rav4-xse/xgxxbSF9BXEURUxQNBEjoQ,excellent,hybrid,white,clean,automatic,SUV,4 cylinders,4wd,QUICK APPROVAL FOR ALL CREDIT TYPES!,,
"2025 BMW M3 MANUAL LOCAL LOADED ONLY 11,000 KMS!",85499,"11,179",1,https://www.craigslist.org/view/d/vancouver-2025-bmw-m3-manual-local/uuzuhvfDp4Ezab4pnAm2fs,excellent,gas,green,clean,manual,sedan,6 cylinders,rwd,LOW LEASE AND FINANCING AVAILABLE!,,
"2023 BMW X5 40I LOCAL WITH ONLY 52,000 KMS!",51499,"52,818",1,https://www.craigslist.org/view/d/vancouver-2023-bmw-x5-40i-local-with/8mAWG76edt9oGpdQ8bHQFg,excellent,gas,black,clean,automatic,SUV,6 cylinders,4wd,VANCOUVER,5UXCR6C01P9N88335,
"2024 BMW X4 30I M SPORT LOCAL LOADED ONLY 15,000 KMS!",53499,"15,105",1,https://www.craigslist.org/view/d/vancouver-2024-bmw-x4-30i-sport-local/dfJtbYEs2mUY5VNWPp2MAZ,excellent,gas,black,clean,automatic,SUV,4 cylinders,4wd,LOW FINANCING AVAILABLE!,5UX33DT08R9X00668,
"2025 BMW X3 30 NEW BODY STYLE LOCAL ONLY 17,000 KMS!",50999,"17,460",1,https://www.craigslist.org/view/d/vancouver-2025-bmw-x3-30-new-body-style/1HLhic3AEm6QUpMY3iHdeb,like new,gas,white,clean,automatic,SUV,4 cylinders,4wd,LOW FINANCE AVAILABLE!,,
2000 Peterbuilt,7000,"600,000",1,https://www.craigslist.org/view/d/burnaby-2000-peterbuilt/bF7hFs1zQfXd37ZG9acVvY,fair,diesel,,clean,manual,other,6 cylinders,rwd,Burnaby,,
"2023 Hyundai Sonata Hybrid Sedan: CLEAN CARFAX, LOW KMS",27999,"55,916",1,https://www.craigslist.org/view/d/surrey-lower-west-2023-hyundai-sonata/dJtBbAJrBgK9cWREdoQdKK,excellent,hybrid,white,clean,automatic,sedan,4 cylinders,fwd,QUICK APPROVAL FOR ALL CREDIT TYPES!,,
"2024 Ram 3500 Limited Crew Cab 6'4"" Box • Heated Seats • Low Low Km",88599,"3,675",1,https://www.craigslist.org/view/d/surrey-lower-west-2024-ram-3500-limited/u15Q2yBZciXQrymgLMa68n,excellent,gas,white,clean,automatic,pickup,6 cylinders,4wd,QUICK APPROVAL FOR ALL CREDIT TYPES!,,
"2023 Ford Bronco Black Diamond Advanced 4x4 SUV: 40K KMS, NO ACCIDENTS",44999,"40,660",1,https://www.craigslist.org/view/d/surrey-lower-west-2023-ford-bronco/43Zm4ZCxD1qy65nu1HdNsq,excellent,gas,white,clean,automatic,SUV,6 cylinders,4wd,QUICK APPROVAL FOR ALL CREDIT TYPES!,,
2025 Hyundai Elantra Essential IVT Sedan • LOW 21K KMS • BC Local,23499,"21,036",1,https://www.craigslist.org/view/d/surrey-lower-west-2025-hyundai-elantra/n5bNvLqu1Uf6jmh17DvNBw,excellent,gas,white,clean,automatic,sedan,4 cylinders,fwd,QUICK APPROVAL FOR ALL CREDIT TYPES!,,
2024 Honda Civic Sport Hatchback • LOW KMS • APPLE CARPLAY,29999,"58,325",1,https://www.craigslist.org/view/d/surrey-lower-west-2024-honda-civic/4TX4JSx6GtF2db4FD8xUrP,excellent,gas,grey,clean,automatic,hatchback,4 cylinders,fwd,QUICK APPROVAL FOR ALL CREDIT TYPES!,,
"2019 Honda Pilot Touring 8-Passenger AWD SUV: LOCAL, LOW LOW KMS!",30999,"71,520",1,https://www.craigslist.org/view/d/surrey-lower-west-2019-honda-pilot/3ZjfqBzQAyb9QNGtrkAaeN,excellent,gas,grey,clean,automatic,SUV,6 cylinders,4wd,QUICK APPROVAL FOR ALL CREDIT TYPES!,,
"2026 Nissan Rogue S AWD SUV: LOW LOW KMS, CLEAN CARFAX",29666,"4,365",1,https://www.craigslist.org/view/d/surrey-lower-west-2026-nissan-rogue-awd/xj9HiXqAYF8VPX5dJdb91a,excellent,gas,white,clean,automatic,SUV,4 cylinders,4wd,QUICK APPROVAL FOR ALL CREDIT TYPES!,,
2022 Jeep Wrangler 4xe Unlimited Rubicon 4x4 SUV: SPOTLESS RECORDS!,34999,"109,372",1,https://www.craigslist.org/view/d/surrey-lower-west-2022-jeep-wrangler/amwm6iqVCchLjok3UqYuxk,excellent,hybrid,red,clean,automatic,SUV,4 cylinders,4wd,QUICK APPROVAL FOR ALL CREDIT TYPES!,,
"2011 Toyota 4 Runner Limited***159,000 Kilometers***",22950,"159,000",1,https://www.craigslist.org/view/d/surrey-inner-northwest-2011-toyota/4sR1UUE4dsQEcA2cT1Lvbm,excellent,gas,,rebuilt,automatic,,,4wd,Surrey,,
"2006 Chrysler PT Cruiser***103,000 Kilometers***",3950,"103,000",1,https://www.craigslist.org/view/d/surrey-inner-northwest-2006-chrysler-pt/vwVMU6zJTdmySBBA4Vk1rS,excellent,gas,,clean,automatic,hatchback,4 cylinders,,Surrey,,
"2018 Mazda 3***123,000 Kilometers***4 Cylinder***",12950,"123,000",1,https://www.craigslist.org/view/d/surrey-inner-northwest-2018-mazda/vELd9wrUaDFjFPoEPkkGeu,excellent,gas,,clean,automatic,sedan,4 cylinders,,surrey,,
"2011 Kia Forte GT*** 103,000 Kilometers***No Accidents***",6950,"103,000",1,https://www.craigslist.org/view/d/surrey-inner-northwest-2011-kia-forte/32Vj4f2zPUPHrtTJJUrRYc,excellent,gas,,clean,manual,sedan,4 cylinders,,Surrey,,
2007 Infinity FX 35***AWD***White***Tan Leather***Nice***,5950,"211,000",1,https://www.craigslist.org/view/d/surrey-inner-northwest-2007-infinity-fx/n4u9RSoxZt6qaf7GEb6LMR,excellent,gas,,clean,automatic,,,4wd,Surrey,,
"2011 Volkswagen Golf TDI***143,000 Kilometers***",10950,"143,000",1,https://www.craigslist.org/view/d/surrey-inner-northwest-2011-volkswagen/uAnG7vhB31D7FizJ6p5zBn,excellent,diesel,,clean,automatic,,,,Surrey,,
2025 Nissan Kicks Play SV SUV • Low Low KMs • No Accidents,22997,"39,145",1,https://www.craigslist.org/view/d/abbotsford-southwest-2025-nissan-kicks/nBfbGTKNfH8MgrnwM4KnUD,excellent,gas,red,clean,automatic,SUV,4 cylinders,fwd,From $79+/ Weekly OAC💠NO DOWN REQUIRED!,,
"2003 Nissan Altima Limited***133,000  Kilometers***Really Nice***",6950,"133,000",1,https://www.craigslist.org/view/d/surrey-inner-northwest-2003-nissan/picRts6XfbY2Ebdg81FPhY,excellent,gas,,clean,automatic,sedan,,,Surrey,,
"2015 Audi A4 Quattro***S Line***133,000 Kilometers***",12950,"133,000",1,https://www.craigslist.org/view/d/surrey-inner-northwest-2015-audi-a4/oFhsfQwrwGWRzQEVc57SdA,excellent,gas,,clean,automatic,sedan,,4wd,Surrey,,
2007 Mazda 3 Sport***Cold AC***,4950,"223,000",1,https://www.craigslist.org/view/d/surrey-inner-northwest-2007-mazda/ocyWjPyqMzmABtbZBZnmPd,excellent,gas,,clean,automatic,sedan,4 cylinders,,Surrey,,
"2014 Hyundai Santa Fe Limited***AWD***133,000 Kilometers***",10950,"133,000",1,https://www.craigslist.org/view/d/surrey-inner-northwest-2014-hyundai/93kpZ36crND1RuvgL2gAvD,excellent,gas,,clean,automatic,SUV,4 cylinders,4wd,Surrey,,
"2024 Chrysler Pacifica Touring-L Minivan: 360 CAMERA, NO ACCIDENTS",33998,"92,268",1,https://www.craigslist.org/view/d/abbotsford-southwest-2024-chrysler/oPRVdwuBCB5qkNo2M7YTVn,excellent,gas,white,clean,automatic,minivan,6 cylinders,fwd,From $117+  /Weekly OAC💠NO DOWN REQUIRED!,,
"2025 Ram 1500 Tradesman 4x4 Quad Cab 6'4"" Box: LOCAL, NO ACCIDENTS",48998,206,1,https://www.craigslist.org/view/d/abbotsford-southwest-2025-ram-1500/3wptVdPBmM67yU3vbvgoXF,like new,gas,white,clean,automatic,pickup,6 cylinders,4wd,From $169+/ Weekly OAC💠NO DOWN REQUIRED!,,
2021 Cadillac Escalade Sport SUV • Local • No Accidents,82998,"71,133",1,https://www.craigslist.org/view/d/abbotsford-southwest-2021-cadillac/5CLT2EhTTNshwN3X3oWXpJ,excellent,gas,white,clean,automatic,SUV,8 cylinders,4wd,From $318+ /Weekly OAC💠NO DOWN REQUIRED!,,
2024 Ford F-350 SRW Lariat Super Duty Crew Cab Pickup: CLEAN CARFAX,98998,"66,148",1,https://www.craigslist.org/view/d/abbotsford-southwest-2024-ford-350-srw/cLvbQx2JR2oA1HP3eK2vSh,excellent,diesel,white,clean,automatic,pickup,8 cylinders,4wd,From $342+/ Weekly OAC💠NO DOWN REQUIRED!,,
2018 Mercedes-Benz SLC 300 Roadster | Low KM | New Brakes,38500,"42,971",1,https://www.craigslist.org/view/d/langley-2018-mercedes-benz-slc-300/com2vteXVuXVoZoGT3KKk4,excellent,gas,grey,clean,automatic,convertible,4 cylinders,rwd,Call or Text Austin @DealerShift,WDDPK3JA8JF151187,
2022 Ford Mustang GT Premium | Performance Pack | Active Exhaust,52000,"9,429",1,https://www.craigslist.org/view/d/langley-2022-ford-mustang-gt-premium/jLiWov7bLJMbLjzwvdsHAt,excellent,gas,white,clean,manual,coupe,8 cylinders,rwd,Call or Text Austin @DealerShift,1FA6P8CF7N5118387,
2019 Subaru Impreza 2.0i Sport-Tech w/EyeSight AWD | 1-Owner,19500,"97,748",1,https://www.craigslist.org/view/d/langley-2019-subaru-impreza-20i-sport/qXbyp9yCngGwQ4dR7ewoh7,excellent,gas,white,clean,automatic,hatchback,4 cylinders,4wd,Call or Text Austin @DealerShift,4S3GTAU60K3761719,
2024 Acura Integra Type S | Accident Free | One Owner,57500,"38,456",1,https://www.craigslist.org/view/d/langley-2024-acura-integra-type/qBeXByFzoiQXxmmyqaEMTL,,gas,,clean,manual,hatchback,4 cylinders,,Call or Text Austin @DealerShift,19UDE5G99RA800468,
2018 Toyota Tundra 4x4 Double Cab TRD Sport | Locally Owned |,48000,"100,804",1,https://www.craigslist.org/view/d/langley-2018-toyota-tundra-4x4-double/a4qmvc7z9RNa6zkUjwD3YU,,gas,,clean,automatic,pickup,8 cylinders,4wd,Call or Text Austin @DealerShift,5TFUY5F16JX709953,
2025 Toyota Tundra Hybrid CrewMax Limited Nightshade,69000,"34,610",1,https://www.craigslist.org/view/d/langley-2025-toyota-tundra-hybrid/6eHXqtPyNe9HuURqUXD4Jy,,hybrid,,clean,automatic,pickup,6 cylinders,4wd,Call or Text Austin @DealerShift,5TFWC5DB5SX086054,
2019 Mazda 3 GS FWD Luxury Package | Only 42K kms | One Owner,22000,"42,204",1,https://www.craigslist.org/view/d/langley-2019-mazda-gs-fwd-luxury/m9GRPcNd4MkTZPqMpFbAx7,,gas,,clean,automatic,sedan,4 cylinders,,Call or Text Austin @DealerShift,JM1BPACLXK1123169,
2025 Toyota 4Runner TRD Off-Road Premium | Accident Free |,68000,"16,687",1,https://www.craigslist.org/view/d/langley-2025-toyota-4runner-trd-off/aB8puQPxRkcANGwwfKZFH2,,gas,,clean,automatic,SUV,4 cylinders,4wd,Call or Text Austin @DealerShift,JTEVA5BR1S5051021,
2014 Audi R8 2dr Coupe V10 Plus,138888,"42,690",1,https://www.craigslist.org/view/d/richmond-2014-audi-r8-2dr-coupe-v10-plus/mg7FA21myMxKjp8usiDjM7,excellent,gas,blue,clean,automatic,coupe,10 cylinders,4wd,richmond,WUAKNAFG2EN001538,
2024 Mitsubishi eclipse cross gt awc/ fully loaded / no accident /,27999,"33,376",1,https://www.craigslist.org/view/d/burnaby-2024-mitsubishi-eclipse-cross/fXrhr5EzhDpQf2aFt9981D,excellent,gas,white,clean,automatic,SUV,4 cylinders,4wd,BURNABY,,
2014 Kia Rondo EX Automatic,8999,"121,174",1,https://www.craigslist.org/view/d/richmond-2014-kia-rondo-ex-automatic/9QNRQ5GMK5J6225FCXzdaT,good,gas,silver,clean,automatic,wagon,4 cylinders,fwd,richmond,KNAHU8A37E7017419,
2019 BMW X5 xDrive40i. M SPORT PACKAGE. LOCAL BC VEHICLE. ONE OWNER. N,44800,"36,325",1,https://www.craigslist.org/view/d/richmond-2019-bmw-x5-xdrive40i-sport/kMcLX4iHQaFLqgt9pCJKyt,excellent,gas,custom,clean,automatic,SUV,6 cylinders,4wd,richmond,5UXCR6C50KLK83447,
2018 Audi A3 2.0 TFSI Komfort - PRACTICAL LUXURY!,13995,"106,521",1,https://www.craigslist.org/view/d/burnaby-2018-audi-a3-20-tfsi-komfort/fUCgmXXV3kB7erZREFL6Ds,excellent,gas,black,clean,automatic,sedan,4 cylinders,fwd,Burnaby,WAUAUGFF7J1031218,
2017 Ford Focus SE Hatchback,6990,"130,694",1,https://www.craigslist.org/view/d/surrey-outer-northwest-2017-ford-focus/5ocr24dYYXWCFJaLznJeKY,like new,gas,black,clean,automatic,hatchback,4 cylinders,fwd,Surrey,1FADP3K24HL239712,$66
2016 Volkswagen Jetta,13500,"144,374",1,https://www.craigslist.org/view/d/surrey-outer-northwest-2016-volkswagen/7WgJFTGfdcy28r4UV9w8vq,like new,gas,white,clean,automatic,sedan,4 cylinders,,Surrey,3VW267AJXGM292316,$214
2014 Honda CR-V AWD,13990,"167,959",1,https://www.craigslist.org/view/d/surrey-outer-northwest-2014-honda-cr-awd/aHNGqpP1aRM5obFFkFuQv2,like new,gas,grey,clean,automatic,SUV,4 cylinders,4wd,delta/surrey/langley,2HKRM4H50EH118191,$98
2020 Nissan Rogue 4WD,15500,"130,230",1,https://www.craigslist.org/view/d/surrey-outer-northwest-2020-nissan/vf7JmLtDyo9Qj4eqvJUHeh,like new,gas,,clean,automatic,SUV,,4wd,delta/surrey/langley,5N1AT2MV8LC783077,$108
2019 Hyundai Santa Fe AWD,16500,"120,977",1,https://www.craigslist.org/view/d/surrey-outer-northwest-2019-hyundai/8mETUJJDfDJCpzoiPu22wU,like new,gas,blue,clean,automatic,SUV,4 cylinders,4wd,delta/surrey/langley,5NMS3CADXKH061121,$130
2018 Dodge Durango GT AWD,17999,"140,068",1,https://www.craigslist.org/view/d/surrey-outer-northwest-2018-dodge/bFMoy7ZduzBd96J2t9TvK7,like new,gas,white,clean,automatic,SUV,6 cylinders,4wd,delta/surrey/langley,1C4RDJDG1JC272047,$121
2012 Honda Civic,9990,"196,322",1,https://www.craigslist.org/view/d/surrey-outer-northwest-2012-honda-civic/5FUmkBfF9qeayrNn5YvbgX,like new,gas,white,clean,automatic,sedan,4 cylinders,fwd,delta/surrey/langley,2HGFB2F40CH058380,$98
2018 Honda Civic Sedan EX CVT - WELL ROUNDED DAILY DRIVER!,18995,"107,171",1,https://www.craigslist.org/view/d/burnaby-2018-honda-civic-sedan-ex-cvt/2mtdLnX3XKQRSLxqEAqhac,excellent,gas,grey,clean,automatic,sedan,4 cylinders,fwd,Burnaby,2HGFC2F80JH021522,
2024 Subaru BRZ Sport-tech Manual - ENTHUSIAST'S CAR - RWD FUN!,32995,"24,643",1,https://www.craigslist.org/view/d/burnaby-2024-subaru-brz-sport-tech/8PDu4jHLQpAKC59SA6vJnP,excellent,gas,blue,clean,manual,coupe,4 cylinders,rwd,Burnaby,JF1ZDBE16R9701522,
2019 Toyota Corolla Sedan LE - TOYOTA RELIABILITY - GREAT COMMUTER!,17995,"113,909",1,https://www.craigslist.org/view/d/burnaby-2019-toyota-corolla-sedan-le/8iZcYwkGJYnek6eZsawmUq,excellent,gas,blue,clean,automatic,sedan,4 cylinders,fwd,Burnaby,2T1BURHE1KC230334,
2025 Honda Civic Sedan Sport Touring - HYBRID EFFICIENCY - FULLY LOADE,35995,"23,437",1,https://www.craigslist.org/view/d/burnaby-2025-honda-civic-sedan-sport/aSrBMJWLcxmnEV87SpDxLK,excellent,hybrid,white,clean,automatic,sedan,4 cylinders,fwd,Burnaby,2HGFE4F88SH018858,
2018 Volkswagen Golf GTI Autobahn DSG - HOT HATCH FUN!,26995,"63,457",1,https://www.craigslist.org/view/d/burnaby-2018-volkswagen-golf-gti/jWmDstBKDXr65bTFr44cFM,excellent,gas,grey,clean,automatic,hatchback,4 cylinders,fwd,Burnaby,3VW447AU0JM264332,
2015 Honda CR-V Touring AWD - FULLY LOADED!,23995,"105,283",1,https://www.craigslist.org/view/d/burnaby-2015-honda-cr-touring-awd-fully/kaNWkFqXJheJLj8ibgN48p,excellent,gas,black,clean,automatic,SUV,4 cylinders,4wd,Burnaby,5J6RM4H99FL806779,
2021 Lexus RX450H F-Sport 2 | Dealer Serviced | Low KM,51500,"52,957",1,https://www.craigslist.org/view/d/langley-2021-lexus-rx450h-sport-dealer/3WrLbUGBAFM5aWkndXnej5,excellent,hybrid,green,clean,automatic,SUV,6 cylinders,4wd,Call or Text Austin @DealerShift,2T2YGMDA3MC071421,
2023 Tesla Model 3 Base 438 Km Range | Moonroof | Park Assist,30990,"77,400",1,https://www.craigslist.org/view/d/burnaby-2023-tesla-model-base-438-km/2UK3fjWvyayvxkZzhqnpaB,excellent,electric,white,clean,automatic,sedan,,,Vancouver,5YJ3E1EA4PF409765,
2024 Mitsubishi mirage GT lowest mileage in market on 1628km/one owner,22800,"1,628",1,https://www.craigslist.org/view/d/burnaby-2024-mitsubishi-mirage-gt/pWQaauYeBuXrkeRCQFKEKj,like new,gas,white,clean,automatic,sedan,3 cylinders,fwd,BURNABY,,
"2006 Honda Civic 2dr Auto Coupe, Local, 4cyl",4800,1,1,https://www.craigslist.org/view/d/burnaby-2006-honda-civic-2dr-auto-coupe/g2jLD9fALEWi6wJwTsCt2e,good,gas,silver,clean,automatic,coupe,4 cylinders,fwd,BURNABY,2HGFG12306H014022,
"2016 Honda Fit EX 5dr Auto HB, Local, One owner",10800,1,1,https://www.craigslist.org/view/d/burnaby-2016-honda-fit-ex-5dr-auto-hb/jLMw2NZcGuEJVDSfU6b6iR,good,gas,grey,clean,automatic,hatchback,4 cylinders,fwd,BURNABY,3HGGK5H74GM107102,
"2012 Mazda Mazda3 Sport 5dr Auto HB, Local, P Sunroof",5800,1,1,https://www.craigslist.org/view/d/burnaby-2012-mazda-mazda3-sport-5dr/ri6iBBZV9jUErK5HAsU7wd,good,gas,white,clean,automatic,hatchback,4 cylinders,fwd,BURNABY,JM1BL1L77C1668052,
"2021 Toyota Corolla LE Auto, Local, 4cyl",14800,1,1,https://www.craigslist.org/view/d/burnaby-2021-toyota-corolla-le-auto/gBgCdgY5UkRBXXwPSHxUND,good,gas,grey,clean,automatic,sedan,4 cylinders,fwd,BURNABY,5YFBPMBE2MP235323,
FS : 2025 Toyota Sienna Limited AWD 7-pass Platinum AWD,76995,300,1,https://www.craigslist.org/view/d/vancouver-fs-toyota-sienna-limited-awd/4M9P9NQeL4nPgWm8Vun9my,like new,gas,black,clean,automatic,minivan,4 cylinders,4wd,Vancouver (NW Shaughnessy / East Kitsilano / Quilchena),,
2021 BMW 3 Series Sedan 330I xDrive - LOADED - LOCAL CAR,24887,"97,923",1,https://www.craigslist.org/view/d/richmond-2021-bmw-series-sedan-330i/d9egwzXnrbU8y9aHtRTbLb,excellent,gas,white,clean,automatic,sedan,,,richmond,,
2023 Volkswagen Golf GTI 40th Anniversary Edition Auto | No Accidents,35500,"19,852",1,https://www.craigslist.org/view/d/langley-2023-volkswagen-golf-gti-40th/dJ3bn2AsEoNXvPcBSaf8Gh,excellent,gas,grey,clean,automatic,hatchback,4 cylinders,fwd,Call or Text Austin @DealerShift,WVW4A7CD5PW171226,
2016 HONDA PILOT EX-L NAVI AWD – FULLY LOADED – CLEAN TITLE,18800,"215,758",1,https://www.craigslist.org/view/d/port-coquitlam-central-2016-honda-pilot/jmo76mswKhggvNhRSepyiZ,excellent,gas,white,clean,automatic,SUV,6 cylinders,4wd,FREE WARRANTY,5FNYF6H79GB510770,
2011 Ford F-250 SuperDuty Power Stroke 4x4 CrewCab Long Bed 8ft.,23800,"285,200",1,https://www.craigslist.org/view/d/port-coquitlam-central-2011-ford-250/8Gc8PBmJgiGzE1mFLspzfM,excellent,diesel,white,clean,automatic,pickup,8 cylinders,4wd,FREE WARRANTY,,
2015 GMC Sierra 2500HD SLE Z71 4x4 Duramax Diesel Allison Transmission,31800,"231,801",1,https://www.craigslist.org/view/d/port-coquitlam-central-2015-gmc-sierra/ovcM7dN349m5Er2wHYYU5y,excellent,diesel,brown,clean,automatic,truck,8 cylinders,4wd,𝐅𝐫𝐞𝐞 𝐖𝐚𝐫𝐫𝐚𝐧𝐭𝐲 𝐈𝐧𝐜𝐥𝐮𝐝𝐞𝐝,,
2019 Mercedes-Benz Sprinter 2500 Diesel Refree Extended High Roof,29800,"217,327",1,https://www.craigslist.org/view/d/port-coquitlam-central-2019-mercedes/5e9AkfjabjWySKtqgsj7g1,excellent,diesel,white,clean,automatic,van,6 cylinders,fwd,𝟔 𝐌𝐨𝐧𝐭𝐡𝐬 𝐅𝐫𝐞𝐞 𝐖𝐚𝐫𝐫𝐚𝐧𝐭𝐲 𝐈𝐧𝐜𝐥𝐮𝐝𝐞𝐝,,
2013 Ram 3500 Outdoorsman 4x4 Crew Cab Long Box – 6.7L Cummins,29800,"213,700",1,https://www.craigslist.org/view/d/port-coquitlam-central-2013-ram-3500/vk5M7tBrpp1SXAQ7tj8v67,excellent,diesel,white,clean,automatic,truck,6 cylinders,4wd,𝟔 𝐌𝐨𝐧𝐭𝐡𝐬 𝐅𝐫𝐞𝐞 𝐖𝐚𝐫𝐫𝐚𝐧𝐭𝐲 𝐈𝐧𝐜𝐥𝐮𝐝𝐞𝐝,,
2015 CHEVROLET SILVERADO 2500HD 4X4 – 6.0L V8 Double Cab,25800,"164,180",1,https://www.craigslist.org/view/d/port-coquitlam-central-2015-chevrolet/4ceC4H9BEKqpe5X7YLwvb9,excellent,gas,white,clean,automatic,truck,8 cylinders,4wd,FREE WARRANTY,,
"2018 Ram ProMaster1500 Low Roof 118"" WB, 147K",19900,"147,389",1,https://www.craigslist.org/view/d/port-coquitlam-central-2018-ram/mDqTpLpSTh6PMSijuB1u3c,excellent,gas,white,clean,automatic,van,6 cylinders,fwd,𝟔 𝐌𝐨𝐧𝐭𝐡𝐬 𝐅𝐫𝐞𝐞 𝐖𝐚𝐫𝐫𝐚𝐧𝐭𝐲 𝐈𝐧𝐜𝐥𝐮𝐝𝐞𝐝,,
"2010 Honda Pilot EX-L Auto 4WD, 8 Pass, DVD",8800,1,1,https://www.craigslist.org/view/d/burnaby-2010-honda-pilot-ex-auto-4wd/rzesnRiGdd9bKYcaFqxnTt,good,gas,silver,clean,automatic,SUV,6 cylinders,,BURNABY,5FNYF4H69AB501358,
"2013 Honda CR-V EX-L AWD Auto, Local, No accident",11800,1,1,https://www.craigslist.org/view/d/burnaby-2013-honda-cr-ex-awd-auto-local/x7Wf7uNazWPQiVj4VbMKH5,good,gas,green,clean,automatic,SUV,4 cylinders,4wd,BURNABY,2HKRM4H73DH111316,
"2007 Lexus ES 350 4dr Auto, P Sunroof, Leather",6800,1,1,https://www.craigslist.org/view/d/burnaby-2007-lexus-es-350-4dr-auto/5ajzHiGpWiEzc27BJNpyod,good,gas,,clean,automatic,sedan,6 cylinders,fwd,BURNABY,JTHBJ46G372007572,
"2015 Ford F-150 XLT Sport SuperCrew 4WD Auto, Local",11800,1,1,https://www.craigslist.org/view/d/burnaby-2015-ford-150-xlt-sport/3it78FUKs73uWMx5AMZmfx,good,gas,silver,clean,automatic,pickup,6 cylinders,,BURNABY,1FTEW1EG9FKD22777,
"2020 Chevrolet Equinox LT Auto, 180km, Back up camera",9800,"180,000",1,https://www.craigslist.org/view/d/burnaby-2020-chevrolet-equinox-lt-auto/6Ncb7vMc3MJXKFehZkh1dd,good,gas,grey,clean,automatic,SUV,4 cylinders,fwd,BURNABY,2GNAXKEV5L6234556,
"2014 Tesla Model S 85D Auto, 148km, One owner, No accident",16800,"148,000",1,https://www.craigslist.org/view/d/burnaby-2014-tesla-model-85d-auto-148km/1L9QW65Nffbd8VpmvnJpay,good,electric,red,clean,automatic,hatchback,,rwd,BURNABY,5YJSA1H19EFP33116,
"2012 Honda Odyssey EX Auto, 94 km, 8 Pass, No accident",16800,"94,000",1,https://www.craigslist.org/view/d/burnaby-2012-honda-odyssey-ex-auto-94/u4fpbrdyxr4PFvJzpvZ4se,good,gas,silver,clean,automatic,van,6 cylinders,fwd,BURNABY,5FNRL5H45CB504309,
"2014 Mazda Mazda3 GS-SKY 5dr Auto HB, Navi, One owner",8500,1,1,https://www.craigslist.org/view/d/burnaby-2014-mazda-mazda3-gs-sky-5dr/9JYScziD5DrmaRoKeoVGNQ,good,gas,white,clean,automatic,hatchback,4 cylinders,fwd,BURNABY,JM1BM1L7XE1106730,
* 2019 KIA SOUL EX *****,10500,"95,000",1,https://www.craigslist.org/view/d/new-westminster-northeast-kia-soul-ex/4DkYcpxrvTRgxb3McPkcXp,,gas,blue,rebuilt,automatic,hatchback,4 cylinders,,burnaby/newwest,KNDJP3A55K7015647,
2017 MINI 3 Door Cooper - MANUAL - NO ACCIDENTS - LOW MILEAGE - LOC,13887,"86,990",1,https://www.craigslist.org/view/d/richmond-2017-mini-door-cooper-manual/eRGUpGVhFyWJbt958w98kg,excellent,gas,red,clean,manual,hatchback,,,burnaby/newwest,,
"2010 Mercedes Benz R/R350 BLUETEC 4MATIC Loc. One Owner 167,000 KM",8800,"167,000",1,https://www.craigslist.org/view/d/richmond-2010-mercedes-benz-r350/4wv5wiHR46w1eoJKQktX7q,excellent,diesel,grey,clean,automatic,SUV,6 cylinders,4wd,Richmond,4JGCB2FE0AA109460,
2021 Honda passport sport NO ACCIDENT,29900,"148,440",1,https://www.craigslist.org/view/d/burnaby-2021-honda-passport-sport-no/2LLQ7uEAXZprHtJheHT8yD,excellent,gas,black,clean,automatic,SUV,,4wd,BURNABY,,
2019 Nissan rouge s low km,19900,"63,785",1,https://www.craigslist.org/view/d/burnaby-2019-nissan-rouge-low-km/c9QercbG5waxbGk1jsbkvt,good,gas,white,clean,automatic,SUV,4 cylinders,fwd,BURNABY,,
"2016 Audi Q5 tech 2.0T Quattro Local One Owner Clean Title 192,100KM",10900,"192,100",1,https://www.craigslist.org/view/d/2016-audi-q5-tech-20t-quattro-local-one/9q6AUrtcQyoJsb3s4K4EtR,excellent,gas,black,clean,automatic,SUV,4 cylinders,4wd,"7845,Kingsway,Burnaby",WA1V2AFPXGA132031,
-----/ 2021 MERCEDES BENZ E450 E 450 PREMIUM AMG SEDAN /-----,60995,"36,000",1,https://www.craigslist.org/view/d/vancouver-mercedes-benz-e450-450/qYQjhKDTBJamnFTt1KpF1p,excellent,gas,black,clean,automatic,sedan,6 cylinders,4wd,VANCOUVER LOCATION,,
"2015 Mercedes-Benz B250 4MATIC *** Local BC car, No accidents***",14800,"49,045",1,https://www.craigslist.org/view/d/coquitlam-2015-mercedes-benz-b250/ifh9R5AAWKPyNhazNFEeYM,like new,gas,white,clean,automatic,hatchback,4 cylinders,,CarMatch,,
"2020 Volkswagen Tiguan Comfortline *** Local BC car, No accidents***",21900,"90,627",1,https://www.craigslist.org/view/d/coquitlam-2020-volkswagen-tiguan/29z7bnqw6ZNwjKwUyXrYgM,like new,gas,grey,clean,automatic,SUV,4 cylinders,4wd,CarMatch,,
2022 Hyundai Santa Fe Urban AWD | Immaculate | No Accidents,32991,"29,761",1,https://www.craigslist.org/view/d/surrey-2022-hyundai-santa-fe-urban-awd/4iyMTmxFwUNnqmvC1uLbQc,excellent,gas,,clean,automatic,SUV,4 cylinders,4wd,delta/surrey/langley,,
2020 Mitsubishi RVR NOIR AWD /ONE OWNER / NO ACCIDENT CLAIM,18800,"109,992",1,https://www.craigslist.org/view/d/burnaby-2020-mitsubishi-rvr-noir-awd/9B18NYZtmeTszcRinRq9f3,good,gas,black,clean,automatic,SUV,4 cylinders,4wd,BURNABY,,
"2020 Tesla Model 3 Standard Range Plus *** Local BC car, No accidents*",28900,"71,886",1,https://www.craigslist.org/view/d/coquitlam-2020-tesla-model-standard/gd6uqALVA5WdwAzPPHfaxw,like new,electric,grey,clean,automatic,sedan,,,CarMatch,,
2015 Toyota Sienna Limited ***No accidents***,24800,"112,655",1,https://www.craigslist.org/view/d/coquitlam-2015-toyota-sienna-limited-no/6c6GZdzQYGufbrvmLAYoJo,like new,gas,grey,clean,automatic,minivan,6 cylinders,fwd,CarMatch,,
2024 Hyundai Santa Fe Luxury AWD | One Owner | No Accidents,41991,"40,292",1,https://www.craigslist.org/view/d/surrey-2024-hyundai-santa-fe-luxury-awd/oXqcvf6W7eu2WdC6y8FBdP,excellent,gas,,clean,automatic,SUV,4 cylinders,4wd,delta/surrey/langley,,
2017 Porsche cayenne platinum edition AWD,25999,"153,080",1,https://www.craigslist.org/view/d/burnaby-2017-porsche-cayenne-platinum/aLNmt8Vc7iJtNhgHLTmvKA,excellent,gas,silver,clean,automatic,SUV,6 cylinders,4wd,BURNABY,,
"2016 CHRYSLER 300 S SPORT EDITION- $16,000-123,000 KMS-778-773-0572",16000,"123,000",1,https://www.craigslist.org/view/d/new-westminster-southwest-2016-chrysler/mPVL2aLMqPtMdi6YdCZzqh,like new,gas,red,clean,automatic,sedan,6 cylinders,fwd,New WESTMINISTER,,
2018 Mitsubishi Outlander ES PREMIUM | AWC | SUNROOF | LOCAL,15297,"173,191",1,https://www.craigslist.org/view/d/surrey-east-2018-mitsubishi-outlander/aDXT3VkfP8d4vi94QfuEw3,excellent,gas,silver,clean,automatic,SUV,4 cylinders,4wd,LANGLEY | $107+ Bi-Weekly Financing OAC,,
2023 Nissan Rogue PLATINUM AWD SUV | BC LOCAL | CLEAN CARFAX,28499,"40,906",1,https://www.craigslist.org/view/d/surrey-east-2023-nissan-rogue-platinum/u8xCGiMGth2dUMm125xF2g,excellent,gas,grey,clean,automatic,SUV,4 cylinders,4wd,LANGLEY | $199+ Bi-Weekly Financing OAC,,
2019 Infiniti QX50 AWD SUV • LOW KMS • CLEAN LOCAL,-1,"96,238",1,https://www.craigslist.org/view/d/surrey-east-2019-infiniti-qx50-awd-suv/t1r6xZ8WSRwYHnixRp9K6C,excellent,gas,white,clean,automatic,SUV,4 cylinders,4wd,NO/BAD/NEW CREDIT: ALL WELCOME!,,
2017 Mazda Mazda3 Sport Hatchback • LOW KMS • BC LOCAL,16872,"104,100",1,https://www.craigslist.org/view/d/surrey-east-2017-mazda-mazda3-sport/9Byoh2Y5zKXCgG9nS4s2im,excellent,gas,grey,clean,automatic,hatchback,4 cylinders,fwd,LANGLEY | $133+ Bi-Weekly Financing OAC,,
2019 Hyundai ACCENT PREFERRED | GLASS CARFAX | LOCAL | 1 OWNER,-1,"123,890",1,https://www.craigslist.org/view/d/surrey-east-2019-hyundai-accent/n4nFhzzU7PTKMzKg4BWudu,excellent,gas,silver,clean,automatic,hatchback,4 cylinders,4wd,NO/BAD/NEW CREDIT: ALL WELCOME!,,
2023 Ram 3500 Laramie Crew Cab 4WD Cummins Diesel 4x4 Longbed,49999,"230,294",1,https://www.craigslist.org/view/d/abbotsford-southwest-2023-ram-3500/ne5UJyWB1s9h3C2N4y8PE9,good,diesel,grey,clean,automatic,pickup,6 cylinders,4wd,Abbotsford,,
"2024 Mitsubishi Eclipse Cross AWD SUV: LOW KMS, NO ACCIDENTS!",27297,"31,693",1,https://www.craigslist.org/view/d/surrey-east-2024-mitsubishi-eclipse/mHn2da2DmJDwHCVwdnK8dG,excellent,gas,black,clean,automatic,SUV,4 cylinders,4wd,ONLY $224/bw *FINANCING OAC,,
2022 Toyota Corolla LE Sedan • LOCAL • ADAPTIVE CRUISE CONTROL,19497,"102,448",1,https://www.craigslist.org/view/d/surrey-east-2022-toyota-corolla-le/fej8Rxv3HjLFiU2F5vH4fQ,excellent,gas,grey,clean,automatic,sedan,4 cylinders,fwd,LANGLEY | $175+ Bi-Weekly Financing OAC,,
2020 Nissan Rogue SPECIAL EDITION SUV • BLIND SPOT CAM • 1-Owner,15497,"126,000",1,https://www.craigslist.org/view/d/surrey-east-2020-nissan-rogue-special/u1BUD8dJMXuULoqiMP1peV,excellent,gas,grey,clean,automatic,SUV,4 cylinders,4wd,LANGLEY | $133+ Bi-Weekly Financing OAC,,
2022 Toyota Corolla LE Sedan • LOW KMS • Clean Title,22999,"40,265",1,https://www.craigslist.org/view/d/surrey-east-2022-toyota-corolla-le/sjk9K3L6wz7bM84EioxWJB,excellent,gas,white,clean,automatic,sedan,4 cylinders,fwd,LANGLEY | $189+ Bi-Weekly Financing OAC,,
2024 Mazda CX-90 PHEV GT AWD SUV • 7 SEATER • Clean Carfax,42672,"57,850",1,https://www.craigslist.org/view/d/surrey-east-2024-mazda-cx-90-phev-gt/eNmhDMC5wmVH6FNyKUB7sR,excellent,gas,red,clean,automatic,SUV,4 cylinders,4wd,LANGLEY | $343+ Bi-Weekly Financing OAC,,
2020 Toyota Highlander LE AWD SUV • 8 SEATER • Clean Carfax,33571,"79,541",1,https://www.craigslist.org/view/d/surrey-east-2020-toyota-highlander-le/jBF84KAkDpgRBvJqkup16c,excellent,gas,white,clean,automatic,SUV,6 cylinders,4wd,LANGLEY | $259+ Bi-Weekly Financing OAC,,
2022 Honda Civic TOURING Sedan • BOSE SOUND • Clean Carfax,30671,"42,800",1,https://www.craigslist.org/view/d/surrey-east-2022-honda-civic-touring/aN2G2aeVrFwUff9VUBK1zu,excellent,gas,white,clean,automatic,sedan,4 cylinders,fwd,LANGLEY | $252+ Bi-Weekly Financing OAC,,
2022 Honda CR-V LX AWD SUV • NO ACCIDENTS • BC LOCAL,29497,"75,340",1,https://www.craigslist.org/view/d/surrey-east-2022-honda-cr-lx-awd-suv-no/nSKRGB9uvmgTzq7ZtCnAWA,excellent,gas,grey,clean,automatic,SUV,4 cylinders,4wd,LANGLEY | $238+ Bi-Weekly Financing OAC,,
2020 Toyota RAV4 Hybrid LE AWD SUV • LOW KMS • LOCAL,32197,"70,944",1,https://www.craigslist.org/view/d/surrey-east-2020-toyota-rav4-hybrid-le/5aDXCCVbQV4THuuZwRwYeY,excellent,hybrid,red,clean,automatic,SUV,4 cylinders,4wd,LANGLEY | $259+ Bi-Weekly Financing OAC,,
2023 Honda Civic EX Sedan • ONLY 10K KMS • BC Vehicle,30999,"10,225",1,https://www.craigslist.org/view/d/surrey-east-2023-honda-civic-ex-sedan/sQg9yQPoeg7zWKL5cMQQ74,excellent,gas,white,clean,automatic,sedan,4 cylinders,fwd,LANGLEY | $237+ Bi-Weekly Financing OAC,,
2022 Ford T-150 Transit Cargo Van AWD • CLEAN CARFAX • 360 CAMERA,37999,"106,445",1,https://www.craigslist.org/view/d/surrey-east-2022-ford-150-transit-cargo/pKAjBXkqTcq6EYCQ3KYnXb,excellent,gas,white,clean,automatic,van,6 cylinders,4wd,LANGLEY | $273+ Bi-Weekly Financing OAC,,
2019 Honda CR-V TOURING AWD SUV • LOW KMS • PANOROOF,32197,"45,900",1,https://www.craigslist.org/view/d/surrey-east-2019-honda-cr-touring-awd/c81QRfe3TLBioC9zc8fYGA,excellent,gas,grey,clean,automatic,SUV,4 cylinders,rwd,LANGLEY | $273+ Bi-Weekly Financing OAC,,
2020 Honda CR-V BLACK EDITION SUV • NO ACCIDENTS • Low Mileage,31397,"70,329",1,https://www.craigslist.org/view/d/surrey-east-2020-honda-cr-black-edition/3JTcdbYrmFTHqtV9NAc5dX,excellent,gas,white,clean,automatic,SUV,4 cylinders,4wd,LANGLEY | $252+ Bi-Weekly Financing OAC,,
2017 Honda Civic LX Coupe • 6 SPEED MANUAL • BC LOCAL,14999,"175,000",1,https://www.craigslist.org/view/d/surrey-east-2017-honda-civic-lx-coupe/7hDSQ3274gS97L4VH1AcFY,excellent,gas,white,clean,manual,coupe,4 cylinders,fwd,LANGLEY | $119+ Bi-Weekly Financing OAC,,
"2020 Mazda Mazda3 GT Auto FWD Sedan: NO ACCIDENTS, LOW KMS",21999,"56,020",1,https://www.craigslist.org/view/d/surrey-east-2020-mazda-mazda3-gt-auto/hVzuZ8YK3AJcF7hanKdkEn,excellent,gas,white,clean,automatic,sedan,4 cylinders,fwd,LANGLEY | $189+ Bi-Weekly Financing OAC,,
"2022 Dodge Charger GT RWD Sedan: PUSH START, BACKUJP CAMERA",24199,"82,211",1,https://www.craigslist.org/view/d/surrey-east-2022-dodge-charger-gt-rwd/mJbvfUJVWxy6DnTCLroKbe,excellent,gas,blue,clean,automatic,sedan,6 cylinders,rwd,LANGLEY | $203+ Bi-Weekly Financing OAC,,
"2024 Nissan Z Sport Coupe: CLEAN CARFAX, LOW LOW KMS, LIKE NEW",43497,"3,283",1,https://www.craigslist.org/view/d/surrey-east-2024-nissan-sport-coupe/a6mdCdwxgdVQi8Bfvme5Cb,excellent,gas,blue,clean,manual,coupe,,rwd,LANGLEY | $364+ Bi-Weekly Financing OAC,,
"2022 Tesla Model 3 Performance AWD Sedan: 1-OWNER, NO ACCIDENTS",37497,"105,640",1,https://www.craigslist.org/view/d/surrey-east-2022-tesla-model/qtwfNw39jpKwDGycLXzmby,excellent,electric,red,clean,automatic,sedan,,4wd,LANGLEY | $301+ Bi-Weekly Financing OAC,,
"2021 Ford Mustang Mach-E Premium AWD SUV: PANO ROOF, NAVI",28387,"105,982",1,https://www.craigslist.org/view/d/surrey-east-2021-ford-mustang-mach/8h43m4KaKTy3RoyKPgr3GV,excellent,electric,white,clean,automatic,SUV,,4wd,ONLY $245/bw *FINANCING OAC,,
"2019 Mazda Mazda3 GT Auto FWD Sedan: LOCAL, LOW KMS",19999,"51,381",1,https://www.craigslist.org/view/d/surrey-east-2019-mazda-mazda3-gt-auto/hMjwBUyw4gmBimk76xLybn,excellent,gas,grey,clean,automatic,sedan,4 cylinders,fwd,ONLY $188/bw *FINANCING OAC,,
"2019 SUBARU FORESTER Limited --- w/ EyeSight, Fully Loaded & Warranty!",19999,"108,000",1,https://www.craigslist.org/view/d/burnaby-2019-subaru-forester-limited/3M57N2VyAKFrvEskcib2zq,excellent,gas,red,rebuilt,automatic,SUV,4 cylinders,4wd,www.sulehrmotors.com,JF2SKEUC7KH517368,
"2024 Nissan Versa SR CVT Sedan: NO ACCIDENTS, WARRANTY!",16199,"61,683",1,https://www.craigslist.org/view/d/surrey-east-2024-nissan-versa-sr-cvt/aGYL25JmBTUDM21oE53qVq,excellent,gas,grey,clean,automatic,sedan,4 cylinders,fwd,LANGLEY | $175+ Bi-Weekly Financing OAC,,
"2023 Nissan Rogue AWD Platinum SUV: LOCAL, LOW LOW KMS",26399,"44,150",1,https://www.craigslist.org/view/d/surrey-east-2023-nissan-rogue-awd/h46MFWmigDHkNtRvnQC7yi,excellent,gas,blue,clean,automatic,SUV,3 cylinders,4wd,LANGLEY | $231+ Bi-Weekly Financing OAC,,
"2025 Mitsubishi Eclipse Cross ES S-AWC: HEATED SEATS, LOW LOW KMS",26497,"3,075",1,https://www.craigslist.org/view/d/surrey-east-2025-mitsubishi-eclipse/o7S2GR26WxRBq331LbNVH8,excellent,gas,grey,clean,automatic,SUV,4 cylinders,4wd,LANGLEY | $238+ Bi-Weekly Financing OAC,,
2020 Honda civic ex cvt *ltd avail*,27995,"46,509",1,https://www.craigslist.org/view/d/richmond-2020-honda-civic-ex-cvt-ltd/dXkBiYC3J94aJjzHzHPY9q,like new,gas,grey,clean,automatic,sedan,4 cylinders,4wd,Richmond,,
2023 Mazda mazda3 sport gt auto i-activ awd,34995,"30,000",1,https://www.craigslist.org/view/d/richmond-2023-mazda-mazda3-sport-gt/s2ZPkss5HDiZtffvGUFCfb,like new,gas,grey,clean,automatic,hatchback,4 cylinders,4wd,Richmond,,
2025 Honda HR-V Sport AWD CVT - VERSATILE - SPACIOUS,32495,"21,980",1,https://www.craigslist.org/view/d/burnaby-2025-honda-hr-sport-awd-cvt/cFVbVoRs38vZfoKj2F3gUA,excellent,gas,black,clean,automatic,SUV,4 cylinders,4wd,Burnaby,3CZRZ2H57SM108389,
2024 Subaru BRZ ts,30800,"17,759",1,https://www.craigslist.org/view/d/coquitlam-2024-subaru-brz-ts/xqA571sDmFHkgj7raVtf7s,like new,gas,black,clean,automatic,coupe,4 cylinders,,CarMatch,,
2026 Toyota RAV4 XSE AWD - PLUG IN HYBRID - LIKE NEW!,63995,50,1,https://www.craigslist.org/view/d/burnaby-2026-toyota-rav4-xse-awd-plug/gXZZFNEZAjBqpgKaRk4v3Y,like new,hybrid,blue,clean,automatic,SUV,4 cylinders,4wd,burnaby/newwest,2T36CRAV3TW036796,
2015 Honda CR-V SE AWD - PRACTICAL - WELL MAINTAINED!,18995,"147,259",1,https://www.craigslist.org/view/d/burnaby-2015-honda-cr-se-awd-practical/vXTAK7he1qrktUD6DgiGvN,excellent,gas,white,clean,automatic,SUV,4 cylinders,4wd,burnaby/newwest,2HKRM4H49FH111409,
2021 Toyota RAV4 Limited AWD - FULLY LOADED!,34995,"86,356",1,https://www.craigslist.org/view/d/burnaby-2021-toyota-rav4-limited-awd/p4r9K1D1UvVN1FphuhwxAk,excellent,gas,blue,clean,automatic,SUV,4 cylinders,4wd,"Burnaby, BC",2T3D1RFV1MW216544,
2022 Hyundai Kona 2.0L Preferred AWD - SUNROOF - LEATHER!,23495,"46,310",1,https://www.craigslist.org/view/d/burnaby-2022-hyundai-kona-20l-preferred/gj1imtgLVS3KKSQeiBir57,excellent,gas,white,clean,automatic,SUV,4 cylinders,4wd,Burnaby,KM8K6CAB7NU910121,
2019 Honda Civic Sedan EX CVT - PRACTICAL - HONDA RELIABILITY!,19995,"126,591",1,https://www.craigslist.org/view/d/burnaby-2019-honda-civic-sedan-ex-cvt/bUiz5KTS6Sw1gy1GbbhXgE,excellent,gas,blue,clean,automatic,sedan,4 cylinders,fwd,Burnaby,2HGFC2F78KH021468,
2024 Honda CR-V EX-L AWD - CERTIFIED - PRACTICAL!,39995,"29,349",1,https://www.craigslist.org/view/d/burnaby-2024-honda-cr-ex-awd-certified/kfcm72kWwpTFtfX7LZXCHp,excellent,gas,black,clean,automatic,SUV,4 cylinders,4wd,Burnaby,2HKRS4H78RH113964,
2022 Mazda MX-5 Miata RF GS-P - MANUAL - SPORTY DRIVING DYNAMICS!,37995,"52,664",1,https://www.craigslist.org/view/d/burnaby-2022-mazda-mx-miata-rf-gs/ocyFm9UBPDoTbhyCTUw2eU,excellent,gas,grey,clean,manual,convertible,4 cylinders,rwd,burnaby/newwest,JM1NDAL74N0507001,
2025 Honda CR-V LX AWD - PRACTICAL - WELL EQUIPPED!,32495,"36,018",1,https://www.craigslist.org/view/d/burnaby-2025-honda-cr-lx-awd-practical/x5SjD53pS6Tp1CawrktSyw,excellent,gas,silver,clean,automatic,SUV,4 cylinders,4wd,burnaby/newwest,2HKRS4H29SH103051,
"2022 Audi Q3 Komfort 45 Quattro *** Local BC car, No accidents***",28800,"35,960",1,https://www.craigslist.org/view/d/coquitlam-2022-audi-q3-komfort-45/1cH8D8EtMEEgibCBD6VCZy,like new,gas,black,clean,automatic,SUV,4 cylinders,4wd,CarMatch,,
"2014 Ford Focus 5dr HB Titanium | FREE 3,000 KM WARRANTY",7480,"129,891",1,https://www.craigslist.org/view/d/vancouver-2014-ford-focus-5dr-hb/jG9srnVPc1qGENsVkeEnc8,excellent,gas,black,clean,automatic,hatchback,4 cylinders,fwd,Vancouver BC,1FADP3N20EL113600,
"2021 Nissan QASHQAI *** Local BC car, No accidents***",18800,"81,810",1,https://www.craigslist.org/view/d/coquitlam-2021-nissan-qashqai-local-bc/aUTUkgisDwxJx2Sun8YSC5,like new,gas,grey,clean,automatic,wagon,4 cylinders,4wd,CarMatch,,
"2024 Lexus UX250h *** Local BC car, No accidents***",41800,"20,400",1,https://www.craigslist.org/view/d/coquitlam-2024-lexus-ux250h-local-bc/rr4eiF4zxLKrhW6XSrc2ij,like new,hybrid,white,clean,automatic,SUV,4 cylinders,,CarMatch,,
2013 VOLVO XC60 T6,7995,"190,000",1,https://www.craigslist.org/view/d/burnaby-2013-volvo-xc60-t6/nJkuMiDVrd9kpFHnUUTn31,excellent,gas,black,clean,automatic,SUV,6 cylinders,4wd,Burnaby,,
2020 Toyota Sienna LE 7-Passenger AWD,34995,"132,758",1,https://www.craigslist.org/view/d/richmond-2020-toyota-sienna-le/fAkZpYbMY9yfT5ZxTrUabi,like new,gas,white,clean,automatic,minivan,6 cylinders,4wd,Richmond,,
2023 Subaru BRZ & 2025 Subaru Forester Call Jacky 236/858*1182,-1,"999,999",1,https://www.craigslist.org/view/d/vancouver-2023-subaru-brz-subaru/2myoQ1dPK8fenEBnbK8dmg,excellent,gas,,clean,automatic,SUV,,4wd,Vancouver,,
2023 BMW x1 xdrive28i sports activity vehicle,29995,"54,716",1,https://www.craigslist.org/view/d/richmond-2023-bmw-x1-xdrive28i-sports/72sK8QTBfvehYMKTMJrYSk,excellent,gas,white,clean,automatic,SUV,4 cylinders,4wd,Richmond,,
2018 Audi Q7 Technik | quattro AWD | Panoramic Sunroof,24999,"124,912",1,https://www.craigslist.org/view/d/burnaby-2018-audi-q7-technik-quattro/75J8gzSXv4TnkuEweXs1mp,,gas,,clean,automatic,SUV,,,Burnaby,,
2018 Audi S5 3.0 TFSI quattro Technik tiptronic. STAGE 2 TUNED. FULL S,32800,"78,995",1,https://www.craigslist.org/view/d/richmond-2018-audi-s5-30-tfsi-quattro/fmRJAQ1mkGGGhUaw3nf8aH,excellent,gas,grey,clean,automatic,coupe,6 cylinders,4wd,richmond,WAUR4AF54JA002850,
2022 RVR LE | One Owner | Backup Camera | Well-maintained,23800,"49,503",1,https://www.craigslist.org/view/d/burnaby-2022-rvr-le-one-owner-backup/hWXPVdv3298FKfrCtG4PKx,,gas,,clean,automatic,,,,Burnaby,,
2019 Chrysler Pacifica Touring. NO ACCIDENT.,14999,"142,580",1,https://www.craigslist.org/view/d/richmond-2019-chrysler-pacifica-touring/7Nwf4TF1s4CzXHbrVz7xsQ,good,gas,grey,clean,automatic,minivan,6 cylinders,fwd,richmond,2C4RC1DG1KR741228,
2016 Mazda MAZDA3 Sport GS. LOCAL BC VEHICLE. LOW KILOMETRES.,14999,"81,903",1,https://www.craigslist.org/view/d/richmond-2016-mazda-mazda3-sport-gs/nX2LZ96E8LQpvCdiCaTWxk,excellent,gas,white,clean,automatic,hatchback,4 cylinders,fwd,richmond,3MZBM1L72GM291424,
2023 Porsche Macan T 4dr SUV,54800,"22,951",1,https://www.craigslist.org/view/d/richmond-2023-porsche-macan-4dr-suv/78eu5JfZZpzJRt4XDj3mtn,excellent,gas,white,clean,automatic,SUV,4 cylinders,4wd,richmond,WP1AA2A54PLB21547,
Sedan,7988,"121,704",1,https://www.craigslist.org/view/d/coquitlam-sedan/hZP2zfr1fTMhF49VYX5CjA,good,gas,red,clean,automatic,sedan,4 cylinders,fwd,Coquitlam,4T1BE32K25U384854,
2026 Chrysler Grand Caravan SXT with Rear Entry Accessible Conversion,75900,"10,200",1,https://www.craigslist.org/view/d/chilliwack-2026-chrysler-grand-caravan/jgMQa1ggpt77hNgz8baVhC,new,gas,black,clean,automatic,minivan,6 cylinders,fwd,CHILLIWACK,,
2018 Jaguar F-Type 296HP 2dr Rear-wheel Drive Coupe Automatic. LOCAL B,34800,"47,616",1,https://www.craigslist.org/view/d/richmond-2018-jaguar-type-296hp-2dr/3sfLnjH1XzgKupgeW5mqHh,excellent,gas,grey,clean,automatic,coupe,4 cylinders,rwd,richmond,SAJDD1GX1JCK53604,
2024 Chrysler Grand Caravan SXT with Rear Entry Accessible Conversion,71900,"40,600",1,https://www.craigslist.org/view/d/chilliwack-2024-chrysler-grand-caravan/3qR8kkN3aaouHTZKd4nVms,excellent,gas,white,clean,automatic,minivan,6 cylinders,fwd,CHILLIWACK,,
2019 Ford F-150 Lariat | 4WD | Backup Camera,37900,"114,949",1,https://www.craigslist.org/view/d/burnaby-2019-ford-150-lariat-4wd-backup/rrA5RDL8iQ6tF7RpE7wZZJ,,gas,,clean,automatic,pickup,,,Burnaby,,
2026 Chrysler Grand Caravan SXT with Rear Entry Accessible Conversion,79900,100,1,https://www.craigslist.org/view/d/chilliwack-2026-chrysler-grand-caravan/urma1P7diRAxApSrv2zTGc,new,gas,white,clean,automatic,minivan,6 cylinders,fwd,CHILLIWACK,,
2026 Chrysler Grand Caravan SXT with Rear Entry Accessible Conversion,79900,100,1,https://www.craigslist.org/view/d/chilliwack-2026-chrysler-grand-caravan/84rgR6wdxq9tESCYsJdnqT,new,gas,silver,clean,automatic,minivan,6 cylinders,fwd,CHILLIWACK,,
2011 Toyota bB 1.3 AT (yaris),13590,"72,907",1,https://www.craigslist.org/view/d/burnaby-2011-toyota-bb-13-at-yaris/pwrvxpaoqfptxfxm2xSYo1,excellent,gas,white,clean,automatic,hatchback,4 cylinders,fwd,Burnaby,,
2008 Nissan Versa 5dr HB 1.8 SL 2007,2900,"241,409",1,https://www.craigslist.org/view/d/port-moody-2008-nissan-versa-5dr-hb-18/65yZK8fVziu8hyp2LgLyfB,excellent,gas,black,clean,automatic,hatchback,4 cylinders,fwd,Burrell Auto Group-Port Moody,,
"2020 Honda CRV/CR-V Touring AWD Local BC Car Ext. Warranty 83,000 KM",31800,"83,000",1,https://www.craigslist.org/view/d/richmond-2020-honda-crv-cr-touring-awd/oetdGX7gYWkirWkV1vDnNm,excellent,gas,grey,clean,automatic,SUV,4 cylinders,4wd,Richmond,2HKRW2H98LH212043,
2018 Mitsubishi Mirage ES | Fuel Efficient | Affordable City Car,13800,"98,350",1,https://www.craigslist.org/view/d/burnaby-2018-mitsubishi-mirage-es-fuel/kjhjXBGvkBeXbGAmZCQHeg,,gas,,clean,automatic,hatchback,,,Burnaby,,
2008 Chrysler 300 Limited Local No accident Low km Clean 300,6995,"108,031",1,https://www.craigslist.org/view/d/coquitlam-2008-chrysler-300-limited/ujBfA7TySPrZAE4dDQVwJr,excellent,gas,blue,clean,automatic,sedan,6 cylinders,rwd,Team West Auto Group,CALLTXT6043397852,
2012 Audi A3 2.0T Progressiv | FrontTrak FWD | 2.0L Turbocharge Engine,9999,"132,594",1,https://www.craigslist.org/view/d/burnaby-2012-audi-a3-20t-progressiv/taQZgLTUcUgpSYT1WKCJ6c,,gas,,clean,automatic,sedan,,,Burnaby,,
2013 Nissan GT-R R35 Properly Tuned!! Shoots FLAMES!,119999,"91,923",1,https://www.craigslist.org/view/d/surrey-south-2013-nissan-gt-r35/118ZokVqBSPYh9VWtxL9Y3,like new,gas,grey,clean,automatic,,6 cylinders,4wd,South Surrey/White Rock,,"$1,399"
2018 Toyota Corolla LE | Upgrade Package | No Accidents,19800,"116,887",1,https://www.craigslist.org/view/d/burnaby-2018-toyota-corolla-le-upgrade/gBXYDkNHuzzLvLkxiTDxZL,,gas,,clean,automatic,sedan,,,Burnaby,,
"2024 Ford F-150 XLT 4WD SuperCrew 5.5' Box: 1-OWNER, NO ACCIDENTS",46499,"73,058",1,https://www.craigslist.org/view/d/surrey-lower-west-2024-ford-150-xlt-4wd/gJzfqmpEgDVAC5tbAw1ngp,excellent,gas,black,clean,automatic,pickup,6 cylinders,4wd,FINANCE: $334 B/W+TAX *OAC!,,
2021 Tesla Model 3 Long Range | Backup Camera | Regenerative Braking,32999,"109,006",1,https://www.craigslist.org/view/d/burnaby-2021-tesla-model-long-range/oF4Lf14mu9e9mHGiFE7mXt,,electric,,clean,automatic,sedan,,,Burnaby,,
"2024 Polestar 2 Long Range Dual Motor Hatchback: LOCAL, LOW LOW KMS",34999,"18,555",1,https://www.craigslist.org/view/d/surrey-lower-west-2024-polestar-long/sknk9QruhFK65Qyjz7Ebkj,excellent,electric,black,clean,automatic,hatchback,,4wd,FINANCE: $251 B/W+TAX *OAC!,,
2018 Honda CR-V Touring | Rearview Camera | Power Moonroof |,23800,"136,813",1,https://www.craigslist.org/view/d/burnaby-2018-honda-cr-touring-rearview/epnxS6wdEZKzGaNZJpN3bB,,gas,,clean,automatic,SUV,,4wd,Burnaby,,
"2021 Jeep Compass Altitude 4x4 SUV: LEATHER/HEATED SEATS, LOW KMS",21799,"68,698",1,https://www.craigslist.org/view/d/surrey-lower-west-2021-jeep-compass/99mmvsQwS6BSd9SHNitXJ5,excellent,gas,black,clean,automatic,SUV,4 cylinders,4wd,FINANCE: $204 B/W+TAX *OAC!,,
1989 Dodge D100 & W100 D100 | FREE 3000 KM WARRANTY,7980,"160,214",1,https://www.craigslist.org/view/d/vancouver-1989-dodge-d100-w100-d100/s7xBJ7LsW3m2fRzoDRtFHa,excellent,gas,black,clean,automatic,pickup,6 cylinders,rwd,Vancouver BC,1B7FE06X9KS128700,
"2013 Mazda Mazda5 4dr Wgn Auto GT, FREE 10,000 KM WARRANTY",7480,"207,274",1,https://www.craigslist.org/view/d/vancouver-2013-mazda-mazda5-4dr-wgn/vcKWW7hyns8h1vZu8keVFG,excellent,gas,grey,clean,automatic,van,4 cylinders,fwd,Vancouver BC,JM1CW2DLXD0153034,
"2014 Ford Focus 5dr HB Titanium | FREE 3,000 KM WARRANTY",7980,"129,891",1,https://www.craigslist.org/view/d/vancouver-2014-ford-focus-5dr-hb/oESFKAPiiHMgEDezMuD4nn,excellent,gas,black,clean,automatic,hatchback,4 cylinders,fwd,Vancouver BC,1FADP3N20EL113600,
"2014 Ford Escape SE | FREE 3,000 KM WARRANTY",4480,"277,998",1,https://www.craigslist.org/view/d/vancouver-2014-ford-escape-se-free-3000/tXKb2uXPm2NrMQhu4Htoa4,excellent,gas,grey,clean,automatic,SUV,4 cylinders,fwd,Vancouver BC,1FMCU0G93EUC32934,
2017 Jeep Patriot 75TH | FREE 3000 KM COMPREHENSIVE LUBRICO WARRANTY!,6980,"227,733",1,https://www.craigslist.org/view/d/vancouver-2017-jeep-patriot-75th-free/qjLoPz9jA4W8XcjwPuXmaj,excellent,gas,black,clean,automatic,SUV,4 cylinders,4wd,Vancouver BC,1C4NJRAB8HD133908,
2013 MINI Cooper Countryman John Cooper Works | FREE 5000 KM WARRANTY,9480,"178,701",1,https://www.craigslist.org/view/d/vancouver-2013-mini-cooper-countryman/vNyYPJcc9a7ZSgWSPubhim,excellent,gas,white,clean,manual,SUV,4 cylinders,4wd,Vancouver BC,WMWXD1C54DWM28704,
"2004 BMW 3-Series 4dr Sdn RWD 320i | FREE 5,000 KM WARRANTY",5980,"100,551",1,https://www.craigslist.org/view/d/vancouver-2004-bmw-series-4dr-sdn-rwd/4kbznzgD8NA2xM1xToBTef,excellent,gas,black,clean,automatic,sedan,6 cylinders,rwd,Vancouver BC,WBAEV13424KL22531,
"2015 MINI Cooper 3dr HB | Iconic MINI Styling | FREE 5,000 KM WARRANTY",8980,"177,548",1,https://www.craigslist.org/view/d/vancouver-2015-mini-cooper-3dr-hb/2143k3x44zxCxCzrQoW117,excellent,gas,red,clean,manual,hatchback,3 cylinders,fwd,Vancouver BC,WMWXM5C57FT973095,
"2025 Mercedes-Benz CLA 250 4MATIC Coupe: 50K KMS ONLY, NO ACCIDENTS",36499,"50,387",1,https://www.craigslist.org/view/d/surrey-lower-west-2025-mercedes-benz/a24xHdGPuGdqRe1Yf3TbWu,excellent,gas,white,clean,automatic,SUV,4 cylinders,4wd,FINANCE: $266 B/W+TAX *OAC!,,
"2019 Ram 1500 Tradesman 4x4 Crew Cab 6'4"" Box | FREE 3000 KM WARRANTY",19980,"196,769",1,https://www.craigslist.org/view/d/vancouver-2019-ram-1500-tradesman-4x4/fkKUduh5Yf3c9GU3evY3Uy,excellent,gas,blue,clean,automatic,pickup,8 cylinders,4wd,Vancouver BC,1C6SRFNTXKN775357,
2022 Mitsubishi RVR ES | Low KM | AWD | SUV | No Accident History,20800,"27,054",1,https://www.craigslist.org/view/d/burnaby-2022-mitsubishi-rvr-es-low-km/igCf845RynE7Q7WqPysUjm,,gas,,clean,automatic,SUV,,,Burnaby,,
"2026 Jeep Cherokee Laredo 4x4 SUV: NO ACCIDENTS, LIKE BNEW!",39777,"1,211",1,https://www.craigslist.org/view/d/surrey-lower-west-2026-jeep-cherokee/9ZX1ymKQMCb5z3V7fKTp86,like new,hybrid,black,clean,automatic,SUV,4 cylinders,4wd,FINANCE: $259 B/W+TAX *OAC!,,
No Accidents | 2018 Toyota 4Runner | Low Kilometres,40900,"140,477",1,https://www.craigslist.org/view/d/burnaby-no-accidents-toyota-4runner-low/iRPBDcskNri6hdk5hckoHd,excellent,gas,black,clean,automatic,SUV,6 cylinders,4wd,14718,JTEBU5JR0J5563136,
2013 Mazda Mazda3 Grand Touring GT |FREE 3000 LUBRICO WARRANTY!!,8980,"197,547",1,https://www.craigslist.org/view/d/vancouver-2013-mazda-mazda3-grand/sLzEEJJFLFrvAKqt6YJX3z,excellent,gas,black,clean,automatic,sedan,4 cylinders,4wd,Vancouver BC,JM1BL1W59D1721247,
"2024 Ford F-150 XLT 4WD SuperCrew 5.5' Box: 33K KMS, NO ACCIDENTS",49999,"33,698",1,https://www.craigslist.org/view/d/surrey-lower-west-2024-ford-150-xlt-4wd/4KBYbWQU6JGziNpAJzQDeY,excellent,gas,grey,clean,automatic,pickup,6 cylinders,4wd,FINANCE: $359 B/W+TAX *OAC!,,
2019 Ford F-150 Lariat | 4X4 | Clean Title | 2.7L 6Cyl,37900,"114,949",1,https://www.craigslist.org/view/d/burnaby-2019-ford-150-lariat-4x4-clean/mqKqfSC39TUNxMfc3bsXdc,excellent,gas,grey,clean,automatic,pickup,6 cylinders,4wd,14720,1FTEW1EP7KFB05960,
2025 Dodge Durango SRT Hellcat Brass Monkey SUV ▪ ULTRA LOW KMS!,127999,"3,718",1,https://www.craigslist.org/view/d/surrey-lower-west-2025-dodge-durango/5Fa7baJEQwSNu69Je5V4Qp,excellent,gas,black,clean,automatic,SUV,8 cylinders,4wd,FINANCE: $919 B/W+TAX *OAC!,,
No Accidents | 2023 Nissan Qashqai SV,23999,"71,124",1,https://www.craigslist.org/view/d/burnaby-no-accidents-nissan-qashqai-sv/9e1fAPhUaDNe7ZTBeQ4Ydb,excellent,gas,black,clean,automatic,SUV,4 cylinders,4wd,14723,JN1BJ1BW5PW102188,
"2025 Ford F-150 STX 4WD SuperCrew 5.5' Box: LOW KMS, NO ACCIDENTS",48999,"21,693",1,https://www.craigslist.org/view/d/surrey-lower-west-2025-ford-150-stx-4wd/aMmsCvQFdP8Xyw6HxqJasa,excellent,gas,white,clean,automatic,pickup,6 cylinders,4wd,FINANCE: $352 B/W+TAX *OAC!,,
* 2024 HYUNDAI IONIQ 5 PREFERRED *****,30500,"12,000",1,https://www.craigslist.org/view/d/new-westminster-northeast-hyundai-ioniq/umvNrNv4VozmnkbytgG4Kj,,electric,white,rebuilt,automatic,SUV,,rwd,burnaby/newwest,KM8KN4DEXRU291650,
2019 Tesla Model 3 Long Range Plus RWD | clean title,29999,"46,604",1,https://www.craigslist.org/view/d/burnaby-2019-tesla-model-long-range/uX5A5eLayBN4mfGpcnfd1G,like new,electric,red,clean,automatic,sedan,other,rwd,14724,5YJ3E1EA8KF407770,
2025 Nissan Rogue SV AWD SUV ▪ LOCAL ▪ NO ACCIDENTS,29499,"54,869",1,https://www.craigslist.org/view/d/surrey-lower-west-2025-nissan-rogue-sv/coAe3i5Ket3HBDCW1tNQue,excellent,gas,grey,clean,automatic,SUV,3 cylinders,4wd,FINANCE: $212 B/W+TAX *OAC!,,
* 2025 HYUNDAI ELANTRA PREFERRED *****,19800,"32,000",1,https://www.craigslist.org/view/d/new-westminster-northeast-hyundai/iiENPynCaFJdakCrCCkHG2,,gas,grey,rebuilt,automatic,sedan,4 cylinders,,burnaby/newwest,KMHLM4DGXSU885525,
* 2026 HONDA CIVIC LX (LESS THAN 4K KMS ONLY) *****,24800,"3,900",1,https://www.craigslist.org/view/d/new-westminster-northeast-honda-civic/8btenssYqhjnDhtY41rhPt,,gas,white,rebuilt,automatic,sedan,4 cylinders,,burnaby/newwest,2HGFE2F25TH107028,
2018 Mitsubishi Mirage ES | Fuel Efficient | Affordable City Car,13800,"98,350",1,https://www.craigslist.org/view/d/burnaby-2018-mitsubishi-mirage-es-fuel/oMkPUoNP3jtnUhTR67UoBR,like new,gas,white,clean,automatic,sedan,3 cylinders,fwd,14721,ML32A3HJ7JH006923,
2017 Subaru Outback 3.6R | Clean Title | Local BC Vehicle,21800,"131,501",1,https://www.craigslist.org/view/d/burnaby-2017-subaru-outback-36r-clean/8YBmY9zKVMWLiCGaxnExHJ,excellent,gas,brown,clean,automatic,SUV,6 cylinders,4wd,14719,4S4BSFLC5H3239027,
2024 Mitsubishi Outlander GT-P S-AWC | Clean Title,35900,"43,430",1,https://www.craigslist.org/view/d/burnaby-2024-mitsubishi-outlander-gt-s/fA7DsXRSAdTbqJp2iTGAf6,like new,gas,green,clean,automatic,SUV,4 cylinders,4wd,PGP082A,JA4J4WA85RZ601780,
"2024 Honda HR-V EX-L Navi AWD CVT SUV: 48K KMS, LOCAL",30799,"48,215",1,https://www.craigslist.org/view/d/surrey-lower-west-2024-honda-hr-ex-navi/p3DptEyXH7j3pYvMXErjZr,excellent,gas,black,clean,automatic,SUV,4 cylinders,4wd,FINANCE: $221 B/W+TAX *OAC!,,
2025 Honda CR-V Hybrid EX-L AWD,44800,"54,457",1,https://www.craigslist.org/view/d/coquitlam-2025-honda-cr-hybrid-ex-awd/fuLpL4DxjwdPuhDWHwRnks,like new,gas,black,clean,automatic,SUV,4 cylinders,4wd,CarMatch,,
2023 Volkswagen Jetta Comfortline ***No accidents***,22800,"53,649",1,https://www.craigslist.org/view/d/coquitlam-2023-volkswagen-jetta/kkV9evL7r3jQD8q1W9RsEs,like new,gas,black,clean,automatic,sedan,4 cylinders,fwd,CarMatch,,
2022 Mitsubishi RVR LE AWC | Clean Title | One Owner,23800,"49,502",1,https://www.craigslist.org/view/d/burnaby-2022-mitsubishi-rvr-le-awc/tkk6AfXYcUgSw2cMmDpJKu,excellent,gas,red,clean,automatic,SUV,4 cylinders,4wd,RSL030A,JA4AJVAWXNU606305,
"2026 Subaru Outback Premier XT AWD SUV ▪ AS NEW ▪ SAVE $5,000!!!",49999,50,1,https://www.craigslist.org/view/d/surrey-lower-west-2026-subaru-outback/qDPyTJQanfr1od9p1NtUwf,like new,gas,green,clean,automatic,SUV,4 cylinders,4wd,FINANCE: $325 B/W+TAX *OAC!,,
2012 Audi A3 2.0T Progressiv | Clean Title | Low Mileage,9999,"132,688",1,https://www.craigslist.org/view/d/burnaby-2012-audi-a3-20t-progressiv/dx7HbgMZa9Guv3jw23hrtY,excellent,gas,black,clean,automatic,sedan,4 cylinders,fwd,14711A,WAUJECFM5CA054441,
2023 Ford F-150 XLT 4WD Pickup • TAILGATE STEP • NO ACCIDENTS,46999,"27,200",1,https://www.craigslist.org/view/d/surrey-east-2023-ford-150-xlt-4wd/4YQXaTuLcW1i3SK7ixpoMw,excellent,gas,black,clean,automatic,pickup,6 cylinders,4wd,FINANCE: $379 B/W+Tax *OAC!,,
2019 Hyundai Santa Fe XL AWD Luxury SUV • NO ACCIDENTS • 6-SEATER!,22199,"44,824",1,https://www.craigslist.org/view/d/surrey-east-2019-hyundai-santa-fe-xl/wkJHxK2qeG4z1JdmLTDzKu,excellent,gas,grey,clean,automatic,SUV,6 cylinders,4wd,FINANCE: $207 B/W+Tax *OAC!,,
2023 Ford F-150 Lightning Platinum • FORDPASS CONNECT • NO ACCIDENTS,73499,"57,757",1,https://www.craigslist.org/view/d/surrey-east-2023-ford-150-lightning/wrdETwn3CgM9pJFaLM6R3M,excellent,electric,black,clean,automatic,pickup,,4wd,FINANCE: $592 B/W+Tax *OAC!,,
2022 Tesla Model 3 Long Range Sedan • NO ACCIDENTS • HEATED SEATS,35699,"83,432",1,https://www.craigslist.org/view/d/surrey-east-2022-tesla-model-long-range/qs7A22SKgzGaSPpu19YUyk,excellent,electric,white,clean,automatic,sedan,,4wd,NO/BAD/NEW CREDIT: ALL WELCOME!,,
2025 Ford Bronco Sport Outer Banks SUV • TECH PACKAGE • LOWEST KMS!,37199,"5,840",1,https://www.craigslist.org/view/d/surrey-east-2025-ford-bronco-sport/6rgdL9Cu8eNJqvLxjef96n,excellent,gas,grey,clean,automatic,SUV,3 cylinders,4wd,NO/BAD/NEW CREDIT: ALL WELCOME!,,
* 2021 FORD MUSTANG GT *****,24800,"57,000",1,https://www.craigslist.org/view/d/new-westminster-ford-mustang-gt/ce83wzv1BayFv5v1i4jLUv,,gas,blue,rebuilt,automatic,coupe,8 cylinders,rwd,"Brunette Ave, New Westminster",1FA6P8CF0M5100098,
* 2025 KIA K4 *****,18800,"31,000",1,https://www.craigslist.org/view/d/new-westminster-northeast-kia-k4/cMxVa3KAMpDs5cEX9nQngW,,gas,grey,rebuilt,automatic,sedan,4 cylinders,,burnaby/newwest,3KPFT4DE4SE053096,
* 2018 CHEVROLET CRUZE LT HATCHBACK (LOW ONLY 16K KMS) *****,12800,"16,000",1,https://www.craigslist.org/view/d/new-westminster-northeast-chevrolet/kLHgH4Yv54UEewoP2C5bq4,,gas,blue,rebuilt,automatic,hatchback,4 cylinders,,burnaby/newwest,3G1BE6SMXJS570555,
* 2020 HONDA CIVIC SPORT COUPE (LOW KMS) *****,17300,"37,000",1,https://www.craigslist.org/view/d/new-westminster-northeast-honda-civic/8ddt1scQVoGXAjzZiwWVne,,gas,white,rebuilt,automatic,coupe,4 cylinders,,burnaby/newwest,2HGFC4B85LH401041,
2022 Tesla Model Y Long Range AWD SUV • HEATED SEATS • NO ACCIDENTS,41499,"85,638",1,https://www.craigslist.org/view/d/surrey-east-2022-tesla-model-long-range/uQ3FnECroQigvf5D87sAr1,excellent,electric,grey,clean,automatic,SUV,,4wd,NO/BAD/NEW CREDIT: ALL WELCOME!,,
2024 Ford F‑150 XL SuperCrew Pickup • BC TRUCK • NO ACCIDENTS,42499,"73,107",1,https://www.craigslist.org/view/d/surrey-east-2024-ford-f150-xl-supercrew/5gHvG8wsSGMTm9msbnvxC2,excellent,gas,white,clean,automatic,pickup,8 cylinders,4wd,FINANCE: $305 B/W+Tax *OAC!,,
2021 Tesla Model 3 Standard Range Plus Sedan •  NO ACCIDENTS • LOW KMS,28899,"69,892",1,https://www.craigslist.org/view/d/surrey-east-2021-tesla-model-standard/uEktGmUUSiXCUwDaXr9Fpt,excellent,electric,white,clean,automatic,sedan,,rwd,FINANCE: $270 B/W+Tax *OAC!,,
2023 Ford Mustang Mach-E Select AWD SUV • 32K KMS • CLEAN CARFAX,34899,"32,607",1,https://www.craigslist.org/view/d/surrey-east-2023-ford-mustang-mach/1AgTmFWJ1AwV8JmMf95N4A,excellent,electric,white,clean,automatic,SUV,,4wd,NO/BAD/NEW CREDIT: ALL WELCOME!,,
2024 Ford Bronco Sport Big Bend 4x4 SUV • BC UNIT • LOW 15K KMS!,28999,"15,865",1,https://www.craigslist.org/view/d/surrey-east-2024-ford-bronco-sport-big/kR96rrcqWp23WShP4xdLP2,excellent,gas,black,clean,automatic,SUV,3 cylinders,4wd,NO/BAD/NEW CREDIT: ALL WELCOME!,,
2023 Ford F-150 Lightning LARIAT 4WD SuperCrew Pickup • NO ACCIDENTS,58199,"113,456",1,https://www.craigslist.org/view/d/surrey-east-2023-ford-150-lightning/kUUxUSPq42XHkVhKyc8EvZ,excellent,electric,grey,clean,automatic,pickup,,4wd,FINANCE: $470 B/W+Tax *OAC!,,
2025 Ford Bronco Sport Outer Banks SUV • LOW LOW KMS • TECH PACKAGE,35999,"15,865",1,https://www.craigslist.org/view/d/surrey-east-2025-ford-bronco-sport/uZuk6BvysDnuNzEzL7MuzA,excellent,gas,grey,clean,automatic,SUV,3 cylinders,4wd,FINANCE: $259 B/W+Tax *OAC!,,
2010 Ford Escape 2009 2008,3900,"333,799",1,https://www.craigslist.org/view/d/port-moody-2010-ford-escape/7HJWJKukiWTA2pEwRGJZ8U,excellent,gas,black,clean,manual,SUV,4 cylinders,4wd,Burrell Auto Group-Port Moody,,
"2025 Ford Mustang Mach-E Premium: SPORT PACKAGE, 16K KMS ONLY!",48999,"16,185",1,https://www.craigslist.org/view/d/surrey-east-2025-ford-mustang-mach/4xAaoQYy9Hf6UUAXoC9tX1,excellent,electric,black,clean,automatic,SUV,,4wd,FINANCE: $352 B/W+Tax *OAC!,,
"2026 Kia Seltos EX AWD SUV: 17K KMS ONLY, NO ACCIDENTS",29999,"17,670",1,https://www.craigslist.org/view/d/surrey-east-2026-kia-seltos-ex-awd-suv/xdMvenRgUdGnBY7hCpzb66,excellent,gas,blue,clean,automatic,SUV,4 cylinders,4wd,FINANCE: $195 B/W+Tax *OAC!,,
2005 Honda Integra Type S,13690,"121,569",1,https://www.craigslist.org/view/d/burnaby-2005-honda-integra-type/gXq2XLboJw26vNqkbk9wYg,excellent,gas,grey,clean,automatic,coupe,4 cylinders,fwd,Burnaby,,
"2026 Mitsubishi Outlander PHEV SUV: ONLY 5,900 KMS, CLEAN CARFAX",57699,"5,982",1,https://www.craigslist.org/view/d/surrey-east-2026-mitsubishi-outlander/tk6fVikSi9enu66BPH43ip,excellent,hybrid,black,clean,automatic,SUV,4 cylinders,4wd,FINANCE: $376 B/W+Tax *OAC!,,
"2022 Ford Maverick LARIAT Pickup: 56K KMS, CLEAN CARFAX",33499,"56,000",1,https://www.craigslist.org/view/d/surrey-east-2022-ford-maverick-lariat/2QLkGKm2m1VkkLHvgWx4JP,excellent,gas,black,clean,automatic,pickup,4 cylinders,4wd,FINANCE: $313 B/W+Tax *OAC!,,
"2021 Ford Edge ST Line AWD SUV: PANORAMIC ROOF, LOCAL",21499,"105,000",1,https://www.craigslist.org/view/d/surrey-east-2021-ford-edge-st-line-awd/p3mkHoFomqePasLsRM7461,excellent,gas,blue,clean,automatic,SUV,4 cylinders,4wd,NO/BAD/NEW CREDIT: ALL WELCOME!,,
"2022 Ford Explorer Limited Max 4WD SUV: LOW KMS, CLEAN CARFAX",37899,"58,000",1,https://www.craigslist.org/view/d/surrey-east-2022-ford-explorer-limited/fzGCvTttU8phmqvS1wDYAT,excellent,gas,black,clean,automatic,SUV,6 cylinders,4wd,FINANCE: $354 B/W+Tax *OAC!,,
2006 Honda Odessey,3300,"167,100",1,https://www.craigslist.org/view/d/coquitlam-2006-honda-odessey/bRTazKomxXcvedDuvEUkWV,good,gas,blue,clean,automatic,van,6 cylinders,fwd,Coquitlam,,
"2025 Ford Maverick XLT AWD Pickup: LOCAL, NO ACCIDENTS",38399,"39,235",1,https://www.craigslist.org/view/d/surrey-east-2025-ford-maverick-xlt-awd/pbRBirELYzb4ut8RAgAj5q,excellent,gas,grey,clean,automatic,pickup,4 cylinders,4wd,FINANCE: $276 B/W+Tax *OAC!,,
2026 Kia Sportage X-Line Limited SUV • NO ACCIDENTS • COOLED SEATS,43199,"11,048",1,https://www.craigslist.org/view/d/surrey-east-2026-kia-sportage-line/awTwLyTHc2Fd7HpybsCFon,excellent,gas,green,clean,automatic,SUV,4 cylinders,4wd,FINANCE: $281 B/W+Tax *OAC!,,
2010 Honda Stepwagon Spada AWD,12990,"100,440",1,https://www.craigslist.org/view/d/burnaby-2010-honda-stepwagon-spada-awd/oydJrCxhV8nHrqWDobHVVc,excellent,gas,black,clean,automatic,minivan,4 cylinders,4wd,Burnaby,,
2024 Mazda CX-50  GT w/Turbo SUV • 20 INCH WHEELS • LOW KMS,35999,"56,232",1,https://www.craigslist.org/view/d/surrey-east-2024-mazda-cx-50-gt-turbo/7RXmTG121DpRi13pywxAxW,excellent,gas,grey,clean,automatic,SUV,4 cylinders,4wd,FINANCE: $258 B/W+Tax *OAC!,,
2010 Honda CR-Z Hybrid,11990,"62,500",1,https://www.craigslist.org/view/d/burnaby-2010-honda-cr-hybrid/qkpiwcdJgL7MymbY4je5tk,excellent,hybrid,blue,clean,automatic,hatchback,4 cylinders,fwd,Burnaby,,
2006 Volkswagen Jetta 4dr 1.9L TDI 2005 2004,3900,"281,799",1,https://www.craigslist.org/view/d/port-moody-2006-volkswagen-jetta-4dr/rmQeEvSmD6MLMLaN3KttM6,excellent,diesel,black,clean,automatic,sedan,4 cylinders,fwd,Burrell Auto Group-Port Moody,,
2002 Jeep Liberty 4dr Sport 4WD,3900,"231,561",1,https://www.craigslist.org/view/d/port-moody-2002-jeep-liberty-4dr-sport/7vXwwjN5pYgVMdu7aUaMK2,excellent,gas,red,clean,automatic,SUV,6 cylinders,4wd,Burrell Auto Group-Port Moody,,
"2020 Hyundai Kona Ultimate, AWD, NO ACCIDENT",18269,"112,015",1,https://www.craigslist.org/view/d/surrey-2020-hyundai-kona-ultimate-awd/vjoQDsNiy3K9xYhZS6n77u,excellent,gas,red,clean,automatic,SUV,4 cylinders,4wd,Surrey,KM8K5CA51LU420610,
Mint 2012 E92 BMW M3 N/A V8! 56kms,58999,"56,329",1,https://www.craigslist.org/view/d/surrey-south-mint-2012-e92-bmw-m3-a-v8/hHwWAaFgYhNo5Qj3dK1RKr,like new,gas,blue,clean,automatic,convertible,8 cylinders,rwd,South Surrey/White Rock,,
TOYOTA TACOMA ACCESS CAB 4WD,25800,"112,578",1,https://www.craigslist.org/view/d/vancouver-toyota-tacoma-access-cab-4wd/chiAEF7vtivYvkXorFMJea,excellent,gas,,clean,automatic,pickup,6 cylinders,4wd,VANCOUVER,,
2022 Volkswagen Tiguan COMFORTLINE ( VW CERTIFIED ),24857,"51,000",1,https://www.craigslist.org/view/d/port-moody-2022-volkswagen-tiguan/m6mq5iknTPSnARttmvuF1G,like new,gas,custom,clean,automatic,SUV,,4wd,city of vancouver,3VV2B7AX1NM134321,
2021 RAM 1500 LIMITED,48888,"87,500",1,https://www.craigslist.org/view/d/port-moody-2021-ram-1500-limited/tzryaZRZrc3rsaHYYrWbWF,like new,gas,blue,clean,automatic,truck,,fwd,city of vancouver,1C6SRFHT9MN505387,
2026 Volkswagen Jetta Trendline ( BRAND NEW ),28540,20,1,https://www.craigslist.org/view/d/port-moody-2026-volkswagen-jetta/m6LXVnT8522S5XoAMG55BR,new,gas,black,clean,automatic,sedan,,fwd,city of vancouver,3VWCW7BU3TM013716,
2021 Volkswagen Atlas 2021 ATLAS HIGHLINE 7 SEATER ( 0% FINANCING AVAI,30688,"89,600",1,https://www.craigslist.org/view/d/port-moody-2021-volkswagen-atlas-2021/iVQzNMhk4caqTd8AHbs758,like new,gas,custom,clean,automatic,SUV,,4wd,city of vancouver,1V2BR2CA3MC573525,
2026 Volkswagen Jetta Trendline Auto,30500,20,1,https://www.craigslist.org/view/d/port-moody-2026-volkswagen-jetta/pqjudBjTbxt8u7zH7KRBmr,new,gas,custom,clean,automatic,sedan,,fwd,city of vancouver,3VWCW7BU3TM049745,
2025 Volkswagen ID. Buzz 1st Edition 4MOTION w/Two-Tone,63990,50,1,https://www.craigslist.org/view/d/port-moody-2025-volkswagen-id-buzz-1st/snKHoHykFSVuMbdMpKDadX,new,electric,custom,clean,automatic,minivan,,4wd,city of vancouver,WVG6YVEB2SH037223,
2022 Volkswagen Tiguan COMFORTLINE ( CERTIFIED ),24688,"72,000",1,https://www.craigslist.org/view/d/port-moody-2022-volkswagen-tiguan/pVJD1dxhHs3Wbj5B2xp5GM,like new,gas,silver,clean,automatic,SUV,,4wd,city of vancouver,3VV2B7AX5NM080506,
2026 Volkswagen Tiguan HIGHLINE R-LINE,53195,50,1,https://www.craigslist.org/view/d/port-moody-2026-volkswagen-tiguan/gUMVgnEaiWaRMND3ty8QVK,new,gas,custom,clean,automatic,SUV,,4wd,city of vancouver,3VVUW7RM1TM075744,
2017 Toyota Highlander XLE AWD | Accident Free | 8-Seater | Leather,27500,"140,126",1,https://www.craigslist.org/view/d/langley-2017-toyota-highlander-xle-awd/s3W5HgV8mn1YbU3mha6dzy,good,gas,silver,clean,automatic,SUV,6 cylinders,4wd,Call or Text Austin @DealerShift,5TDJZRFH0HS507470,
2009 Nissan Rogue SL 2010 2008,2900,"369,840",1,https://www.craigslist.org/view/d/port-moody-2009-nissan-rogue-sl/sTwaut8VHMrq5EopzbYXfT,excellent,gas,grey,clean,automatic,SUV,4 cylinders,4wd,Burrell Auto Group-Port Moody,,
2026 Volkswagen Tiguan Comfortline R-Line Black 4MOTION,46695,30,1,https://www.craigslist.org/view/d/port-moody-2026-volkswagen-tiguan/562STeuCkFDMYHT9EuZS1e,new,gas,black,clean,automatic,SUV,,4wd,city of vancouver,3VVGR7RM5TM010903,
2021 Toyota Highlander Hybrid Limited AWD | 1-Owner | Accident Free,47500,"77,200",1,https://www.craigslist.org/view/d/langley-2021-toyota-highlander-hybrid/jwTWCAmKFPYL1gQEaLWpQy,good,hybrid,white,clean,automatic,SUV,4 cylinders,4wd,Call or Text Austin @DealerShift,5TDDBRCH5MS040322,
2025 Volkswagen Tiguan TRENDLINE AWD,37690,"5,000",1,https://www.craigslist.org/view/d/port-moody-2025-volkswagen-tiguan/q91jhNvzciDiLukv8Uotek,new,gas,white,clean,automatic,SUV,,4wd,city of vancouver,3VVBR7RM1SM035533,
2025 Honda CR-V Hybrid EX-L AWD,44800,"54,457",1,https://www.craigslist.org/view/d/coquitlam-2025-honda-cr-hybrid-ex-awd/eLaFqesgaxGELpguizEiqB,like new,gas,black,clean,automatic,SUV,4 cylinders,4wd,CarMatch,,
2024 Hyundai Kone Electric Ultimate | One Owner | No Accidents,42991,"6,500",1,https://www.craigslist.org/view/d/surrey-2024-hyundai-kone-electric/aourAnWjxuv96nzfN3gibz,excellent,electric,,clean,automatic,,,fwd,delta/surrey/langley,,
2024 Kia Seltos LX AWD,24000,"63,600",1,https://www.craigslist.org/view/d/port-moody-2024-kia-seltos-lx-awd/stMr7YSw5Tj9xGNhTCQJYL,like new,gas,black,clean,automatic,SUV,,4wd,city of vancouver,KNDEUCAA3R7622261,
2026 VOLKSWAGEN GOLF R BLACK EDITION ( BRAND NEW ),60640,30,1,https://www.craigslist.org/view/d/port-moody-2026-volkswagen-golf-black/qpkKD4kYcxZoWxqk3VLv4W,new,gas,custom,clean,automatic,hatchback,,4wd,city of vancouver,WVWKF7CDXTW237305,
2025 ATLAS EXECLINE R-LINE ( VW CERTIFIED ),53289,"29,000",1,https://www.craigslist.org/view/d/port-moody-2025-atlas-execline-line-vw/bodpRLdpLpCHnHt2UCQHRT,like new,gas,silver,clean,automatic,SUV,,4wd,city of vancouver,1V2FR2CA5SC517889,
2015 Subaru Forester limited,11995,"161,078",1,https://www.craigslist.org/view/d/delta-2015-subaru-forester-limited/fJNZvdshU2qrkYLjfy7KPG,like new,gas,blue,clean,automatic,SUV,4 cylinders,4wd,Vancouver,,
2025 Audi Q3 45 SLINE ( NBO ACCIDENT ),43888,"36,150",1,https://www.craigslist.org/view/d/port-moody-2025-audi-q3-45-sline-nbo/mkfdwG8zteepTUAebmM9Xm,like new,gas,black,clean,automatic,SUV,,4wd,city of vancouver,WA1EECF3XS1076679,
2026 VOLKSWAGEN GOLF GTI AUTOBAHN ( BRAND NEW ),44340,30,1,https://www.craigslist.org/view/d/port-moody-2026-volkswagen-golf-gti/53ZpDzv4ZAwifx7WJQmmHu,new,gas,custom,clean,automatic,other,,fwd,city of vancouver,WVWRE7CD5TW224978,
2017 bmw xDRIVE 35i,21488,"82,500",1,https://www.craigslist.org/view/d/port-moody-2017-bmw-xdrive-35i/uV63VtVxNn2PSqgFD5T4PH,like new,gas,custom,clean,automatic,SUV,,4wd,city of vancouver,5UXWX7C3XH0U43870,
2013 BMW X3 xDrive 28i,9737,"148,800",1,https://www.craigslist.org/view/d/port-moody-2013-bmw-x3-xdrive-28i/a1v4cWoqJMpjgugfq8Eidg,like new,gas,silver,clean,automatic,SUV,,4wd,city of vancouver,5UXWX9C55D0D02800,
2023 Volkswagen Atlas Cross Sport Execline  R-Line 4MOTION,33488,"96,777",1,https://www.craigslist.org/view/d/port-moody-2023-volkswagen-atlas-cross/ip7V3F3fBm1EiMmCXfaefE,like new,gas,white,clean,automatic,SUV,,4wd,city of vancouver,1V2FE2CA9PC201527,
2007 Honda CR-V EX CRV 2006 2005,5900,"282,904",1,https://www.craigslist.org/view/d/port-moody-2007-honda-cr-ex-crv/urPZMn5n59bJy1MtML7yzX,excellent,gas,blue,clean,automatic,SUV,4 cylinders,4wd,Burrell Auto Group-Port Moody,,
2018 Jeep Wrangler JK Unlimited Rubicon,26588,"102,500",1,https://www.craigslist.org/view/d/port-moody-2018-jeep-wrangler-jk/iYmoZzeRKbrBWqzSwZya8B,like new,gas,white,clean,automatic,SUV,,fwd,city of vancouver,1C4HJWFGXJL915896,
2009 Nissan Rogue S 2010 2008,3900,"233,152",1,https://www.craigslist.org/view/d/port-moody-2009-nissan-rogue/9WJUS5oxz6rWCD63nvwHHd,excellent,gas,grey,clean,automatic,SUV,4 cylinders,fwd,Burrell Auto Group-Port Moody,,
2007 Nissan Caravan Turbo Diesel,16990,"61,370",1,https://www.craigslist.org/view/d/burnaby-2007-nissan-caravan-turbo-diesel/uTVnCAFok4qn7toq4BYze2,excellent,diesel,white,clean,automatic,van,4 cylinders,rwd,Burnaby,,
2026 Chevrolet Silverado 1500 HIGH COUNTRY 6.2 V8 GAS NEW NEW LTZ,86805,25,1,https://www.craigslist.org/view/d/vancouver-2026-chevrolet-silverado-1500/tSUTAX9B7UE2cvf6ZVhQnf,new,gas,black,clean,automatic,pickup,8 cylinders,4wd,vancouver,,
2021 GMC CANYON AT4 WHITE 3.6 V6 4x4 Leather clean,36880,"88,400",1,https://www.craigslist.org/view/d/vancouver-2021-gmc-canyon-at4-white-36/xmefqQQEJj4yvM9z7orRbn,excellent,gas,white,clean,automatic,pickup,6 cylinders,4wd,vancouver,,
2015 Jeep Cherokee 4WD North,11961,"87,500",1,https://www.craigslist.org/view/d/port-moody-2015-jeep-cherokee-4wd-north/fpdbYm71sKckRNzqLHLKBm,like new,gas,white,clean,automatic,SUV,,fwd,city of vancouver,1C4PJMCB8FW744760,
2026 Chevrolet Silverado 1500 TRAIL BOSS  Z71 WHITE 6.6 feet box NEW,58890,50,1,https://www.craigslist.org/view/d/vancouver-2026-chevrolet-silverado-1500/8n7Gq1CsbyoSnAZ4uaBkNy,new,gas,white,clean,automatic,pickup,4 cylinders,4wd,Vancouver,,
2026 Chevrolet Silverado 1500 CREW CAB 4x4 NEW  6.6 feet box,55780,25,1,https://www.craigslist.org/view/d/vancouver-2026-chevrolet-silverado-1500/rzKKD5L6eFwA5TSywGhwbn,new,gas,white,clean,automatic,pickup,4 cylinders,4wd,vancouver,,
2025 GMC SAVANA 5 passenger van extended wheel base cargo V6 NEW,65674,25,1,https://www.craigslist.org/view/d/vancouver-2025-gmc-savana-passenger-van/qZLJhBwcfH5LWngB45j3Yy,new,gas,white,clean,automatic,truck,6 cylinders,rwd,Vancouver,,
"2023 Chevrolet Trailblazer AWD 43.000 km Clean, no accidents, local",21789,"43,800",1,https://www.craigslist.org/view/d/vancouver-2023-chevrolet-trailblazer/4YU6rT4wYniKTi1Sd78Gsd,excellent,gas,grey,clean,automatic,SUV,3 cylinders,4wd,vancouver,KL79MNSL5PB196884,
"2022 FORD MUSTANG MACH E GT PERFORMANCE edition AWD 27,000 km LIKE NEW",43794,"27,000",1,https://www.craigslist.org/view/d/vancouver-2022-ford-mustang-mach-gt/h5y9YH15gLPxuaKM5Vt9PU,like new,electric,yellow,clean,automatic,SUV,other,4wd,vancouver,3FMTK4SX8NMA04306,
"2023 JEEP Grand Cherokee SUMMIT RESERVE only 29,000 km",56630,"29,000",1,https://www.craigslist.org/view/d/vancouver-2023-jeep-grand-cherokee/tbuM4H7QohZQ1uwgwRhLyb,excellent,gas,white,clean,automatic,SUV,6 cylinders,4wd,vancouver,1C4RJHEG4P8844790,
"2023 JEEP GLADIATOR RUBICON 47,000 km LIKE NEW",44990,"47,500",1,https://www.craigslist.org/view/d/vancouver-2023-jeep-gladiator-rubicon/5pbYhnzSufQ2pwaSr8WFFF,like new,gas,grey,clean,automatic,pickup,6 cylinders,4wd,vancouver,1C6JJTBG7PL534948,
2026 Chevrolet Silverado 1500 Trail Boss PREMIUM LT silver NEW,72751,25,1,https://www.craigslist.org/view/d/vancouver-2026-chevrolet-silverado-1500/p37YZoNnsAXAJZRsb9Xx7W,new,gas,grey,clean,automatic,pickup,8 cylinders,4wd,vancouver,,
2013 Toyota Venza LOCAL BC VEHICLE. ONE OWNER.,15800,"141,241",1,https://www.craigslist.org/view/d/richmond-2013-toyota-venza-local-bc/p7bQfdFPVGBJvsh9KTgahx,excellent,gas,grey,clean,automatic,SUV,4 cylinders,,Richmond,4T3BA3BB9DU042741,
2006 Toyota Matrix XR 5MT. LOCAL BC VEHICLE. NO ACCIDENT. TRUE KMS UNK,2999,"299,999",1,https://www.craigslist.org/view/d/richmond-2006-toyota-matrix-xr-5mt/1Q83qax7j7mYDL62XsBFJx,good,gas,grey,clean,manual,hatchback,4 cylinders,fwd,Richmond,2T1KR32E36C615097,
2014 BMW X5 35i xDrive. LOCAL BC VEHICLE. ONE OWNER. FULL SERVICE RECO,15499,"131,797",1,https://www.craigslist.org/view/d/richmond-2014-bmw-x5-35i-xdrive-local/gnAiaK7QA3gBd8kV1Uewak,excellent,gas,white,clean,automatic,SUV,6 cylinders,4wd,Richmond,5UXKR0C57E0C27975,
2010 Lexus IS IS 350 Convertible. LOCAL BC VEHICLE. SERVICE DONE.,19999,"192,172",1,https://www.craigslist.org/view/d/richmond-2010-lexus-is-is-350/4yBQmHCHKcScghEKHp4PdS,excellent,gas,white,clean,automatic,convertible,6 cylinders,rwd,Richmond,JTHFE2C26A2501144,
2018 BMW 5-Series 530i xDrive. LOCAL BC VEHICLE. M SPORT PACKAGE. LOW,29999,"43,487",1,https://www.craigslist.org/view/d/richmond-2018-bmw-series-530i-xdrive/a5Y5DdpgGiUMGk7RfQLXuH,excellent,gas,,clean,automatic,sedan,4 cylinders,4wd,Richmond,WBAJA7C56JWA71722,
"2026 GMC YUKON DENALI RESERVE BLACK NIGHTFALL edition 24"" wheels",128750,25,1,https://www.craigslist.org/view/d/vancouver-2026-gmc-yukon-denali-reserve/1FvKXQVaWoCveqjXauKYc2,new,gas,black,clean,automatic,SUV,8 cylinders,4wd,vancouver,,
2024 Volkswagen Taos HIGHLINE ( VW CERTIFIED ),27888,"42,800",1,https://www.craigslist.org/view/d/port-moody-2024-volkswagen-taos/aHaiH5jynzg1FxAc9RFiGu,like new,gas,custom,clean,automatic,SUV,,4wd,city of vancouver,3VV4X7B20RM026386,
2009 Toyota Matrix S 2.4L. LOCAL BC VEHICLE. ALL-WHEEL DRIVE TRIM.,8999,"185,575",1,https://www.craigslist.org/view/d/richmond-2009-toyota-matrix-24l-local/gKhBHkVBoJjydw7BKbwDv6,excellent,gas,silver,clean,automatic,hatchback,4 cylinders,4wd,Richmond,2T1LE40E69C004901,
2009 Hyundai Tucson V6 Limited. LOCAL BC VEHICLE. LOW ON MILEAGE. SERV,6999,"113,353",1,https://www.craigslist.org/view/d/richmond-2009-hyundai-tucson-v6-limited/9cTdbKuQ3ycTh1456GuZBY,,gas,black,clean,automatic,SUV,6 cylinders,4wd,Richmond,KM8JM72D39U110236,
2010 Toyota Matrix LOCAL BC VEHICLE. LOW KILOMETRES.,13800,"132,021",1,https://www.craigslist.org/view/d/richmond-2010-toyota-matrix-local-bc/ee95exEXmEJEPyQkRUzVgX,excellent,gas,silver,clean,automatic,hatchback,4 cylinders,fwd,Richmond,2T1KU4EE4AC356547,
"2012 Toyota Corolla LOCAL BC VEHICLE. 66,903 KM ONLY.",13999,"66,903",1,https://www.craigslist.org/view/d/richmond-2012-toyota-corolla-local-bc/8oaFBQ9YYToNmkU4MTSFfp,excellent,gas,silver,clean,automatic,sedan,4 cylinders,fwd,Richmond,2T1BU4EE9CC850521,
2011 Toyota Matrix S. LOCAL BC VEHICLE.,12999,"157,141",1,https://www.craigslist.org/view/d/richmond-2011-toyota-matrix-local-bc/au3SVVRD5pGJonckr17jpv,excellent,gas,white,clean,automatic,hatchback,4 cylinders,fwd,Richmond,2T1KU4EE3BC538810,
2017 Infiniti QX70 LOCAL BC VEHICLE. SERVICE DONE.,21999,"163,832",1,https://www.craigslist.org/view/d/richmond-2017-infiniti-qx70-local-bc/g3QPQxGeVzTFYVS2sVFDzZ,excellent,gas,white,clean,automatic,SUV,6 cylinders,4wd,Richmond,JN8CS1MW3HM410800,
2012 Hyundai Tucson GL.BC LOCAL VEHICLE. ONE OWNER. NO ACCIDENTS. FULL,9999,"146,881",1,https://www.craigslist.org/view/d/richmond-2012-hyundai-tucson-glbc-local/3FoMCXhoQeTuCD6FDKqEy9,excellent,gas,black,clean,automatic,SUV,4 cylinders,4wd,Richmond,KM8JTCAC3CU496135,
2026 Volkswagen Jetta GLI Autobahn ( BRAND NEW ),37945,30,1,https://www.craigslist.org/view/d/port-moody-2026-volkswagen-jetta-gli/kzNEbfUnKVG87RGTCevYuK,like new,gas,custom,clean,automatic,sedan,,fwd,city of vancouver,3VW2M7BU8TM059639,
2022 Hyundai Santa Fe Luxury AWD,27300,"113,500",1,https://www.craigslist.org/view/d/port-moody-2022-hyundai-santa-fe-luxury/ppTeRCGZYL9UrLrWw4wUQ5,like new,gas,black,clean,automatic,SUV,,4wd,city of vancouver,KM8S5DA1XNU025833,
SOLD 2015 Acura RLX SH-AWD Sport Hybrid | Dealer Serviced,27500,"57,255",1,https://www.craigslist.org/view/d/langley-sold-2015-acura-rlx-sh-awd/cn9FjbUGiDU9NtnmG4prNo,excellent,hybrid,black,clean,automatic,sedan,6 cylinders,4wd,Call or Text Austin @DealerShift,JH4KC2F93FC800010,
2010 Subaru Outback 2.5i Sport. LOCAL BC VEHICLE. LIMITED PACKAGE.,5800,"268,756",1,https://www.craigslist.org/view/d/richmond-2010-subaru-outback-25i-sport/7aHXZJZBgoZnPkZokJSqV5,,gas,grey,clean,automatic,wagon,4 cylinders,4wd,Richmond,4S4BRGKC2A3341152,
2018 BMW X5 35i xDrive. LOCAL BC VEHICLE. ONE OWNER. SECOND SET OF TIR,21999,"121,639",1,https://www.craigslist.org/view/d/richmond-2018-bmw-x5-35i-xdrive-local/3jbzJ5TDWLD2Q2w3Fi9NvK,excellent,gas,blue,clean,automatic,SUV,6 cylinders,4wd,Richmond,5UXKR0C50J0Y01467,
2016 Mazda Mazda3 Sport GS. LOCAL BC VEHICLE. LOW KILOMETRES.,14999,"81,903",1,https://www.craigslist.org/view/d/richmond-2016-mazda-mazda3-sport-gs/4cRhLDEZhPBAYwo3LkSXxW,excellent,gas,white,clean,automatic,hatchback,4 cylinders,fwd,Richmond,3MZBM1L72GM291424,
2012 Nissan Murano SL. LOCAL BC VEHICLE.,7999,"129,360",1,https://www.craigslist.org/view/d/richmond-2012-nissan-murano-sl-local-bc/p2obw25UHajtrSimXTTJHm,excellent,gas,black,clean,automatic,SUV,6 cylinders,,Richmond,JN8AZ1MW1CW233552,
2019 Kia Sorento LX AWD. BC LOCAL VEHICLE.,13999,"116,155",1,https://www.craigslist.org/view/d/richmond-2019-kia-sorento-lx-awd-bc/smTATJbKMsvrngr4SdLaEi,excellent,gas,white,clean,automatic,SUV,4 cylinders,4wd,Richmond,5XYPGDA35KG468345,
2013 Ford Edge Limited. LOW KILOMETRES. RUNS GOOD.,9999,"134,385",1,https://www.craigslist.org/view/d/richmond-2013-ford-edge-limited-low/i8hgrridUMAteNM8PzDndN,excellent,gas,silver,clean,automatic,SUV,6 cylinders,4wd,Richmond,2FMDK4KCXDBB48117,
2015 Audi Q5 2.0T quattro Progressiv. LOCAL BC VEHICLE.,12999,"129,080",1,https://www.craigslist.org/view/d/richmond-2015-audi-q5-20t-quattro/9AKzjKMShetjR5Kaf4DvPz,excellent,gas,black,clean,automatic,SUV,4 cylinders,,Richmond,WA1LFCFP6FA074845,
Hatchback,7888,"202,280",1,https://www.craigslist.org/view/d/coquitlam-hatchback/pTXFawXuoaf3tg6Ddb5e8F,good,gas,black,clean,automatic,hatchback,4 cylinders,fwd,Coquitlam,JM1BL1L77D1732382,
2022 Ford Escape Titanium Plug-in Hybrid | 1-Owner | Dealer Serviced,27500,"44,190",1,https://www.craigslist.org/view/d/langley-2022-ford-escape-titanium-plug/r2QgeXzo1n3aEzyYURLFog,excellent,hybrid,silver,clean,automatic,SUV,4 cylinders,fwd,Call or Text Austin @DealerShift,1FMCU0LZXNUB05345,
Hatchback,5629,"80,293",1,https://www.craigslist.org/view/d/coquitlam-hatchback/7RmX7A8JSQWkmNXsyf2F1E,good,gas,brown,clean,automatic,hatchback,4 cylinders,fwd,Coquitlam,3C3CFFAR9CT105532,
2020 Honda Civic Sedan Touring CVT - FULLY LOADED!,21495,"129,894",1,https://www.craigslist.org/view/d/burnaby-2020-honda-civic-sedan-touring/kcXdYQnQ8E8NyrZvfr2mce,excellent,gas,grey,clean,automatic,sedan,4 cylinders,fwd,burnaby/newwest,2HGFC1F92LH101619,
"2016 BMW 320i Xdrive Local Clean Title 156,500KM",12900,"156,500",1,https://www.craigslist.org/view/d/burnaby-2016-bmw-320i-xdrive-local/6EtUK8USbzZu7bZz8aTK7X,excellent,gas,blue,clean,automatic,sedan,4 cylinders,4wd,7845 Kingsway Burnaby,WBA8A3C50GK690708,
"2024 Hyundai Santa Fe Luxury AWD SUV: LOCAL, LOW 22K KMS!",37499,"22,315",1,https://www.craigslist.org/view/d/surrey-lower-west-2024-hyundai-santa-fe/hPTS7oK1ZmA3s3BLbgN2jA,excellent,gas,green,clean,automatic,SUV,4 cylinders,4wd,NO/BAD/NEW CREDIT: ALL WELCOME!,,
2026 Jeep Cherokee Limited 4x4 SUV: ALMOST BNEW!!! SAVE $$$,44699,"2,500",1,https://www.craigslist.org/view/d/surrey-lower-west-2026-jeep-cherokee/xbtq2THLCxgUBF2xDCC8xq,like new,gas,red,clean,automatic,SUV,4 cylinders,4wd,FINANCE: $291 B/W+TAX *OAC!,,
"2022 GMC Sierra 1500 4WD Crew Cab 147"" Elevation: NAVI, BC TRUCK",37999,"97,840",1,https://www.craigslist.org/view/d/surrey-lower-west-2022-gmc-sierra-wd/iSzQnGJXAPcqmhPVyJkvzg,excellent,gas,white,clean,automatic,pickup,4 cylinders,4wd,FINANCE: $355 B/W+TAX *OAC!,,
"2025 Mitsubishi Outlander SE PHEV AWD SUV: 7-SEATER, NO ACCIDENTS",42197,"21,517",1,https://www.craigslist.org/view/d/surrey-east-2025-mitsubishi-outlander/hWPZu9sMkPjUehC1ds5jmo,excellent,hybrid,white,clean,automatic,SUV,4 cylinders,4wd,LANGLEY | $364+ Bi-Weekly Financing OAC,,
"2024 Mitsubishi Eclipse Cross AWD SUV: LOW KMS, NO ACCIDENTS!",27297,"31,693",1,https://www.craigslist.org/view/d/surrey-east-2024-mitsubishi-eclipse/cryBGkzBtEYGYEtKexxkqS,excellent,gas,black,clean,automatic,SUV,4 cylinders,4wd,ONLY $224/bw *FINANCING OAC,,
"2025 BMW X5 M60I V8 LOCAL LOADED WITH ONLY 23,000 KMS!",99499,"23,975",1,https://www.craigslist.org/view/d/vancouver-2025-bmw-x5-m60i-v8-local/mxuYZ3pKiSXW7MYb8GxC8P,excellent,gas,black,clean,automatic,SUV,8 cylinders,4wd,LOW LEASE AND FINANCING AVAILABLE!,,
"2019 Mazda Mazda3 GT Auto FWD Sedan: LOCAL, LOW KMS",19999,"51,381",1,https://www.craigslist.org/view/d/surrey-east-2019-mazda-mazda3-gt-auto/upspqvz4tBMe2CQfUBGBX8,excellent,gas,grey,clean,automatic,sedan,4 cylinders,fwd,ONLY $188/bw *FINANCING OAC,,
* 2024 MAZDA 3 MAZDA3 GS *****,20500,"33,000",1,https://www.craigslist.org/view/d/new-westminster-northeast-mazda-mazda3/nFSSNH2X7BCN43byyY1zFh,,gas,white,rebuilt,automatic,sedan,4 cylinders,,burnaby/newwest,JM1BPACM0R1719202,
2022 Cadillac XT5 Premium luxury AWD only 16k KM,39890,"16,067",1,https://www.craigslist.org/view/d/vancouver-2022-cadillac-xt5-premium/uNDasjqHMrJLwC7jumhssP,like new,gas,silver,clean,automatic,SUV,6 cylinders,4wd,vancouver,,
2006 BMW 330i 2005,4900,"202,989",1,https://www.craigslist.org/view/d/port-moody-2006-bmw-330i-2005/jrj3JHvmemoczHpjWPCgrX,excellent,gas,grey,clean,automatic,sedan,6 cylinders,rwd,Burrell Auto Group-Port Moody,,
2018 Mitsubishi Mirage ES  2017 2016,4900,"200,793",1,https://www.craigslist.org/view/d/port-moody-2018-mitsubishi-mirage-es/sKvt4Q8Dg8WxR2DJ76HoLB,excellent,gas,grey,clean,manual,sedan,4 cylinders,fwd,Burrell Auto Group-Port Moody,,
2008 Dodge Avenger SXT,3500,"267,446",1,https://www.craigslist.org/view/d/port-moody-2008-dodge-avenger-sxt/cas56txMkJXHPeRqYrJDzY,excellent,gas,red,clean,automatic,sedan,6 cylinders,fwd,Burrell Auto Group-Port Moody,,
2023 CHEVROLET SILVERADO 3500HD HIGH COUNTRY,77994,"47,621",1,https://www.craigslist.org/view/d/vancouver-2023-chevrolet-silverado/qhwS15ReEAHHN4X67cvV8b,like new,diesel,white,clean,automatic,pickup,8 cylinders,4wd,VANCOUVER,2GC4YVEY1P1723084,
2025 CHEVROLET EQUINOX EV LT,37995,"8,325",1,https://www.craigslist.org/view/d/vancouver-2025-chevrolet-equinox-ev-lt/iZ5StXsYLaWGvbJNJKpxFJ,like new,electric,white,clean,automatic,SUV,,fwd,VANCOUVER,3GN7DLRPXSS200861,
2021 CHEVROLET COLORADO 4WD LT,36994,"88,149",1,https://www.craigslist.org/view/d/vancouver-2021-chevrolet-colorado-4wd-lt/k4nfY4pViV621DcxJpt4La,like new,diesel,grey,clean,automatic,pickup,4 cylinders,4wd,VANCOUVER,1GCPTCE11M1196149,
2016 Volkswagen Golf Trendline | Conv. Pkg | CarPlay | Android Auto,12995,"133,200",1,https://www.craigslist.org/view/d/burnaby-2016-volkswagen-golf-trendline/kg113aMgxL58ezYNaNTckV,excellent,gas,grey,clean,automatic,hatchback,4 cylinders,fwd,Vancouver,3VW917AU1GM060582,
Sedan,11988,"96,291",1,https://www.craigslist.org/view/d/coquitlam-sedan/vX5EGB1RUN3pqwe5DPpYi8,good,gas,silver,clean,automatic,sedan,4 cylinders,fwd,Coquitlam,2T1BU4EE3AC239073,
"2021 Ford Mustang Mach-E Premium AWD SUV: PANO ROOF, NAVI",28387,"105,982",1,https://www.craigslist.org/view/d/surrey-east-2021-ford-mustang-mach/qfoW1KWrh2RsB8z147t7Qh,excellent,electric,white,clean,automatic,SUV,,4wd,ONLY $245/bw *FINANCING OAC,,
"2022 Tesla Model 3 Performance AWD Sedan: 1-OWNER, NO ACCIDENTS",37497,"105,640",1,https://www.craigslist.org/view/d/surrey-east-2022-tesla-model/avdNVzBEQ7hc11stYbShdK,excellent,electric,red,clean,automatic,sedan,,4wd,LANGLEY | $301+ Bi-Weekly Financing OAC,,
"2021 Porsche Macan S AWD SUV: NO ACCIDENTS, LOCAL",44999,"80,000",1,https://www.craigslist.org/view/d/surrey-east-2021-porsche-macan-awd-suv/4H5T4eKRa7c2dcYDCDPYZf,excellent,gas,white,clean,automatic,SUV,6 cylinders,4wd,LANGLEY | $391+ Bi-Weekly Financing OAC,,
"2022 Dodge Charger GT RWD Sedan: PUSH START, BACKUJP CAMERA",24199,"82,211",1,https://www.craigslist.org/view/d/surrey-east-2022-dodge-charger-gt-rwd/biV45xfoRYJqxaf63QTYto,excellent,gas,blue,clean,automatic,sedan,6 cylinders,rwd,LANGLEY | $203+ Bi-Weekly Financing OAC,,
* 2021 FORD ESCAPE SE AWD *****,15500,"44,000",1,https://www.craigslist.org/view/d/ford-escape-se-awd/g8AU8a26zLp5dsqQpFRiqf,,gas,blue,rebuilt,automatic,SUV,3 cylinders,4wd,"Brunette  Ave, New Westminster",1FMCU9G67MUA43955,
* 2023 FORD TRANSIT T-350 T350 HIGH ROOF AWD *****,43500,"52,000",1,https://www.craigslist.org/view/d/ford-transit-350-t350-high-roof-awd/puNSXcCmMPWZmDB6t5fX7P,,gas,white,rebuilt,automatic,van,6 cylinders,4wd,"Brunette  Ave, New Westminster",1FTBF8XG5PKB05155,
* 2022 MAZDA 3 MAZDA3 GS *****,16800,"63,000",1,https://www.craigslist.org/view/d/mazda-mazda3-gs/359ebjyxshaKQHf7BjPYdG,,gas,white,rebuilt,automatic,sedan,4 cylinders,,"Brunette  Ave, New Westminster",JM1BPACL1N1510276,
2008 Nissan Versa 5dr HB 1.8 SL 2007,2900,"241,409",1,https://www.craigslist.org/view/d/port-moody-2008-nissan-versa-5dr-hb-18/5Adj3h7LuNdZTyCSsLVKsg,excellent,gas,black,clean,automatic,hatchback,4 cylinders,fwd,Burrell Auto Group-Port Moody,,
* 2016 NISSAN SENTRA SL (FULLY LOADED) *****,11800,"55,000",1,https://www.craigslist.org/view/d/new-westminster-northeast-nissan-sentra/2P5dEdQpdCgRDkZYphbMvC,,gas,white,rebuilt,automatic,sedan,4 cylinders,,burnaby/newwest,3N1AB7AP9GL650187,
"* 2020 HONDA HR-V HRV LX (COMPACT SUV, LOW KMS) *****",18800,"59,000",1,https://www.craigslist.org/view/d/new-westminster-northeast-honda-hr-hrv/nPHXHyzZZEFWUobt5usuH1,,gas,grey,rebuilt,automatic,SUV,4 cylinders,,burnaby/newwest,3CZRU5H31LM100627,
2024 FORD MUSTANG ECOBOOST PREMIUM,42922,"21,752",1,https://www.craigslist.org/view/d/langley-city-2024-ford-mustang-ecoboost/3AY1DsQkvwKDyXMdQs846P,like new,gas,blue,clean,automatic,coupe,4 cylinders,rwd,delta/surrey/langley,1FA6P8THXR5104135,
2023 JEEP GRAND CHEROKEE 4XE TRAILHAWK,43993,"32,903",1,https://www.craigslist.org/view/d/langley-city-2023-jeep-grand-cherokee/nWNeHT1vVAqiAdCjAiD7pa,like new,hybrid,silver,clean,automatic,SUV,4 cylinders,4wd,delta/surrey/langley,1C4RJYC66P8904109,
2022 Ford T-150 Transit Cargo Van AWD • CLEAN CARFAX • 360 CAMERA,37999,"106,445",1,https://www.craigslist.org/view/d/surrey-east-2022-ford-150-transit-cargo/kYyEYYJ5oMeTqKfWFQyvqi,excellent,gas,white,clean,automatic,van,6 cylinders,4wd,LANGLEY | $273+ Bi-Weekly Financing OAC,,
Used Toyota RAV4 GAS Call Jack 236*858/1182,-1,"99,999",1,https://www.craigslist.org/view/d/burnaby-used-toyota-rav4-gas-call-jack/rCpNY3B9LxaGPuQb2V7dxw,excellent,gas,,clean,automatic,SUV,4 cylinders,4wd,Vancouver,,
2023 Honda Civic EX Sedan • ONLY 10K KMS • BC Vehicle,30999,"10,225",1,https://www.craigslist.org/view/d/surrey-east-2023-honda-civic-ex-sedan/krQu6npA4rftD83TdAjAci,excellent,gas,white,clean,automatic,sedan,4 cylinders,fwd,LANGLEY | $237+ Bi-Weekly Financing OAC,,
2019 Honda CR-V TOURING AWD SUV • LOW KMS • PANOROOF,32197,"45,900",1,https://www.craigslist.org/view/d/surrey-east-2019-honda-cr-touring-awd/jwjaqCk6bWGtDYpSZ346L7,excellent,gas,silver,clean,automatic,SUV,4 cylinders,4wd,LANGLEY | $273+ Bi-Weekly Financing OAC,,
2020 Toyota Highlander LE AWD SUV • 8 SEATER • Clean Carfax,33571,"79,541",1,https://www.craigslist.org/view/d/surrey-east-2020-toyota-highlander-le/9KmGDtiXAdLFWYwVXz5tbf,excellent,gas,white,clean,automatic,SUV,6 cylinders,4wd,LANGLEY | $259+ Bi-Weekly Financing OAC,,
2020 Nissan Rogue SPECIAL EDITION SUV • BLIND SPOT CAM • 1-Owner,15497,"126,000",1,https://www.craigslist.org/view/d/surrey-east-2020-nissan-rogue-special/hLfkARAi5N6XNyxqBRD4er,excellent,gas,grey,clean,automatic,SUV,4 cylinders,4wd,LANGLEY | $133+ Bi-Weekly Financing OAC,,
2021 Toyota RAV4 Prime SE AWD SUV • LOW KMS • Clean Carfax,35798,"108,742",1,https://www.craigslist.org/view/d/surrey-east-2021-toyota-rav4-prime-se/rwegxULYdqMaj5B5hijUdd,excellent,gas,white,clean,automatic,SUV,4 cylinders,4wd,LANGLEY | $273+ Bi-Weekly Financing OAC,,
"2025 Mitsubishi Eclipse Cross ES S-AWC: HEATED SEATS, LOW LOW KMS",26497,"3,075",1,https://www.craigslist.org/view/d/surrey-east-2025-mitsubishi-eclipse/rKAUscoKbZqMiBqPFt3bEd,excellent,gas,grey,clean,automatic,SUV,4 cylinders,4wd,LANGLEY | $238+ Bi-Weekly Financing OAC,,
2020 Honda CR-V BLACK EDITION SUV • NO ACCIDENTS • Low Mileage,31397,"70,329",1,https://www.craigslist.org/view/d/surrey-east-2020-honda-cr-black-edition/9ZgbbCUTomaimXmfnjgBL4,excellent,gas,white,clean,automatic,SUV,4 cylinders,4wd,LANGLEY | $252+ Bi-Weekly Financing OAC,,
1978 Porsche 911 SC Targa,125000,"172,000",1,https://www.craigslist.org/view/d/burnaby-1978-porsche-911-sc-targa/piTjEEboWsty2mwoVEFoxY,excellent,gas,white,clean,manual,coupe,6 cylinders,rwd,Burnaby,,
2022 Toyota Corolla LE Sedan • LOCAL • ADAPTIVE CRUISE CONTROL,19497,"102,448",1,https://www.craigslist.org/view/d/surrey-east-2022-toyota-corolla-le/ouhawemmuzpXW8EKMuNzyS,excellent,gas,grey,clean,automatic,sedan,4 cylinders,fwd,LANGLEY | $175+ Bi-Weekly Financing OAC,,
2022 Toyota Corolla LE Sedan • LOW KMS • Clean Title,22999,"40,265",1,https://www.craigslist.org/view/d/surrey-east-2022-toyota-corolla-le/fByCHrZwRWZA3qhBL9R7s7,excellent,gas,white,clean,automatic,sedan,4 cylinders,fwd,LANGLEY | $189+ Bi-Weekly Financing OAC,,
2011 Subaru Forester AWD,9999,"175,000",1,https://www.craigslist.org/view/d/surrey-2011-subaru-forester-awd/tAFQYhJQN6ozExqKuTdH6y,like new,gas,red,clean,automatic,SUV,4 cylinders,fwd,surrey,,
2013 Ford E-150,13900,"183,000",1,https://www.craigslist.org/view/d/surrey-2013-ford-150/pcEYdfCTDM4shknGDTkCDC,excellent,gas,white,clean,automatic,van,8 cylinders,rwd,surrey,,
2007 Volkswagen Rabbit - LOW KMS !,8999,"96,000",1,https://www.craigslist.org/view/d/surrey-2007-volkswagen-rabbit-low-kms/c1c6gsXCh1jjuxoFNWphgF,like new,gas,white,clean,automatic,hatchback,5 cylinders,fwd,surrey,,
2005 Jeep TJ,12900,"206,000",1,https://www.craigslist.org/view/d/surrey-2005-jeep-tj/gazAqZGX1QBt7uD5K2eYKn,like new,gas,black,clean,manual,SUV,4 cylinders,4wd,surrey,,
2024 Mazda CX-90 PHEV GT AWD SUV • 7 SEATER • Clean Carfax,42672,"57,850",1,https://www.craigslist.org/view/d/surrey-east-2024-mazda-cx-90-phev-gt/iJ3tHXHeEry517g7btm352,excellent,gas,red,clean,automatic,SUV,4 cylinders,4wd,LANGLEY | $343+ Bi-Weekly Financing OAC,,
2015 Honda Civic,12900,"160,000",1,https://www.craigslist.org/view/d/surrey-2015-honda-civic/1HTBCDWyRhbzcBLAxS99aT,like new,gas,custom,clean,automatic,sedan,4 cylinders,fwd,surrey,,
2022 Honda CR-V LX AWD SUV • NO ACCIDENTS • BC LOCAL,29497,"75,340",1,https://www.craigslist.org/view/d/surrey-east-2022-honda-cr-lx-awd-suv-no/9pCD8D2eMVKid57VXvdzG4,excellent,gas,grey,clean,automatic,SUV,4 cylinders,4wd,LANGLEY | $238+ Bi-Weekly Financing OAC,,
2022 Honda Civic TOURING Sedan • BOSE SOUND • Clean Carfax,30671,"42,800",1,https://www.craigslist.org/view/d/surrey-east-2022-honda-civic-touring/tpgG1ZZm6uSzwfgS5nrxFg,excellent,gas,white,clean,automatic,sedan,4 cylinders,fwd,LANGLEY | $252+ Bi-Weekly Financing OAC,,
2015 Honda Civic,14900,"105,000",1,https://www.craigslist.org/view/d/surrey-2015-honda-civic/wbGQ6UAwfAwtm5Y94n5rra,like new,gas,blue,clean,automatic,sedan,4 cylinders,fwd,surrey,,
2020 Toyota RAV4 Hybrid LE AWD SUV • LOW KMS • LOCAL,32197,"70,944",1,https://www.craigslist.org/view/d/surrey-east-2020-toyota-rav4-hybrid-le/i138NEjYFekEDJUyWsNQR4,excellent,hybrid,red,clean,automatic,SUV,4 cylinders,4wd,LANGLEY | $259+ Bi-Weekly Financing OAC,,
2008 Mercedes ML320 CDI - DIESEL,8999,"212,000",1,https://www.craigslist.org/view/d/surrey-2008-mercedes-ml320-cdi-diesel/uLTCe43KUWacSPzivEuHVi,like new,gas,blue,clean,automatic,SUV,6 cylinders,4wd,surrey,,
2017 Honda Civic LX Coupe • 6 SPEED MANUAL • BC LOCAL,14999,"175,000",1,https://www.craigslist.org/view/d/surrey-east-2017-honda-civic-lx-coupe/5KwrD8ThkXjgajqgVUmLLV,excellent,gas,white,clean,manual,coupe,4 cylinders,fwd,LANGLEY | $119+ Bi-Weekly Financing OAC,,
2017 Hyundai Accent,9999,"102,000",1,https://www.craigslist.org/view/d/surrey-2017-hyundai-accent/kp7Lh8rEKskjpTsQkC75Dr,like new,gas,blue,clean,automatic,hatchback,4 cylinders,fwd,surrey,,
2014 Volkswagen Jetta,7999,"182,000",1,https://www.craigslist.org/view/d/surrey-2014-volkswagen-jetta/rcJEZvacvQQZjrUTQXUErg,excellent,gas,grey,clean,automatic,sedan,4 cylinders,fwd,surrey,,
2022 CADILLAC XT5 PLATINUM PREMIUM LUXURY 3.6 V6 AWD,33890,"100,050",1,https://www.craigslist.org/view/d/vancouver-2022-cadillac-xt5-platinum/dKER8dxtQdcsfjXajd5RAG,excellent,gas,white,clean,automatic,SUV,6 cylinders,4wd,vancouver,1GYKNFRS9NZ169173,
"2022 CADILLAC XT5 PREMIUM LUXURY 3.6 V6 AWD only 16,000 km",39890,"16,000",1,https://www.craigslist.org/view/d/vancouver-2022-cadillac-xt5-premium/rS2d2zrN8nVs6vq9nz6wV5,like new,gas,white,clean,automatic,SUV,6 cylinders,4wd,vancouver,1GYKNDRS2NZ122460,
2012 Kia Sorento LX 4 Cyl Local No accident One owner Clean sorento,6995,"164,785",1,https://www.craigslist.org/view/d/coquitlam-2012-kia-sorento-lx-cyl-local/sHMVBtQnsoPMpt3acFTHaj,excellent,gas,grey,clean,automatic,SUV,4 cylinders,fwd,Team West Auto Group,CALLTXT6043397852,
2015 Jeep Cherokee Limited 4X4,12288,"155,000",1,https://www.craigslist.org/view/d/port-moody-2015-jeep-cherokee-limited/s5zaCGbsmDuuSvSw68BPAU,like new,gas,blue,clean,automatic,SUV,,fwd,city of vancouver,1C4PJMDSXFW618513,
"2015 HYUNDAI ELANTRA GLS! 97,756KM, SUNROOF, ALL HEATED SEATS AND MORE",10990,"97,756",1,https://www.craigslist.org/view/d/surrey-south-2015-hyundai-elantra-gls/eAsZiFeUAX9WaXgBzxwsdh,excellent,gas,,clean,automatic,,,,White Rock,,
2023 Volkswagen Jetta Comfortline Sport Package,25288,"31,000",1,https://www.craigslist.org/view/d/port-moody-2023-volkswagen-jetta/iAB7B5dwsRkWR5Cow8oiRg,like new,gas,white,clean,automatic,sedan,,fwd,city of vancouver,3VWSM7BU6PM042523,
2022 Volkswagen Tiguan Trendline AWD (VW CERTIFIED ),24995,"42,777",1,https://www.craigslist.org/view/d/port-moody-2022-volkswagen-tiguan/7ZZDhrsFfkcX82ZxFhzp6y,like new,gas,custom,clean,automatic,SUV,,4wd,city of vancouver,3VV0B7AX2NM109743,
2014 Audi A7 TDI 8sp Tiptronic Technik,19995,"168,888",1,https://www.craigslist.org/view/d/port-moody-2014-audi-a7-tdi-8sp/8Zaaxm6DEfSiwVgvj7B8Ui,like new,diesel,white,clean,automatic,sedan,,4wd,city of vancouver,WAU3MCFC1EN042964,
2021 Volkswagen Passat Highline ( VW CERTIFIED ),18888,"128,600",1,https://www.craigslist.org/view/d/port-moody-2021-volkswagen-passat/9mL3RZZqdEDWbZjk8sHkJQ,like new,gas,white,clean,automatic,sedan,,fwd,city of vancouver,1VWBA7A35MC008247,
2021 Cadillac Escalade Sport SUV • Local • No Accidents,82998,"71,133",1,https://www.craigslist.org/view/d/abbotsford-southwest-2021-cadillac/3LNMKgM2yvZaXaZ7VMTupM,excellent,gas,white,clean,automatic,SUV,8 cylinders,4wd,From $318+ /Weekly OAC💠NO DOWN REQUIRED!,,
2025 Nissan Kicks Play SV SUV • Low Low KMs • No Accidents,22997,"39,145",1,https://www.craigslist.org/view/d/abbotsford-southwest-2025-nissan-kicks/qqSTUEag7tf9PnpVSfoceR,excellent,gas,red,clean,automatic,SUV,4 cylinders,fwd,From $79+/ Weekly OAC💠NO DOWN REQUIRED!,,
"2024 BMW X3 30I LOCAL LOADED WITH ONLY 20,000 KMS!",39499,"20,337",1,https://www.craigslist.org/view/d/vancouver-2024-bmw-x3-30i-local-loaded/npPEAWWCHo9ehYdo3MHzGS,like new,gas,grey,clean,automatic,SUV,4 cylinders,4wd,LOW FINANCING AVAILABLE!,,
"2024 BMW IX 40 ELECTRIC LOCAL LOADED ONLY 55,000 KMS!",57499,"55,560",1,https://www.craigslist.org/view/d/vancouver-2024-bmw-ix-40-electric-local/xiRDJTSjQ8LEcFXP4LpuPN,excellent,electric,white,clean,automatic,SUV,,4wd,LOW FINANCING AVAILABLE!,,
"2026 BMW 430I GRAN COUPE EXCLUSIVE EDITION SAVE OVER $14,000 OFF NEW!",62499,"4,249",1,https://www.craigslist.org/view/d/vancouver-2026-bmw-430i-gran-coupe/fXTfxx19oWRJY6idAaRN4X,like new,gas,grey,clean,automatic,coupe,4 cylinders,4wd,LOW FINANCING AVAILABLE!,,
"2023 JEEP WRANGLER SPORT WILLYS LOADED WITH ONLY 44,000 KMS!",39499,"44,560",1,https://www.craigslist.org/view/d/vancouver-2023-jeep-wrangler-sport/jTvdvhvi6mqo4picf3mQZh,excellent,gas,grey,clean,automatic,SUV,6 cylinders,4wd,LOW LEASE/FINANCING AVAILBLE!,,
2018 Subaru WRX Sport-tech | Turbo | Leather | AWD,21994,"123,245",1,https://www.craigslist.org/view/d/burnaby-2018-subaru-wrx-sport-tech/jDyRXdhP3pVMyubBSuC4eQ,excellent,gas,grey,clean,automatic,sedan,4 cylinders,4wd,Vancouver,JF1VA1H64J8802268,
* 2017 FORD FOCUS ELECTRIC (LOW KMS) *****,13500,"44,000",1,https://www.craigslist.org/view/d/ford-focus-electric-low-kms/p9aXf8vDWvoXNnKvAyw2CC,,electric,black,clean,automatic,hatchback,,,"Brunette  Ave, New Westminster",1FADP3R40HL329737,
"2022 Mercedes Benz A250/A 250 4MATIC Hatchback No Accident 11,000 KM",32800,"11,000",1,https://www.craigslist.org/view/d/richmond-2022-mercedes-benz-a250-250/f12SCyGyLTvet4SGEgA8MM,excellent,gas,blue,clean,automatic,hatchback,4 cylinders,4wd,Richmond,W1K3F4HB6NJ373155,
2024 Hyundai Kona Electric Ultimate - 6504KM - No acccidents -1 Owner,41995,"6,504",1,https://www.craigslist.org/view/d/surrey-south-2024-hyundai-kona-electric/b22xusBGC6cSk4bLNW545o,like new,electric,grey,clean,automatic,SUV,,fwd,Call Nathan 778 900 9102,,
2022 Hino L6 (26-088),68800,"268,000",1,https://www.craigslist.org/view/d/surrey-2022-hino/mxwanjeUHXAc9o1NAmwJLS,,diesel,,clean,automatic,,,,Surrey,,
"2025 RANGE ROVER EVOQUE P250 DYNAMIC SE LOCAL LOADED ONLY 8,000 KMS!",42499,"8,889",1,https://www.craigslist.org/view/d/vancouver-2025-range-rover-evoque-p250/x1GreLSssyRHeEqJS4Bcw7,like new,gas,white,clean,automatic,SUV,4 cylinders,4wd,LOW FINANCING AVAILABLE!,SALZL2FX2SH265191,
SOLD 2019 Volkswagen Golf R Manual | Accident Free | New Pirelli Tires,36500,"58,091",1,https://www.craigslist.org/view/d/langley-sold-2019-volkswagen-golf/cNcj4kZfyGhbWPz1aSHam2,,gas,,clean,manual,hatchback,4 cylinders,,Call or Text Austin @DealerShift,WVWWA7AU0KW123668,
SOLD | 2005 Toyota Rav4 Auto 4WD | 1-Owner | Dealer Serviced | Low KM,13500,"124,218",1,https://www.craigslist.org/view/d/langley-sold-toyota-rav4-auto-4wd-owner/qwzL3w5gutw86jxWF2ApGz,excellent,gas,green,clean,automatic,SUV,4 cylinders,4wd,Call or Text Austin @DealerShift,JTEHD20V650058535,
2016 Mazda CX-5  Touring 2015 CX5,6900,"330,698",1,https://www.craigslist.org/view/d/port-moody-2016-mazda-cx-touring-2015/bkhos6YShSFDn1MEpTVhfe,excellent,gas,white,clean,automatic,SUV,4 cylinders,fwd,Burrell Auto Group-Port Moody,,
-----/ 2023 MERCEDES BENZ C300 C 300 PREMIUM AMG 4MATIC SEDAN /-----,45795,"37,000",1,https://www.craigslist.org/view/d/vancouver-mercedes-benz-c300-300/u1bL8ZAy5QhnSt1XbVVwWQ,excellent,gas,blue,clean,automatic,sedan,4 cylinders,4wd,VANCOUVER LOCATION,,
---/ 2023 MERCEDES BENZ C43 C 43 AMG PREMIUM 4MATIC SEDAN /---,64995,"46,500",1,https://www.craigslist.org/view/d/vancouver-mercedes-benz-c43-43-amg/xshEwjApVD3GvoKm8Sz85J,excellent,gas,black,clean,automatic,sedan,4 cylinders,4wd,VANCOUVER LOCATION,,
2019 Honda Odyssey EX-L,29500,"144,354",1,https://www.craigslist.org/view/d/surrey-south-2019-honda-odyssey-ex/4jviWrGNGxYg5SK4GztMCF,like new,gas,grey,clean,automatic,minivan,6 cylinders,fwd,Call Nathan 604 330 2043,,
Mint 2017 BMW M240i B58! Only 74km!,31999,"74,571",1,https://www.craigslist.org/view/d/surrey-south-mint-2017-bmw-m240i-b58/66MV6Skq5o1Ay6fRzAoTTf,like new,gas,silver,clean,automatic,coupe,6 cylinders,4wd,South Surrey/White Rock,,$599
"2026 Jeep Cherokee Limited 4x4 SUV: HYBRID, LIKE BNEW!!",44699,"2,500",1,https://www.craigslist.org/view/d/surrey-lower-west-2026-jeep-cherokee/9YMBWLy6KA1yMD1Wrx6wUC,like new,hybrid,red,clean,automatic,SUV,4 cylinders,4wd,QUICK APPROVAL FOR ALL CREDIT TYPES!,,
2019 Tesla Model 3 Standard Range Plus RWD Sedan: ACCIDENT-FREE!!,26799,"109,584",1,https://www.craigslist.org/view/d/surrey-lower-west-2019-tesla-model/7ERkk4V98d1R3N3qfJqvPK,excellent,electric,blue,clean,automatic,sedan,,rwd,QUICK APPROVAL FOR ALL CREDIT TYPES!,,
"2026 Jeep Cherokee Limited 4x4 SUV • ULTRA LOW KMS, LIKE NEW!!",47777,"1,088",1,https://www.craigslist.org/view/d/surrey-lower-west-2026-jeep-cherokee/jtyKq7v1kmADuMHHWgjdvJ,like new,gas,black,clean,automatic,SUV,4 cylinders,4wd,QUICK APPROVAL FOR ALL CREDIT TYPES!,,
"2022 Tesla model y long range AWD *** Local vehicle, clean title***",36800,"111,680",1,https://www.craigslist.org/view/d/coquitlam-2022-tesla-model-long-range/4iH6fEY9YcsGkjkWzjVDvs,like new,electric,,clean,automatic,,,4wd,CarMatch,,
HONDA ELEMENT EX AWD,8800,"268,978",1,https://www.craigslist.org/view/d/vancouver-honda-element-ex-awd/dKpPFuYiVrBszH19cSLp1L,excellent,gas,,clean,automatic,SUV,4 cylinders,4wd,VANCOUVER,,
"2022 Toyota Prius Prime XLE *** PHEV, NO accident***",31900,"5,000",1,https://www.craigslist.org/view/d/coquitlam-2022-toyota-prius-prime-xle/w31rSMk3CxnGT4Q8CKB3c1,new,hybrid,,clean,automatic,hatchback,4 cylinders,,CarMatch,,
2013 Cadillac CTS-V - SOLD,-1,"59,000",1,https://www.craigslist.org/view/d/burnaby-2013-cadillac-cts-sold/hA26nnVbie1Em5hwZ7VeNF,like new,gas,white,clean,automatic,sedan,8 cylinders,rwd,Burnaby,,
"2023 Chevrolet Equinox RS AWD SUV: HEATED SEATS, LOW KMS!",25599,"43,138",1,https://www.craigslist.org/view/d/surrey-lower-west-2023-chevrolet/hZehJ3bdxDDG2Bf6BdSFyu,excellent,gas,red,clean,automatic,SUV,4 cylinders,4wd,QUICK APPROVAL FOR ALL CREDIT TYPES!,,
2008 Nissan Titan 4WD King Cab LWB SE,1500,"240,256",1,https://www.craigslist.org/view/d/port-moody-2008-nissan-titan-4wd-king/tbgaYtk6n7rMCD2W8F73JK,excellent,gas,black,clean,automatic,pickup,8 cylinders,rwd,Port Moody,,
2012 HYUNDAI VELOSTER W/TECH,5995,"165,729",1,https://www.craigslist.org/view/d/langley-city-2012-hyundai-veloster-tech/dqDQAVYKF3eaRFKet5Jb7N,good,gas,grey,clean,automatic,coupe,4 cylinders,fwd,delta/surrey/langley,KMHTC6AD3CU041921,
2013 KIA OPTIMA EX LUXURY,8995,"95,581",1,https://www.craigslist.org/view/d/langley-city-2013-kia-optima-ex-luxury/6N3YxG6NBx6JRaP1BCeSeJ,excellent,gas,grey,clean,automatic,sedan,4 cylinders,fwd,delta/surrey/langley,KNAGN4A73D5426855,
2015 NISSAN ROGUE SV | CLEAN TITLE | FINANCE AVAILABLE |,11995,"104,561",1,https://www.craigslist.org/view/d/langley-city-2015-nissan-rogue-sv-clean/oiYuhjjxA7TyPoaNP4UcYq,excellent,gas,red,clean,automatic,SUV,4 cylinders,4wd,delta/surrey/langley,5N1AT2MM0FC863467,
2015 NISSAN PATHFINDER SV,8998,"145,538",1,https://www.craigslist.org/view/d/langley-city-2015-nissan-pathfinder-sv/4bhvnCDAfXi7oDktND1eX1,excellent,gas,silver,clean,automatic,SUV,6 cylinders,4wd,delta/surrey/langley,5N1AR2MM0FC679841,
2015 FORD EXPLORER XLT,15955,"118,626",1,https://www.craigslist.org/view/d/langley-city-2015-ford-explorer-xlt/dL6up8vHP4YFFBWxiMi6jC,excellent,gas,grey,clean,automatic,SUV,6 cylinders,4wd,delta/surrey/langley,1FM5K8D87FGC10170,
2017 MERCEDES-BENZ C-CLASS C 300,24944,"49,434",1,https://www.craigslist.org/view/d/langley-city-2017-mercedes-benz-class/2ztMqE2Wyn9pRa2aAYSzz5,like new,gas,white,clean,automatic,sedan,4 cylinders,4wd,delta/surrey/langley,55SWF4KB7HU208838,
2017 KIA SPORTAGE LX,12991,"85,966",1,https://www.craigslist.org/view/d/langley-city-2017-kia-sportage-lx/pDNKe3y7fKvv3uKvFAMqK4,excellent,gas,black,clean,automatic,SUV,4 cylinders,fwd,delta/surrey/langley,KNDPM3AC3H7071578,
2019 BMW 7 SERIES 750LI XDRIVE,37997,"59,636",1,https://www.craigslist.org/view/d/langley-city-2019-bmw-series-750li/jStQiZ85Nh1YiQKtn56Zxz,excellent,gas,black,clean,automatic,sedan,8 cylinders,4wd,delta/surrey/langley,WBA7F2C51KB240730,
2021 VOLKSWAGEN JETTA COMFORTLINE | CLEAN TITLE | FINANCE AVAILABLE |,16996,"123,701",1,https://www.craigslist.org/view/d/langley-city-2021-volkswagen-jetta/4Na54Q8ZRL4zxpv5wWYror,excellent,gas,white,clean,automatic,sedan,4 cylinders,fwd,delta/surrey/langley,3VWC57BU6MM053079,
2023 HYUNDAI ELANTRA PREFERRED W/ TECH PACK,19911,"41,631",1,https://www.craigslist.org/view/d/langley-city-2023-hyundai-elantra/4hDVBC2Q83Xy18BoMt9Q8r,like new,gas,blue,clean,automatic,sedan,4 cylinders,fwd,delta/surrey/langley,KMHLM4AG9PU509376,
2023 NISSAN ROGUE SV MOONROOF | CLEAN TITLE | LOW KMs | FINANCE |,26996,"24,160",1,https://www.craigslist.org/view/d/langley-city-2023-nissan-rogue-sv/fRT6My9c946pv8AZSudD6j,like new,gas,white,clean,automatic,SUV,3 cylinders,4wd,delta/surrey/langley,JN8BT3BBXPW220497,
2023 NISSAN ROGUE SL | CLEAN TITLE | LOW KMs | FINANCE AVAILABLE |,27997,"27,318",1,https://www.craigslist.org/view/d/langley-city-2023-nissan-rogue-sl-clean/8muckHv8Wgtd31GuQmcNJs,,gas,blue,clean,automatic,SUV,3 cylinders,4wd,delta/surrey/langley,JN8BT3CB5PW214363,
2023 CHEVROLET MALIBU 1LT | CLEAN TITLE | LOW KMs | FINANCE AVAILABLE,19955,"49,423",1,https://www.craigslist.org/view/d/langley-city-2023-chevrolet-malibu-1lt/5YAy7sgWzKSo398xcYq98F,,gas,,clean,automatic,sedan,4 cylinders,,delta/surrey/langley,1G1ZD5ST5PF252178,
-----/ 2023 MERCEDES BENZ C300 C 300 PREMIUM AMG 4MATIC SEDAN /-----,44995,"34,000",1,https://www.craigslist.org/view/d/vancouver-mercedes-benz-c300-300/6QNv1N5cxmo7FBKWcxdY73,excellent,gas,grey,clean,automatic,sedan,4 cylinders,4wd,VANCOUVER LOCATION,,
"2022 Mercedes Benz A250/A 250 4MATIC Hatchback No Accident 11,000 KM",32800,"11,000",1,https://www.craigslist.org/view/d/richmond-2022-mercedes-benz-a250-250/a1oyHA165cFggNqp1QExzj,excellent,gas,blue,clean,automatic,hatchback,4 cylinders,4wd,Richmond,W1K3F4HB6NJ373155,
2017 Hyundai Santa Fe Sport SE AWD - 81320KM,15991,"81,320",1,https://www.craigslist.org/view/d/surrey-south-2017-hyundai-santa-fe/kfDVxwQwy442oJgDK27uzv,like new,gas,white,clean,automatic,SUV,4 cylinders,4wd,Call Nathan 604 330 2043,,
2019 Honda Odyssey EX-L NAVI | One Owner | Dealer Serviced,28991,"144,500",1,https://www.craigslist.org/view/d/surrey-2019-honda-odyssey-ex-navi-one/okMyNNWj3xe2GvmKMv9haj,excellent,gas,,clean,automatic,minivan,,fwd,delta/surrey/langley,,
2026 Hyundai Palisade Ultimate Calligraphy Hybrid (HEV)AWD - Brand New,68449,15,1,https://www.craigslist.org/view/d/surrey-south-2026-hyundai-palisade/6X4VWztVrNiM9X3FfZEwiL,new,hybrid,green,clean,automatic,SUV,4 cylinders,4wd,Call Nathan 604 330 2043,,
2010 Honda Legend (Acura RL) 3.7 AWD,12990,"41,705",1,https://www.craigslist.org/view/d/burnaby-2010-honda-legend-acura-rl-37/6JbkLWXjoPEuQHt2uewWti,excellent,gas,black,clean,automatic,sedan,6 cylinders,4wd,Burnaby,,
-----/ 2017 TOYOTA COROLLA 4-DOOR LE CVTI-S SEDAN /-----,17995,"70,500",1,https://www.craigslist.org/view/d/vancouver-toyota-corolla-door-le-cvti/njPtXDdJEQ98o497m3MpDF,excellent,gas,blue,clean,automatic,sedan,4 cylinders,fwd,VANCOUVER LOCATION,,
2024 Lexus RX350h AWD Luxury | 1-Owner | No Accidents | Hybrid,64500,"21,005",1,https://www.craigslist.org/view/d/langley-2024-lexus-rx350h-awd-luxury/15JqSAexiVDD1yBzZox3Ji,excellent,hybrid,white,clean,automatic,,4 cylinders,4wd,Call or Text Austin @DealerShift,2T2BBMCA2RC057166,
-----/ 2022 MERCEDES BENZ GLB250 GLB 250 PREMIUM 4MATIC SUV /-----,38995,"41,000",1,https://www.craigslist.org/view/d/vancouver-mercedes-benz-glb250-glb-250/cP5FtCuCcBRVid1FjcbcEb,excellent,gas,black,clean,automatic,SUV,4 cylinders,4wd,VANCOUVER LOCATION,,
---/ 2022 MERCEDES BENZ GLC300 GLC 300 PREMIUM PLUS AMG 4MATIC SUV /--,43995,"21,500",1,https://www.craigslist.org/view/d/vancouver-mercedes-benz-glc300-glc-300/dcU1TYdx8dLWJpHuinSAkD,excellent,gas,grey,clean,automatic,SUV,4 cylinders,4wd,VANCOUVER LOCATION,,
"2023 Ford Bronco Sport: CLASS II TRAILER TOW PACKAGE, LOCAL",27399,"48,211",1,https://www.craigslist.org/view/d/surrey-east-2023-ford-bronco-sport/akYSB9U5zw2BEVyqqTKubx,excellent,gas,silver,clean,automatic,SUV,3 cylinders,4wd,FINANCE: $$221 B/W+Tax *OAC!,,
2006 BMW 325i - LOW KMS,8999,"105,000",1,https://www.craigslist.org/view/d/surrey-2006-bmw-325i-low-kms/1vJG7JLncTw1Z9zn9jYnkf,like new,gas,grey,clean,automatic,sedan,6 cylinders,rwd,surrey,,
"2019 Toyota Mirai 99,302 Kilometers Clean title",9900,"99,302",1,https://www.craigslist.org/view/d/port-moody-2019-toyota-mirai-kilometers/daRzazZLADJtcXVQgv717T,excellent,gas,blue,clean,automatic,sedan,other,fwd,Burrell Auto Group-Port Moody,,
"2022 Ford F-150 XLT Pickup: MAX TRAILER TOW PACKAGE, LOCAL",33999,"109,420",1,https://www.craigslist.org/view/d/surrey-east-2022-ford-150-xlt-pickup/k4hy3KtN1SV7CAMapgZukq,excellent,gas,white,clean,automatic,pickup,6 cylinders,4wd,FINANCE: $317 B/W+Tax *OAC!,,
"2023 Ford Escape ST-Line Elite SUV: FORDPASS CONNECT, NO ACCIDENTS",26899,"80,389",1,https://www.craigslist.org/view/d/surrey-east-2023-ford-escape-st-line/n7kDyAua5twS1xWR8CjVRM,excellent,gas,grey,clean,automatic,SUV,4 cylinders,4wd,FINANCE: $218 B/W+Tax *OAC!,,
"2024 Mitsubishi Eclipse Cross ES 4WD SUV: HEATED SEATS, 1-OWNER",23399,"57,158",1,https://www.craigslist.org/view/d/surrey-east-2024-mitsubishi-eclipse/oG2R9zma62KXC55X9m618w,excellent,gas,blue,clean,automatic,SUV,4 cylinders,4wd,FINANCE: $169 B/W+Tax *OAC!,,
2007 Mazda 3 - manual,3999,"244,000",1,https://www.craigslist.org/view/d/surrey-2007-mazda-manual/wpxpEXLSRV9PTjw4teHCYN,excellent,gas,blue,clean,manual,sedan,4 cylinders,fwd,surrey,,
"2023 Ford F-150 Lightning  LARIAT: MAX TRAILER TOW PKG, LOCAL",67499,"30,590",1,https://www.craigslist.org/view/d/surrey-east-2023-ford-150-lightning/9Q6m3Xi6DfKq5zrLY5cYed,excellent,electric,white,clean,automatic,pickup,,4wd,FINANCE: $545 B/W+Tax *OAC!,,
2017 Ford Escape - AWD,9900,"157,000",1,https://www.craigslist.org/view/d/surrey-2017-ford-escape-awd/1U5MmCSWL9E5MfaRxvz7jk,excellent,gas,black,clean,automatic,SUV,4 cylinders,4wd,Surrey,,
"2022 Chrysler Pacifica Limited: NAPPA LEATHER SEATS, NO ACCIDENTS",41499,"44,700",1,https://www.craigslist.org/view/d/surrey-east-2022-chrysler-pacifica/p5CBEUzyrBE1hb2pxbDHWa,excellent,gas,grey,clean,automatic,minivan,6 cylinders,4wd,FINANCE: $389 B/W+Tax *OAC!,,
1999 Chrysler LHS - LOW KMS !,4999,"99,000",1,https://www.craigslist.org/view/d/surrey-1999-chrysler-lhs-low-kms/tsVPy4GQ5nKzbbCTxf1WYp,like new,gas,brown,clean,automatic,sedan,6 cylinders,fwd,Surrey,,
2011 Kia Sorento EX 4WD Local Clean kia sorento,6995,"168,903",1,https://www.craigslist.org/view/d/coquitlam-2011-kia-sorento-ex-4wd-local/7KkJCTnJC6YV5SNV9iC1V6,excellent,gas,black,clean,automatic,SUV,6 cylinders,4wd,Team West Auto Group,CALLTXT6043397852,
"2023 Lincoln Aviator Reserve AWD SUV: LOCAL, 1-OWNER",44999,"94,971",1,https://www.craigslist.org/view/d/surrey-east-2023-lincoln-aviator/pp436Pk8UyLAY2HQFe962K,excellent,gas,black,clean,automatic,SUV,6 cylinders,4wd,FINANCE: $363 B/W+Tax *OAC!,,
"2022 Lincoln Aviator Reserve AWD SUV: HUV, CLASS IV TRAILER TOW PKG",44999,"87,162",1,https://www.craigslist.org/view/d/surrey-east-2022-lincoln-aviator/1jJKA4ssYdKzdpbYmRrwoU,excellent,gas,black,clean,automatic,SUV,6 cylinders,4wd,FINANCE: $420 B/W+Tax *OAC!,,
"2023 Lincoln Aviator Reserve AWD SUV: LINCOLN CO-PILOT360, LOW KMS",51199,"43,416",1,https://www.craigslist.org/view/d/surrey-east-2023-lincoln-aviator/t15X5K7hrWmotBxYpsi5WZ,excellent,gas,black,clean,automatic,SUV,6 cylinders,4wd,FINANCE: 416 B/W+Tax *OAC!,,
"2021 Kia Seltos EX AWD SUV: HEATED SOFINO LEATHER, BC UNIT",14699,"97,051",1,https://www.craigslist.org/view/d/surrey-east-2021-kia-seltos-ex-awd-suv/gh2yfnb22xp1yVux84aHiT,excellent,gas,yellow,clean,automatic,SUV,4 cylinders,4wd,NO/BAD/NEW CREDIT: ALL WELCOME!,,
"2023 Ford Super Duty F-350 SRW Platinum: FX4 OFF-ROAD, NO ACCIDENTS",94499,"29,369",1,https://www.craigslist.org/view/d/surrey-east-2023-ford-super-duty-350/sKWW2geUvkFA5rSgvmc1AS,excellent,diesel,grey,clean,automatic,pickup,8 cylinders,4wd,FINANCE: $762 B/W+Tax *OAC!,,
"2022 Ford T-350 E-Transit RWD Cargo Van 148"" Med Rf 9500 GVWR",37699,"89,878",1,https://www.craigslist.org/view/d/surrey-east-2022-ford-350-transit-rwd/hnQzbDiqVNFJJCzoYZU6Pt,excellent,electric,white,clean,automatic,van,,rwd,FINANCE: $352 B/W+Tax *OAC!,,
"2024 GMC Sierra 3500HD Denali: HEATED/COOLED SEATS, NO ACCIDENTS",79998,"93,902",1,https://www.craigslist.org/view/d/surrey-east-2024-gmc-sierra-3500hd/7qZYeMaxHjMwqgYXyqhUCF,excellent,gas,black,clean,automatic,SUV,8 cylinders,4wd,FINANCE: $574 B/W+Tax *OAC!,,
"2024 Ford Bronco Big Bend 4x4 SUV: 18K KMS ONLY,  NO ACCIDENTS",48699,"18,252",1,https://www.craigslist.org/view/d/surrey-east-2024-ford-bronco-big-bend/5TVwNA5dodWBSdmoACjasW,excellent,gas,blue,clean,automatic,SUV,4 cylinders,4wd,FINANCE: $349 B/W+Tax *OAC!,,
"2024 Acura RDX A-Spec AWD SUV: LOCAL, LOW 24K KMS ONLY!",41999,"24,185",1,https://www.craigslist.org/view/d/surrey-east-2024-acura-rdx-spec-awd-suv/bFjb6osTawMwoqFbVm6ueB,excellent,gas,black,clean,automatic,SUV,4 cylinders,4wd,FINANCE: $301 B/W+Tax *OAC!,,
"2023 Ford Escape ST-Line Select: TECH PACKAGE, 29K KMS ONLY",30399,"29,934",1,https://www.craigslist.org/view/d/surrey-east-2023-ford-escape-st-line/iTfzdcwNwf43XhXVZuboJs,excellent,gas,white,clean,automatic,SUV,4 cylinders,4wd,FINANCE: $245 B/W+Tax *OAC!,,
"2022 Ford Bronco Outer Banks 4WD SUV: LOW KMS, ACCIDENT-FREE!",42999,"62,359",1,https://www.craigslist.org/view/d/surrey-east-2022-ford-bronco-outer/itgWNveUtREKcm4e6BMPkQ,excellent,gas,black,clean,automatic,SUV,6 cylinders,4wd,FINANCE: $402 B/W+Tax *OAC!,,
"2023 Lexus RZ 450e AWD SUV: NO ACCIDENTS, LOW KMS",40899,"42,991",1,https://www.craigslist.org/view/d/surrey-east-2023-lexus-rz-450e-awd-suv/iGLJ1LRVuyEDEeoTPn7Trr,excellent,gas,white,clean,automatic,SUV,,4wd,FINANCE: $330 B/W+Tax *OAC!,,
"2023 Ford Escape PHEV: BLIS W/CROSS TRAFFIC, LOCAL, 1-OWNER",23799,"79,460",1,https://www.craigslist.org/view/d/surrey-east-2023-ford-escape-phev-blis/1S9p66ceJ5q96ut3b3sZ3v,excellent,hybrid,grey,clean,automatic,SUV,4 cylinders,fwd,FINANCE: $192 B/W+Tax *OAC!,,
"2025 Ford Mustang Mach-E Premium SUV:  EXT RANGE, ACCIDENT-FREE",49699,"5,783",1,https://www.craigslist.org/view/d/surrey-east-2025-ford-mustang-mach/kbB7cVLhsg9GGpuTg8rncc,excellent,electric,red,clean,automatic,SUV,,4wd,FINANCE: $357 B/W+Tax *OAC!,,
"2023 Hyundai Tucson Urban Edition: NAVIGATION , NO ACCIDENTS",28699,"21,482",1,https://www.craigslist.org/view/d/surrey-east-2023-hyundai-tucson-urban/axr8BqSyUKZfjgukaJxVTq,excellent,gas,black,clean,automatic,SUV,4 cylinders,4wd,FINANCE: $232 B/W+Tax *OAC!,,
"2025 Chevrolet Silverado 3500HD 4WD Crew Cab 172"" LTZ: NO ACCIDENTS",87199,"32,605",1,https://www.craigslist.org/view/d/surrey-east-2025-chevrolet-silverado/8w51sMBKMbUVenwoiAVSQU,excellent,diesel,white,clean,automatic,pickup,8 cylinders,4wd,FINANCE: $628 B/W+Tax *OAC!,,
"2019 Ford Edge Titanium AWD SUV: AUTOMATIC PARKING, LOCAL",15599,"97,939",1,https://www.craigslist.org/view/d/surrey-east-2019-ford-edge-titanium-awd/dHRmDJ2qrbRdWFJQrBGdGB,excellent,gas,grey,clean,automatic,SUV,4 cylinders,4wd,NO/BAD/NEW CREDIT: ALL WELCOME!,,
2022 Ford Explorer XLT 4WD SUV: TRAILER TOW PKG CLASS IV,30999,"59,000",1,https://www.craigslist.org/view/d/surrey-east-2022-ford-explorer-xlt-4wd/rLQp3DdnLEYpmCbSTv3oAS,excellent,gas,black,clean,automatic,SUV,4 cylinders,4wd,FINANCE: $289 B/W+Tax *OAC!,,
2022 Lincoln Navigator L  Reserve AWD SUV: ACCIDENT-FREE,62399,"84,125",1,https://www.craigslist.org/view/d/surrey-east-2022-lincoln-navigator/jv2icwoPw9VJcV6MJWzrbP,excellent,gas,black,clean,automatic,SUV,6 cylinders,4wd,NO/BAD/NEW CREDIT: ALL WELCOME!,,
"2023 BMW X3 30E HYBRID LOCAL LOADED ONLY 18,000 KMS!",44499,"18,565",1,https://www.craigslist.org/view/d/vancouver-2023-bmw-x3-30e-hybrid-local/nGRhase7haeRaLydKMVbPQ,excellent,gas,white,clean,automatic,SUV,4 cylinders,4wd,LOW FINANCING AVAILABLE!,5UX63DP09P9P16558,
2026 Toyota RAV4 Plug-In Hybrid AWD – EV + Gas SUV,1,"1,000",1,https://www.craigslist.org/view/d/vancouver-2026-toyota-rav4-plug-in/g3c1QYrT71CnrNT3Maz3u8,new,other,white,clean,automatic,SUV,4 cylinders,4wd,Vancouver,,
"2019 Hyundai Kona Electric Ultimate, 1 Owner Local LOW KM!",20990,"98,609",1,https://www.craigslist.org/view/d/port-coquitlam-2019-hyundai-kona/5K1goNnrc1nZXDmXMUAcja,excellent,electric,,clean,automatic,SUV,4 cylinders,fwd,Port Coquitlam,,
2008 TOYOTA TACOMA,12999,"329,000",1,https://www.craigslist.org/view/d/new-westminster-southwest-2008-toyota/ktVo4DdBjf1JwJfyApaChP,like new,gas,white,rebuilt,automatic,other,,4wd,city of vancouver,,
2011 Kia Rondo,3999,"179,000",1,https://www.craigslist.org/view/d/new-westminster-southwest-2011-kia-rondo/jYuQFqwje4xgfdDyJ9M8tZ,like new,gas,brown,rebuilt,automatic,wagon,,fwd,city of vancouver,,
2026 Volkswagen Jetta HIGHLINE ( FULLY LOADED ),36640,100,1,https://www.craigslist.org/view/d/port-moody-2026-volkswagen-jetta/mWcb7Ru2Mpucz2rAC96xwo,like new,gas,white,clean,automatic,sedan,,fwd,city of vancouver,3VWGW7BU2TM054744,
2020 Freightliner M2 (26-061),39800,"616,378",1,https://www.craigslist.org/view/d/surrey-2020-freightliner/fCZs6zVxZHE1L8HFccKg8A,,diesel,,clean,automatic,truck,,,Surrey,,$835
2015 INFINITI QX60 *local bc car,15800,"105,142",1,https://www.craigslist.org/view/d/coquitlam-2015-infiniti-qx60-local-bc/nusne6VJdwuVVXcwQ5p689,,gas,,clean,automatic,,6 cylinders,,CarMatch,,
"2019 Nissan Rogue SV AWD **NO ACCIDENT, LOCAL CAR",19900,"76,904",1,https://www.craigslist.org/view/d/coquitlam-2019-nissan-rogue-sv-awd-no/qe4oU9tJbGh1T1Mr1ZQD4R,like new,gas,,clean,automatic,SUV,,,CarMatch,,
2012 BMW X1 xDrive28i ***NO ACCIDENT,8800,"96,066",1,https://www.craigslist.org/view/d/coquitlam-2012-bmw-x1-xdrive28i-no/29K3VBaDJYpt5MuwGwbjn8,,gas,,clean,automatic,SUV,,,CarMatch,,
2016 Tesla model X 75d(dual motor awd),33000,"93,721",1,https://www.craigslist.org/view/d/coquitlam-2016-tesla-model-75ddual/i6JVNGnesB7Atk4mgzFNcb,,electric,,clean,automatic,,,,CarMatch,,
2017 Chrysler Pacifica Limited,17800,"155,618",1,https://www.craigslist.org/view/d/coquitlam-2017-chrysler-pacifica-limited/hB8JubXQLCqxK9mRYLfiVU,like new,gas,,clean,automatic,minivan,6 cylinders,,CarMatch,,
-----/ 2022 MERCEDES BENZ G63 G 63 AMG 4MATIC SUV /-----,219995,"42,620",1,https://www.craigslist.org/view/d/vancouver-mercedes-benz-g63-63-amg/5yNTygRHXyRiLm8KaJcuc3,excellent,gas,black,clean,automatic,SUV,8 cylinders,4wd,VANCOUVER LOCATION,,
"2017 Mercedes-Benz E300 4MATIC *** Local BC car, NO accident***",27900,"87,305",1,https://www.craigslist.org/view/d/coquitlam-2017-mercedes-benz-e300/wFsQ9DCPCN8vFSKPYBJgQo,like new,gas,,clean,automatic,coupe,4 cylinders,,CarMatch,,
"2019 Nissan Rogue SV AWD *** Local BC car, NO accident***",19900,"77,642",1,https://www.craigslist.org/view/d/coquitlam-2019-nissan-rogue-sv-awd/2FbRVG4umZzRdyJgN9gCFG,like new,gas,,clean,automatic,SUV,,,CarMatch,,
"2024 Porsche macan T ***Local BC car, NO accident",69800,"18,800",1,https://www.craigslist.org/view/d/coquitlam-2024-porsche-macan-local-bc/5jzrG51u1t3SAdhuCwYLip,like new,gas,,clean,automatic,SUV,4 cylinders,,CarMatch,,
2019 Nissan Sentra 1.8 S | Excellent Condition,10500,"176,242",1,https://www.craigslist.org/view/d/surrey-2019-nissan-sentra-18-excellent/tjtHUDy78azqRCZQrPC5Bk,excellent,gas,,clean,automatic,sedan,4 cylinders,fwd,delta/surrey/langley,,
2024 Volkswagen Taos Comfortline | No Accidents | Excellent Condition,29991,"51,403",1,https://www.craigslist.org/view/d/surrey-2024-volkswagen-taos-comfortline/9YurzXWvdKGgYdCRHCkNda,excellent,gas,,clean,automatic,SUV,,4wd,delta/surrey/langley,,
2022 Hyundai 2022 hyundai elantra essential #1707,17900,"71,600",1,https://www.craigslist.org/view/d/coquitlam-2022-hyundai-2022-hyundai/f7GkEXkrrV7kYAbDM34CDM,like new,gas,,clean,automatic,,4 cylinders,,CarMatch,,
"2023 Lexus RZ450e ***BC local car, NO accident ***",41900,"39,700",1,https://www.craigslist.org/view/d/coquitlam-2023-lexus-rz450e-bc-local/5p26BD6QgghC65ZqJWfCuy,like new,electric,,clean,automatic,,,,CarMatch,,
2021 Porsche Cayenne,51900,"59,700",1,https://www.craigslist.org/view/d/coquitlam-2021-porsche-cayenne/oJPw31YUovjNYx8zG67Vc8,like new,gas,,clean,automatic,SUV,6 cylinders,,CarMatch,,
"2025 Honda CR-V LX AWD ***Local BC car, No accidents***",36800,"19,570",1,https://www.craigslist.org/view/d/coquitlam-2025-honda-cr-lx-awd-local-bc/daRVqzmLGmF1WiupgrhyAv,like new,gas,,clean,automatic,SUV,4 cylinders,4wd,CarMatch,,
2011 Honda FIT,5999,"246,000",1,https://www.craigslist.org/view/d/new-westminster-southwest-2011-honda-fit/obYqHW7SaHXnBfgsr8z2k7,like new,gas,black,rebuilt,automatic,other,,fwd,city of vancouver,,
FS : 2010 Lamborghini Gallardo Spyder,169995,"50,408",1,https://www.craigslist.org/view/d/vancouver-fs-lamborghini-gallardo-spyder/5Egv4sp1cV3ft1WswmmELd,excellent,gas,yellow,clean,automatic,convertible,10 cylinders,4wd,Vancouver (NW Shaughnessy / East Kitsilano / Quilchena),,
2021 Ram 1500 Big Horn V8 Hemi!,27999,"151,534",1,https://www.craigslist.org/view/d/surrey-south-2021-ram-1500-big-horn-v8/n47NMD2sWRXeFwNWM7wnQE,like new,gas,,clean,automatic,pickup,8 cylinders,4wd,South Surrey/White Rock,,$579
2024 Mazda CX5 GS(t10265L) - Destination Mazda Vancouver,34995,"32,900",1,https://www.craigslist.org/view/d/vancouver-2024-mazda-cx5-gst10265l/du2AVNeo48nJ6p61qNm74n,excellent,gas,blue,clean,automatic,SUV,4 cylinders,4wd,Vancouver,JM3KFBDY5R0496422,
2021 Mazda CX9 Kuro(t57303a) - Destination Mazda Vancouver,32495,"65,687",1,https://www.craigslist.org/view/d/vancouver-2021-mazda-cx9-kurot57303a/3Tm3JUkKqhKz9totmZCN4u,excellent,gas,grey,clean,automatic,van,4 cylinders,4wd,Vancouver,JM3TCBDYXM0450574,
2018 Honda Civic Touring(t11484b) - Destination Mazda Vancouver,22495,"65,061",1,https://www.craigslist.org/view/d/vancouver-2018-honda-civic/sFVdxUAiVZwSpMKwwN9WxJ,excellent,gas,white,clean,automatic,sedan,4 cylinders,fwd,Vancouver,2HGFC1F96JH103970,
2015 CHEVROLET SIVERADO 2500 CREW CAB SHORT BOX 4X4 chevy,20888,"192,000",1,https://www.craigslist.org/view/d/surrey-2015-chevrolet-siverado-2500/7ui3h2HeSj393EbNRaRNqw,good,gas,white,clean,automatic,truck,8 cylinders,4wd,Surrey,,
2008 Chrysler 300 Touring Local No accident One owner Clean 300,5995,"196,391",1,https://www.craigslist.org/view/d/coquitlam-2008-chrysler-300-touring/4emBbRH7nhvCbZsGxy5AHc,excellent,gas,grey,clean,automatic,sedan,6 cylinders,rwd,Team West Auto Group,CALLTXT6043397852,
2023 Honda Civic Sport(t82833a) - Destination Mazda Vancouver,28495,"27,291",1,https://www.craigslist.org/view/d/vancouver-2023-honda-civic-sportt82833a/n464WbfvqNsvBEooT9mRP6,excellent,gas,white,clean,automatic,sedan,4 cylinders,fwd,Vancouver,2HGFE2F57PH107791,
2023 Mazda CX30 GS(s89878L) - Destination Mazda Vancouver,28895,"28,273",1,https://www.craigslist.org/view/d/vancouver-2023-mazda-cx30-gss89878l/sLXoZSZ4qmG2Uci89rNXqY,excellent,gas,grey,clean,automatic,van,4 cylinders,4wd,Vancouver,3MVDMBCM0PM574085,
2018 FORD F-250 XLT CREW CAB SHORT BOX 4x4,24888,"206,000",1,https://www.craigslist.org/view/d/surrey-2018-ford-250-xlt-crew-cab-short/oxzyx5WPDNPhpgBDw1imJD,good,gas,white,clean,automatic,pickup,8 cylinders,4wd,Surrey,,
-----/ 2020 MERCEDES BENZ G63 G 63 AMG 4MATIC SUV /-----,139999,"117,500",1,https://www.craigslist.org/view/d/vancouver-mercedes-benz-g63-63-amg/mF9m1YBXcYjJ1nC6RnKqt4,excellent,gas,blue,clean,automatic,SUV,8 cylinders,4wd,VANCOUVER LOCATION,,
2023 Mazda 3 GT Hatchback -  35807KM - No accidents,28991,"35,807",1,https://www.craigslist.org/view/d/surrey-south-2023-mazda-gt-hatchback-km/xrr8naGXRWhDZkWa31scUM,like new,gas,grey,clean,automatic,hatchback,4 cylinders,fwd,Call Nathan 604 330 2043,,
2022 Hyundai Kona AWD - No accidents,21991,"69,434",1,https://www.craigslist.org/view/d/surrey-south-2022-hyundai-kona-awd-no/qfm9r1tLfRBGhCa4mD6SqW,like new,gas,white,clean,automatic,SUV,4 cylinders,4wd,Call Nathan 604 330 2043,,
2022 Ford Escape PHEV Titanium SUV • 1-OWNER • NO ACCIDENTS,25399,"101,262",1,https://www.craigslist.org/view/d/surrey-east-2022-ford-escape-phev/e9F7v3HqvrpkdYbLc3biNG,excellent,hybrid,white,clean,automatic,SUV,4 cylinders,fwd,LANGLEY | $199+ Bi-Weekly Financing OAC,,
2024 Honda CR-V EX-L AWD - CERTIFIED - PRACTICAL SPACE!,38995,"43,833",1,https://www.craigslist.org/view/d/burnaby-2024-honda-cr-ex-awd-certified/rD6QMvk2GxfbsXCnK3ZfDq,excellent,gas,black,clean,automatic,SUV,4 cylinders,4wd,Burnaby,2HKRS4H71RH117760,
2019 Mitsubishi Outlander PHEV GT | S-AWC | SUNROOF | ONE -OWNER!,13499,"183,707",1,https://www.craigslist.org/view/d/surrey-east-2019-mitsubishi-outlander/qqqFm232gW7yRvgW7vrRRq,excellent,hybrid,black,clean,automatic,SUV,4 cylinders,4wd,LANGLEY | $140+ Bi-Weekly Financing OAC,,
---/ 2018 MERCEDES BENZ C300 C 300 PREMIUM AMG 4MATIC SEDAN /---,22495,"106,000",1,https://www.craigslist.org/view/d/vancouver-mercedes-benz-c300-300/w896rxeHASZSMsgdv9p3bM,excellent,gas,white,clean,automatic,sedan,4 cylinders,4wd,VANCOUVER LOCATION,,
2024 BMW 530I M SPORT ALL NEW BODY STYLE LOCAL LOADED ONLY 15K!,55999,"15,438",1,https://www.craigslist.org/view/d/vancouver-2024-bmw-530i-sport-all-new/m7jYnWAAopBUDtgDbAbHRs,excellent,gas,black,clean,automatic,sedan,4 cylinders,4wd,LOW FINANCING AVAILABLE!,WBA53FJ09RCP01255,
"2024 Nissan Z Sport Coupe: CLEAN CARFAX, LOW LOW KMS, LIKE NEW",43497,"3,283",1,https://www.craigslist.org/view/d/surrey-east-2024-nissan-sport-coupe/3ucX33JQmhiRqPVSZPH4WS,excellent,gas,blue,clean,manual,coupe,,rwd,LANGLEY | $364+ Bi-Weekly Financing OAC,,
"2020 Mazda Mazda3 GT Auto FWD Sedan: NO ACCIDENTS, LOW KMS",21999,"56,020",1,https://www.craigslist.org/view/d/surrey-east-2020-mazda-mazda3-gt-auto/58MHHek5Snq4GY4kpsZ9cC,excellent,gas,white,clean,automatic,sedan,4 cylinders,fwd,LANGLEY | $189+ Bi-Weekly Financing OAC,,
"2024 HONDA CR-V HYBRID TOURING LOADED WITH ONLY 29,000 KMS!",40999,"29,768",1,https://www.craigslist.org/view/d/vancouver-2024-honda-cr-hybrid-touring/uKcZ53cEC5Yjss8353pNgL,excellent,hybrid,black,clean,automatic,SUV,4 cylinders,4wd,LOW FINANCING AVAILABLE!,,
"2022 BMW 430I M SPORT CONVERTIBLE WITH ONLY 8,000 KMS!",52499,"8,368",1,https://www.craigslist.org/view/d/vancouver-2022-bmw-430i-sport/5bhHEuktaLiSCyJK9nn1bZ,excellent,gas,white,clean,automatic,convertible,4 cylinders,4wd,LOW FINANCING AVAILABLE!,,
"2024 GMC Terrain SLE FWD SUV: LOW LOW KMS, CLEAN CARFAX",25999,"27,238",1,https://www.craigslist.org/view/d/surrey-east-2024-gmc-terrain-sle-fwd/qzt4wtsAa8HmUXp87gXSwV,excellent,gas,white,clean,automatic,SUV,4 cylinders,fwd,LANGLEY | $224+ Bi-Weekly Financing OAC,,
2015 Dodge Challenger R/T Coupe • V8 HEMI • HEATED & VENTED SEATS,25872,"97,950",1,https://www.craigslist.org/view/d/surrey-east-2015-dodge-challenger-t/uyNdKUVXUChDPEnxwpjPto,excellent,gas,blue,clean,automatic,coupe,8 cylinders,rwd,ALL CREDIT TYPES WELCOME!💠NO DOWN REQUIRED!,,
2023 Kia Sportage LX FWD SUV • LOW KMS • NO ACCIDENTS,21497,"51,747",1,https://www.craigslist.org/view/d/surrey-east-2023-kia-sportage-lx-fwd/uekmsJGMeDwj7ngYczBLcz,excellent,gas,black,clean,automatic,SUV,4 cylinders,fwd,LANGLEY | $175+ Bi-Weekly Financing OAC,,
1993 Delica L300 Diesel Low Roof with Safari Windows,14500,"179,000",1,https://www.craigslist.org/view/d/new-westminster-southwest-1993-delica/5phcShvaFRVATK6H6Ci95U,excellent,diesel,grey,clean,automatic,van,4 cylinders,4wd,New Westminster,,
2024 Mitsubishi Outlander GT | S-AWC SUV • LOW KMS • CLEAN CARFAX,32497,"38,634",1,https://www.craigslist.org/view/d/surrey-east-2024-mitsubishi-outlander/bfAbWES52BsvxGXpPVHkiY,excellent,gas,silver,clean,automatic,SUV,4 cylinders,4wd,LANGLEY | $266+ Bi-Weekly Financing OAC,,
2024 Dodge Durango R/T Plus SUV: LOW KMS! CLEAN CARFAX,47997,"55,458",1,https://www.craigslist.org/view/d/abbotsford-southwest-2024-dodge-durango/p6kqTmKHfe11nzmM6xfQgH,excellent,gas,white,clean,automatic,SUV,8 cylinders,4wd,From $166+/ Weekly OAC💠NO DOWN REQUIRED!,,
2007 MITSUBISHI MINICAB 4WD KEI TRUCK,9100,"37,900",1,https://www.craigslist.org/view/d/langley-2007-mitsubishi-minicab-4wd-kei/sbNRoUfzcn18w28xUVoDcD,excellent,gas,black,clean,manual,truck,3 cylinders,4wd,LANGLEY,,
"2003 SUZUKI CARRY  4WD 2"" LIFTED KEI TRUCK",10600,"84,800",1,https://www.craigslist.org/view/d/langley-2003-suzuki-carry-4wd-lifted/vtKRh1Fu7igSxXnN3SZLDo,excellent,gas,green,clean,manual,truck,3 cylinders,4wd,LANGLEY,,
2026 Ram 3500 Big Horn Crew Cab 8' Box: ONLY 17K KMS! CLEAN CARFAX!,75998,"17,145",1,https://www.craigslist.org/view/d/abbotsford-southwest-2026-ram-3500-big/1B3sER1F3wAgBTttH3UFVd,excellent,diesel,white,clean,automatic,pickup,6 cylinders,4wd,From $262+/ Weekly OAC💠NO DOWN REQUIRED!,,
"2022 Ram 1500 Laramie 4x4 Crew Cab 5'7"" Box Pickup: BC TRUCK",40998,"91,699",1,https://www.craigslist.org/view/d/abbotsford-southwest-2022-ram-1500/65guK8QKsj3aa2GSVH18BD,excellent,gas,grey,clean,automatic,pickup,8 cylinders,4wd,From $157+/ Weekly OAC💠NO DOWN REQUIRED!,,
2023 CHEVROLET MALIBU LT -- w/ Forward Collision Alert ----- SOLD,14999,"59,000",1,https://www.craigslist.org/view/d/burnaby-2023-chevrolet-malibu-lt/ibSD8vbShSSrJ6iUtp2iFM,excellent,gas,black,rebuilt,automatic,sedan,4 cylinders,4wd,www.sulehrmotors.com,1G1ZD5ST2PF232809,
"2022 Land Rover Discovery R-Dynamic HSE SUV: 1-OWNER, NO ACCIDENTS",45990,"60,936",1,https://www.craigslist.org/view/d/abbotsford-southwest-2022-land-rover/taiHorBvngTQTnPtNHLh61,excellent,gas,grey,clean,automatic,SUV,6 cylinders,4wd,From $176+/ Weekly OAC💠NO DOWN REQUIRED!,,
2021 Chevrolet Silverado 1500 LT Double Cab Standard Box: NO ACCIDENTS,33999,"135,729",1,https://www.craigslist.org/view/d/abbotsford-southwest-2021-chevrolet/9WLwTWYXpk7bgEtSyVvWek,excellent,gas,red,clean,automatic,pickup,8 cylinders,4wd,From $130+ /Weekly OAC💠NO DOWN REQUIRED!,,
2011 Ram 1500 SLT 4X4 Quad Cab! SALE PRICE!,12998,"187,020",1,https://www.craigslist.org/view/d/victoria-2011-ram-1500-slt-4x4-quad-cab/dao5kR58PztpRkye2FkFDd,,gas,brown,clean,automatic,pickup,8 cylinders,4wd,victoria,,
2016 Tesla Model X 90D AWD!!! SALE PRICE!!!,25998,"184,600",1,https://www.craigslist.org/view/d/victoria-2016-tesla-model-90d-awd-sale/7KEbsYDdPym2cF14sGEG88,,electric,red,clean,automatic,,,4wd,victoria,,
2016 Chevy Suburban LT 4WD SALE PRICE!!!!,14998,"342,320",1,https://www.craigslist.org/view/d/victoria-2016-chevy-suburban-lt-4wd/dQSyZQWFNR1VoEg5Jrn6dL,,gas,black,clean,automatic,SUV,8 cylinders,4wd,victoria,,
NISSAN FRONTIER SV,28800,"138,614",1,https://www.craigslist.org/view/d/vancouver-nissan-frontier-sv/bky9osGdvqvX6BgUvKCcbe,excellent,gas,,clean,automatic,pickup,6 cylinders,4wd,VANCOUVER,,
"2021 Toyota Corolla XSE Hatchback ***Local BC car, No accidents***",25800,"53,000",1,https://www.craigslist.org/view/d/coquitlam-2021-toyota-corolla-xse/1T1dNXdEF1wo4AwPFNn9JE,like new,gas,,clean,automatic,hatchback,4 cylinders,,CarMatch,,
2012 FORD F-250 XLT CREW CAB LONG BOX 4x4 f250,20888,"172,000",1,https://www.craigslist.org/view/d/surrey-2012-ford-250-xlt-crew-cab-long/csrTFku6vVTbS99UFfUzjK,good,gas,blue,clean,automatic,pickup,8 cylinders,4wd,Surrey,,
"2013 Acura TSX ***Local BC car, No accidents***",14900,"76,500",1,https://www.craigslist.org/view/d/coquitlam-2013-acura-tsx-local-bc-car/pRAQoT1HyoQ5hgEk5Uw3Ds,like new,gas,grey,clean,automatic,,4 cylinders,,CarMatch,,
2023 Lexus UX UX 250h | Luxury Pkg | Hybrid | CarPlay,39495,"44,500",1,https://www.craigslist.org/view/d/burnaby-2023-lexus-ux-ux-250h-luxury/9gJpXryrVXMdZLFpxt85yc,excellent,hybrid,white,clean,automatic,wagon,4 cylinders,4wd,Vancouver,JTHL9JBH0P2063530,
"2024 Dodge Hornet R/T PHEV SUV • 9,700 KMS ONLY • NEAR NEW!",29997,"9,700",1,https://www.craigslist.org/view/d/abbotsford-southwest-2024-dodge-hornet/tcS7RqQa9rdd1Wa2F1QSk5,excellent,hybrid,black,clean,automatic,SUV,4 cylinders,4wd,From $104+/ Weekly OAC💠NO DOWN REQUIRED!,,
2008 Nissan Serena 4WD,12490,"50,850",1,https://www.craigslist.org/view/d/burnaby-2008-nissan-serena-4wd/h9NwpYdGAjVRwt551ZxJt8,excellent,gas,black,clean,automatic,minivan,4 cylinders,4wd,Burnaby,,
"2020 Ram 1500 Rebel 4x4 Crew Cab 5'7"" Box • NO ACCIDENTS • Low KMs",38998,"121,995",1,https://www.craigslist.org/view/d/abbotsford-southwest-2020-ram-1500/eq85vCnMb5d7uK3mqJpqpw,excellent,gas,white,clean,automatic,pickup,8 cylinders,4wd,From $197+/ Weekly OAC💠NO DOWN REQUIRED!,,
2024 Dodge Hornet R/T PHEV SUV • 15K KMs Only • Apple CarPlay,29997,"15,110",1,https://www.craigslist.org/view/d/abbotsford-southwest-2024-dodge-hornet/7FZQSzf9qrS8RTUkjbFftA,excellent,gas,grey,clean,automatic,SUV,4 cylinders,4wd,From $104+/ Weekly OAC💠NO DOWN REQUIRED!,,
2013 Hyundai Sonata(t07400a) - Destination Mazda Vancouver,6895,"108,968",1,https://www.craigslist.org/view/d/vancouver-2013-hyundai-sonatat07400a/tsbc38ah2Ngi87e5nU2UiV,good,gas,silver,clean,automatic,sedan,4 cylinders,fwd,Vancouver,5NPEB4AC4DH608189,
2011 VOLVO XC60 T6 R DESIGN,7995,"160,000",1,https://www.craigslist.org/view/d/burnaby-2011-volvo-xc60-t6-design/e6m8Mjhwp7c89mdKy5mU5L,excellent,gas,grey,clean,automatic,SUV,6 cylinders,4wd,Burnaby,,
FS : 2023 Mercedes Benz GLS63 AMG - low km,129995,"32,700",1,https://www.craigslist.org/view/d/vancouver-fs-mercedes-benz-gls63-amg/6hQnNjRby7X6u71eFJMpn8,like new,gas,white,clean,automatic,SUV,8 cylinders,4wd,Vancouver (NW Shaughnessy / East Kitsilano / Quilchena),,
2017 Volkswagen Golf Trendline MANUAL - No accidents - RARE,15616,"91,485",1,https://www.craigslist.org/view/d/surrey-south-2017-volkswagen-golf/h5K4iFZPYrew2c3amCx6YB,like new,gas,grey,clean,manual,hatchback,4 cylinders,fwd,Call Nathan 604 330 2043,,
2021 Mercedes-Benz A-Class A220 4MATIC Sedan • Low km • Luxury Loaded,24998,"103,524",1,https://www.craigslist.org/view/d/abbotsford-southwest-2021-mercedes-benz/n2e5JNMxQbZvcjiJAo9grt,excellent,gas,black,clean,automatic,sedan,4 cylinders,4wd,From $96+/ Weekly OAC💠NO DOWN REQUIRED!,,
2024 Dodge Hornet R/T Hybrid SUV • Low 12K KMs • MINT CONDITION,29997,"11,596",1,https://www.craigslist.org/view/d/abbotsford-southwest-2024-dodge-hornet/kQAhD9Rs6pkf5EbqLrudRs,excellent,hybrid,white,clean,automatic,SUV,4 cylinders,4wd,From $104+/ Weekly OAC💠NO DOWN REQUIRED!,,
2024 Subaru Crosstrek(s00460L) - Destination Mazda Vancouver,27495,"33,000",1,https://www.craigslist.org/view/d/vancouver-2024-subaru-crosstreks00460l/bY2MKQLopaJdkJJJ3r2T3P,excellent,gas,grey,clean,automatic,SUV,4 cylinders,4wd,Vancouver,JF2GUABC5RH347243,
2021 Kia Seltos LX FWD SUV • LOW MILEAGE • CLEAN TITLE,16998,"104,494",1,https://www.craigslist.org/view/d/abbotsford-southwest-2021-kia-seltos-lx/wj3tL9NLbPwaJpzz7FtbxA,excellent,gas,grey,clean,automatic,SUV,4 cylinders,fwd,From $65+/ Weekly OAC💠NO DOWN REQUIRED!,,
2025 Toyota Rav4 XLE(t93912L) - Destination Mazda Vancouver,47795,"13,635",1,https://www.craigslist.org/view/d/vancouver-2025-toyota-rav4-xlet93912l/naei3MPmFQMpRRVbSKogSL,like new,hybrid,blue,clean,automatic,SUV,4 cylinders,4wd,Vancouver,2T3RWRFV9SW287138,
"2023 Tesla Model Y Long Range AWD ***Local BC car, No accidents***",49800,"46,000",1,https://www.craigslist.org/view/d/coquitlam-2023-tesla-model-long-range/oV7aEdf7tDZu2im4dCMFzw,like new,electric,,clean,automatic,,,4wd,CarMatch,,
2022 Mazda CX9 Signature(t03342L) - Destination Mazda Vancouver,36495,"31,218",1,https://www.craigslist.org/view/d/vancouver-2022-mazda-cx9/b8i27hZT1vepFxk2ktmNnz,excellent,gas,silver,clean,automatic,van,4 cylinders,4wd,Vancouver,JM3TCBEYXN0624935,
2025 Mazda CX5 GS(mp4229) - Destination Mazda Vancouver,34495,"24,536",1,https://www.craigslist.org/view/d/vancouver-2025-mazda-cx5-gsmp/9XcJRMKRazyTKsagQpfA5W,like new,gas,black,clean,automatic,SUV,4 cylinders,4wd,Vancouver,JM3KFBCL0S0585018,
"2021 Mitsubishi RVR SE 4WD Auto, No accident, 4cyl",9800,1,1,https://www.craigslist.org/view/d/burnaby-2021-mitsubishi-rvr-se-4wd-auto/enzkUDFr13dfu3Ns53X3Kh,good,gas,silver,clean,automatic,SUV,4 cylinders,,BURNABY,JA4AJVAW9MU607198,
"2017 Dodge Grand Caravan SXT Auto, 7 Pass, DVD",7800,1,1,https://www.craigslist.org/view/d/burnaby-2017-dodge-grand-caravan-sxt/nqC5AXgWLR7jZb1juEjTyh,good,gas,grey,clean,automatic,van,6 cylinders,fwd,BURNABY,2C4RDGBG9HR872306,
"2005 Honda Accord 4dr Auto Hybrid, No accident",5500,1,1,https://www.craigslist.org/view/d/burnaby-2005-honda-accord-4dr-auto/cH3SzrCJLwJZ4oGQYEDdiV,good,hybrid,black,clean,automatic,sedan,6 cylinders,fwd,BURNABY,JHMCN36425C800409,
"2022 Tesla Model Y Performance AWD, One owner, 185km",32800,"185,000",1,https://www.craigslist.org/view/d/burnaby-2022-tesla-model-performance/mdHZ1ebMe9eMycBE8eVtEL,good,electric,white,clean,automatic,SUV,,4wd,BURNABY,7SAYGDEF9NF408737,
"2011 Honda CR-V EX 4WD Auto, P Sunroof, Local",6800,1,1,https://www.craigslist.org/view/d/burnaby-2011-honda-cr-ex-4wd-auto/mmubjMQYrVDDs6pXTKd2en,good,gas,white,clean,automatic,SUV,4 cylinders,,BURNABY,5J6RE4H54BL811022,
"2012 Lexus RX 350 Auto AWD, P Sunroof",9500,1,1,https://www.craigslist.org/view/d/burnaby-2012-lexus-rx-350-auto-awd/6aTy95pqNggKMr4ujxpVQE,good,gas,red,clean,automatic,SUV,6 cylinders,4wd,BURNABY,2T2BK1BA0CC146127,
"2014 Mercedes-Benz B-Class B 250 5dr Auto HB, 145km, Local",8000,"145,000",1,https://www.craigslist.org/view/d/burnaby-2014-mercedes-benz-class-250/t9T1ujCTx2AKXmVD11r2FW,good,gas,white,clean,automatic,hatchback,4 cylinders,fwd,BURNABY,WDDMH4EB5EJ191918,
"2014 Audi Q7 Quattro 3.0T Prestige, Navi, 7 Pass",11800,"168,000",1,https://www.craigslist.org/view/d/burnaby-2014-audi-q7-quattro-30t/8zzdDXWjw2n9sbKywUsB9F,good,gas,grey,clean,automatic,SUV,6 cylinders,,BURNABY,WA1DGCFE9ED013728,
"2019 Nissan NV200 Compact Cargo S Auto, Local, No accident",12800,1,1,https://www.craigslist.org/view/d/burnaby-2019-nissan-nv200-compact-cargo/6tVC8CvQYpjeu8TqE6yrBg,good,gas,white,clean,automatic,van,4 cylinders,fwd,BURNABY,3N6CM0KN0KK692392,
2018 Nissan Rogue S AWD | 69K KM | No Accidents | Very Well Maintained,17500,"69,548",1,https://www.craigslist.org/view/d/richmond-2018-nissan-rogue-awd-69k-km/8o5QA5fLQquvZiEwXyDQpY,excellent,gas,grey,clean,automatic,SUV,4 cylinders,4wd,Richmond,5N1AT2MV2JC726743,
"2016 Nissan Pathfinder S Auto 4WD, 7 Pass, Navi",7500,1,1,https://www.craigslist.org/view/d/burnaby-2016-nissan-pathfinder-auto-4wd/na18PQPW652J4oDDS35Cko,good,gas,black,clean,automatic,SUV,6 cylinders,,BURNABY,5N1AR2MM4GC670111,
2011 Honda Accord EX-L | BC Local | Clean Title | Dealer Maintained,13995,"144,072",1,https://www.craigslist.org/view/d/richmond-2011-honda-accord-ex-bc-local/jd3hbdvpMhdKBxBg17sQKq,excellent,gas,grey,clean,automatic,sedan,4 cylinders,fwd,Richmond,1HGCP2F84BA803538,
2019 Audi Q5 Premium Plus TFSI quattro,21888,"92,000",1,https://www.craigslist.org/view/d/burnaby-2019-audi-q5-premium-plus-tfsi/hjUoNSR6hEnL1ssvmYuHPn,excellent,gas,black,clean,automatic,SUV,4 cylinders,4wd,Burnaby,,
2003 BMW Z4 2.5i Roadster Auto Premium Pkg,18119,"73,500",1,https://www.craigslist.org/view/d/burnaby-2003-bmw-z4-25i-roadster-auto/5p73G44VTj98XG8nkpPkUs,excellent,gas,red,clean,automatic,convertible,6 cylinders,rwd,Burnaby,,
2008 BMW 328i Hardtop Convertible Automatic,11495,"186,000",1,https://www.craigslist.org/view/d/burnaby-2008-bmw-328i-hardtop/eBoEziM8CqwGSjh1pK7tiW,excellent,gas,grey,clean,automatic,convertible,6 cylinders,rwd,Burnaby,,
2011 BMW X3 3.5i Xdrive w/Navigation,11984,"136,000",1,https://www.craigslist.org/view/d/burnaby-2011-bmw-x3-35i-xdrive/s8arqGexyG4ycgn9C7Jc8m,excellent,gas,silver,clean,automatic,SUV,6 cylinders,4wd,Burnaby,,
2013 BMW 328xi Xdrive sedan,11873,"134,000",1,https://www.craigslist.org/view/d/burnaby-2013-bmw-328xi-xdrive-sedan/8WZHqFRLocSZ71CbubDsWV,excellent,gas,blue,clean,automatic,sedan,4 cylinders,4wd,Burnaby,,
2017 BMW X3 2.8i Xdrive w/Navigation,19772,"78,000",1,https://www.craigslist.org/view/d/burnaby-2017-bmw-x3-28i-xdrive/tYwd152xVWGgqN7PKQtQMH,excellent,gas,white,clean,automatic,SUV,4 cylinders,4wd,Burnaby,,
2014 Kia Optima EX Premium ECO Hybrid,11981,"129,000",1,https://www.craigslist.org/view/d/burnaby-2014-kia-optima-ex-premium-eco/griAuSx68HiTcgomWxf1a7,excellent,hybrid,white,clean,automatic,sedan,4 cylinders,fwd,Burnaby,,
2015 Kia Sportage AWD 4dr LX,10519,"125,000",1,https://www.craigslist.org/view/d/burnaby-2015-kia-sportage-awd-4dr-lx/3HYJL5TuXqEx3bQWSriqzU,excellent,gas,black,clean,automatic,SUV,4 cylinders,4wd,Burnaby,,
2016 Kia Soul LX FWD MANUAL! 6 speed,9392,"113,000",1,https://www.craigslist.org/view/d/burnaby-2016-kia-soul-lx-fwd-manual/tTkgHfMKjos7Mubc3X69xy,excellent,gas,white,clean,manual,hatchback,4 cylinders,fwd,Burnaby,,
2015 Nissan Murano SL AWD w/Navigation,18399,"60,000",1,https://www.craigslist.org/view/d/burnaby-2015-nissan-murano-sl-awd/hLzsx882cgHJEDRacCU67K,excellent,gas,black,clean,automatic,SUV,6 cylinders,4wd,Burnaby,,
2017 Porsche Macan w/Navigation-360* Camera,28678,"76,000",1,https://www.craigslist.org/view/d/burnaby-2017-porsche-macan-navigation/dCN4PkkFgeuLRk6SU3LwAm,excellent,gas,white,clean,automatic,SUV,4 cylinders,4wd,Burnaby,,
2021 Tesla Model 3 Standard Range Plus RWD,19800,"174,908",1,https://www.craigslist.org/view/d/surrey-outer-northwest-2021-tesla-model/svtDUjv1r9r1kqCncnUAwp,excellent,other,white,clean,automatic,sedan,,rwd,Surrey,5YJ3E1EA0MF840857,
2009 Chevrolet Uplander 4dr Reg WB LS,4800,"172,051",1,https://www.craigslist.org/view/d/surrey-outer-northwest-2009-chevrolet/2QP25HbrtTYp2Sahfoywah,excellent,gas,,clean,automatic,van,6 cylinders,fwd,Surrey,1GNDU23109D115992,
"2023 BMW X5 40I LOCAL LOADED WITH ONLY 54,000 KMS!",49499,"54,223",1,https://www.craigslist.org/view/d/vancouver-2023-bmw-x5-40i-local-loaded/nBSy22xWro7BubMe76c9TE,excellent,gas,black,clean,automatic,SUV,6 cylinders,4wd,LOW FINANCING AVAILABLE!,,
2007 Ford Econoline E-250 Commercial,6800,"277,000",1,https://www.craigslist.org/view/d/surrey-outer-northwest-2007-ford/nNU24bUJxpTeGX4f88kXik,excellent,gas,white,clean,automatic,minivan,8 cylinders,rwd,Surrey,1FTNE24L27DA18574,
2011 Chevrolet Express Passenger AWD 1500 8 Seaters,14800,"320,000",1,https://www.craigslist.org/view/d/surrey-outer-northwest-2011-chevrolet/9buBHzas4Rkc7U7UEYieJL,excellent,gas,white,clean,automatic,minivan,8 cylinders,4wd,Surrey,1GNSHCF49B1157799,
2014 GMC Savana RWD Extended,7800,"233,537",1,https://www.craigslist.org/view/d/surrey-outer-northwest-2014-gmc-savana/mb5mWy1QWsa8xqgVFo1712,excellent,gas,white,clean,automatic,minivan,8 cylinders,rwd,Surrey,1GTW7GBA0E1145433,
2022 HONDA CR-V LX AWD — RELIABLE SUV! GREAT VALUE!,214,"74,743",1,https://www.craigslist.org/view/d/langley-city-2022-honda-cr-lx-awd/bRvTFTUg8yxggbKgxcpoLr,,gas,,clean,automatic,SUV,,,ALL CREDIT TYPES APPROVED!💠$0 DOWN AVAILABLE!,,
"2024 FORD RANGER XL 4X4: NO ACCIDENTS, WARRANTY!",275,"20,453",1,https://www.craigslist.org/view/d/langley-city-2024-ford-ranger-xl-4x4-no/nadf1gDvipi2hwq7gDbb5R,,gas,,clean,automatic,pickup,,,ALL CREDIT TYPES APPROVED!💠$0 DOWN AVAILABLE!,,
2023 Mercedes-Benz EQE 350 4MATIC All-Electric SUV ⚡PREMIUM LUXURY EV!,344,"104,367",1,https://www.craigslist.org/view/d/langley-city-2023-mercedes-benz-eqe-350/cukx5XnVf4Sm2oUBmgxuZ9,,electric,,clean,automatic,SUV,,,ALL CREDIT TYPES APPROVED!💠$0 DOWN AVAILABLE!,,
2025 AUDI Q5 quattro Premium Plus:  • Low km • Accident-Free,372,"32,943",1,https://www.craigslist.org/view/d/langley-city-2025-audi-q5-quattro/3UYCsHpCXs6BgFor4WaW1T,,gas,,clean,automatic,SUV,,,ALL CREDIT TYPES APPROVED!💠$0 DOWN AVAILABLE!,,
2007 CF600 Cab and Chassis (26-110),1800,"208,000",1,https://www.craigslist.org/view/d/surrey-2007-cf600-cab-and-chassis/2h5yq3ubisu1JiZ3RJX1NJ,,diesel,grey,clean,automatic,,,,Surrey,,
2002 Honda Civic Coupe,1900,"465,524",1,https://www.craigslist.org/view/d/port-moody-2002-honda-civic-coupe/sbUH24EB3zT81rEvFMJ98s,excellent,gas,black,clean,manual,coupe,4 cylinders,fwd,Burrell Auto Group-Port Moody,,
2005 Ford Focus ZX3 | FREE 3000 KM LUBRICO WARRANTY,2480,"234,841",1,https://www.craigslist.org/view/d/vancouver-2005-ford-focus-zx3-free-3000/wDer8yN4LZnQhfQSigYQq6,excellent,gas,black,clean,manual,hatchback,4 cylinders,fwd,Vancouver BC,3FAFP31N45R100746,
2005 Ford Focus ZX3 | FREE 3000 KM LUBRICO WARRANTY,2480,"234,841",1,https://www.craigslist.org/view/d/vancouver-2005-ford-focus-zx3-free-3000/hcYmFu17QmF3fWLqaDhXkx,excellent,gas,black,clean,manual,hatchback,4 cylinders,fwd,Vancouver BC,3FAFP31N45R100746,
2003 Toyota Corolla CE,2495,"299,999",1,https://www.craigslist.org/view/d/delta-2003-toyota-corolla-ce/6NmpwqENvfgrZLhKSLruCx,excellent,gas,silver,clean,automatic,sedan,4 cylinders,fwd,Vancouver,,
wtb sell us your car,2900,"345,830",1,https://www.craigslist.org/view/d/port-moody-wtb-sell-us-your-car/9HhDa5n4xWhncu8Zrrg9D7,excellent,gas,blue,clean,manual,SUV,6 cylinders,4wd,Burrell Auto Group-Port Moody,,
2005 Nissan Pathfinder SE 4WD,2900,"372,960",1,https://www.craigslist.org/view/d/port-moody-2005-nissan-pathfinder-se-4wd/gShsXP3zhMZDMeG5dB6Zrn,excellent,gas,grey,clean,automatic,SUV,6 cylinders,4wd,Burrell Auto Group-Port Moody,,
2004 Toyota Echo,2900,"270,000",1,https://www.craigslist.org/view/d/surrey-2004-toyota-echo/gYCivdNEA7mChjXNMEi17P,excellent,gas,blue,clean,manual,hatchback,4 cylinders,fwd,Surrey,,
2010 Nissan Sentra 4dr 2.0 2009 2008,2900,"276,382",1,https://www.craigslist.org/view/d/port-moody-2010-nissan-sentra-4dr/qUG1zqXuQsPpPozhdESty5,excellent,gas,blue,clean,automatic,sedan,4 cylinders,fwd,Burrell Auto Group-Port Moody,,
2006 Nissan Altima,2999,"248,000",1,https://www.craigslist.org/view/d/surrey-2006-nissan-altima/gyZnyFPyzWk8qR1PsPNvvy,excellent,gas,black,clean,automatic,sedan,4 cylinders,fwd,surrey,,
2012 Ford Fiesta 5dr HB SE 2011,3500,"214,413",1,https://www.craigslist.org/view/d/port-moody-2012-ford-fiesta-5dr-hb-se/aaDNkeXehv15fVc3QTbhCF,excellent,gas,grey,clean,automatic,hatchback,4 cylinders,fwd,Burrell Auto Group-Port Moody,,
2003 Acura 1.7 EL Premium 2002 2001,3500,"278,959",1,https://www.craigslist.org/view/d/port-moody-2003-acura-17-el-premium/5P9MeXE5FCkQi682QCKSyi,excellent,gas,silver,clean,automatic,sedan,4 cylinders,fwd,Burrell Auto Group-Port Moody,,
"2007 Nissan Altima 4dr Sdn V6, 3.5 S, FREE 10,000 KM WARRANTY",3680,"248,961",1,https://www.craigslist.org/view/d/vancouver-2007-nissan-altima-4dr-sdn-v6/exoF4WgE5iut4cNEbeaVEz,excellent,gas,grey,clean,automatic,sedan,6 cylinders,fwd,Vancouver BC,1N4BL21E07C155278,
"2009 Ford Fusion 4dr Sdn I4 SE FWD, FREE 10,000 KM WARRANTY",3680,"224,203",1,https://www.craigslist.org/view/d/vancouver-2009-ford-fusion-4dr-sdn-i4/e3PSuvFupCc9tqnC3VM51U,excellent,gas,black,clean,automatic,sedan,4 cylinders,fwd,Vancouver BC,3FAHP07Z19R115504,
"2006 Dodge Caravan C/V 113"" WB",3800,"245,598",1,https://www.craigslist.org/view/d/surrey-outer-northwest-2006-dodge/qAfMfFUbk3Uwrd17SbWcms,,gas,white,clean,automatic,van,6 cylinders,fwd,Surrey,1D4GP21R86B729673,
2008 Jeep Grand Cherokee Diesel 4WD 4dr Laredo,3900,"348,399",1,https://www.craigslist.org/view/d/port-moody-2008-jeep-grand-cherokee/fHGFHbPLqmQqCC3Gb7rTgg,excellent,diesel,white,clean,automatic,SUV,6 cylinders,4wd,Burrell Auto Group-Port Moody,,
2007 Chrysler PT Cruiser 2dr Convertible 2004 2005 2006,3900,"126,035",1,https://www.craigslist.org/view/d/port-moody-2007-chrysler-pt-cruiser-2dr/34foMLGcYuxSKYDTB82kjX,excellent,gas,white,clean,automatic,convertible,4 cylinders,fwd,Burrell Auto Group-Port Moody,,
2006 Jeep Liberty 4dr Sport 4WD,3900,"296,081",1,https://www.craigslist.org/view/d/port-moody-2006-jeep-liberty-4dr-sport/vaZEHibL9VrwZYWzsiwTxr,excellent,gas,grey,clean,automatic,SUV,6 cylinders,4wd,Burrell Auto Group-Port Moody,,
2000 GMC SAVANA  Express Cargo 2000 1998 2001,3900,"379,542",1,https://www.craigslist.org/view/d/port-moody-2000-gmc-savana-express/pHgCj1pzLBfpsNebTqpGYk,excellent,gas,white,clean,automatic,truck,8 cylinders,rwd,Burrell Auto Group-Port Moody,,
2010 Chrysler Sebring 2dr Conv Touring,3900,"244,429",1,https://www.craigslist.org/view/d/port-moody-2010-chrysler-sebring-2dr/eWtULGF2QBi8t2yJmgDn5F,excellent,gas,red,clean,automatic,convertible,6 cylinders,fwd,Burrell Auto Group-Port Moody,,
2006 Hyundai Tucson GL FWD 2.0L,3900,"253,262",1,https://www.craigslist.org/view/d/port-moody-2006-hyundai-tucson-gl-fwd/rdkLrqSHs9EQkfV3yGVxsf,excellent,gas,grey,clean,manual,SUV,4 cylinders,fwd,Burrell Auto Group-Port Moody,,
2013 Subaru XV Crosstrek 5dr Auto 2.0i,3900,"266,313",1,https://www.craigslist.org/view/d/port-moody-2013-subaru-xv-crosstrek-5dr/rc8yfPSnwXjHC4dxUCn8GN,good,gas,orange,clean,automatic,wagon,4 cylinders,4wd,Burrell Auto Group-Port Moody,,
2011 Volvo XC90 AWD I6 2010 2009,3900,"275,402",1,https://www.craigslist.org/view/d/port-moody-2011-volvo-xc90-awd/gxNXkMsZWazv7sLCE8Z5Gd,excellent,gas,black,clean,automatic,SUV,6 cylinders,4wd,Burrell Auto Group-Port Moody,,
2006 Nissan X-Trail AWD LE Xtrail 2005,3900,"282,820",1,https://www.craigslist.org/view/d/port-moody-2006-nissan-trail-awd-le/88pzEigwezP5aYVt3dF58y,excellent,gas,white,clean,automatic,SUV,4 cylinders,4wd,Burrell Auto Group-Port Moody,,
2008 BMW 323i  2007 2006,3900,"279,804",1,https://www.craigslist.org/view/d/port-moody-2008-bmw-323i/1Fxt9Gd46u1XnQWhAvzbsv,excellent,gas,silver,clean,automatic,sedan,6 cylinders,rwd,Burrell Auto Group-Port Moody,,
2010 Nissan Sentra*** 4 Cylinder***,3950,"223,000",1,https://www.craigslist.org/view/d/surrey-inner-northwest-2010-nissan/t4Dc9J3BKgKmTKViRgCSzT,excellent,gas,,clean,automatic,sedan,4 cylinders,,Surrey,,
1994 Dodge Stealth R/T Coupe Auto Clean Mitsubishi 3000GT,3995,"209,188",1,https://www.craigslist.org/view/d/coquitlam-1994-dodge-stealth-t-coupe/uY8xVEC1fQBaVjZk8npd1E,excellent,gas,green,clean,automatic,coupe,6 cylinders,fwd,Team West Auto Group,CALLTXT6043397852,
2005 Chrysler 300,3999,"193,000",1,https://www.craigslist.org/view/d/surrey-2005-chrysler-300/4hSbHKZkFqd5h1uj3TWMHD,excellent,gas,blue,clean,automatic,sedan,6 cylinders,rwd,Surrey,,
2009 Chevrolet Aveo,3999,"124,000",1,https://www.craigslist.org/view/d/surrey-2009-chevrolet-aveo/f49LnpdNezKTPAd2GdAFRc,excellent,gas,black,clean,automatic,sedan,4 cylinders,fwd,surrey,,
"2006 Land Rover LR3 4dr V6 Wgn, 7-passenger, FREE 20,000 KM WARRANTY",4480,"294,596",1,https://www.craigslist.org/view/d/vancouver-2006-land-rover-lr3-4dr-v6/5aVZcbSoj6oKSNPApnkTye,excellent,gas,green,clean,automatic,SUV,6 cylinders,4wd,Vancouver BC,SALAE24496A374181,
"2012 Ford Focus Electric 5dr HB | FREE 3,000 KM LUBRICO WARRANTY",4480,"243,484",1,https://www.craigslist.org/view/d/vancouver-2012-ford-focus-electric-5dr/wukBVQv9QpcNPqm9pVpj49,excellent,electric,white,clean,automatic,hatchback,,4wd,Vancouver BC,1FAHP3R47CL411474,
"2010 Hyundai Elantra GLS Auto, One owner, No accident",4500,1,1,https://www.craigslist.org/view/d/burnaby-2010-hyundai-elantra-gls-auto/egMiB4RH23GbBoPmyMKhk2,good,gas,silver,clean,automatic,sedan,4 cylinders,fwd,BURNABY,KMHDU4AD1AU066268,
2007 Jeep Patriot Sport | Fully Loaded |,4500,"299,781",1,https://www.craigslist.org/view/d/langley-city-2007-jeep-patriot-sport/6AWVinofc3NhjkCr7RDB6a,,gas,,clean,automatic,SUV,,,ALL CREDIT TYPES APPROVED!💠$0 DOWN AVAILABLE!,,
2005 Toyota Corolla Matrix XR| FREE 3000 KM LUBRICO WARRANTY!!,4680,"300,000",1,https://www.craigslist.org/view/d/vancouver-2005-toyota-corolla-matrix-xr/u2EKh4jJx9zgwUmvJVQpx6,excellent,gas,silver,clean,automatic,hatchback,4 cylinders,4wd,Vancouver BC,2T1KR32E55C910183,
2004 Toyota Camry 4dr Sdn LE Auto | FREE 3000 LUBRICO WARRANTY,4680,"266,498",1,https://www.craigslist.org/view/d/vancouver-2004-toyota-camry-4dr-sdn-le/su4Vi5tSLwU8deNRxNfPdU,excellent,gas,grey,clean,automatic,sedan,4 cylinders,fwd,Vancouver BC,4T1BE32K24U889341,
"2009 Mazda CX-9 FWD 4dr Sport, FREE 5,000 KM WARRANTY",4680,"267,393",1,https://www.craigslist.org/view/d/vancouver-2009-mazda-cx-fwd-4dr-sport/4pgMgx1RkpKE5NpdM5hBfP,excellent,gas,black,clean,automatic,SUV,6 cylinders,fwd,Vancouver BC,JM3TB28A590168723,
"2006 Dodge Caravan C/V 113"" WB",4800,"169,935",1,https://www.craigslist.org/view/d/surrey-outer-northwest-2006-dodge/w2BpcNxcx82fHLDX7ux7bR,excellent,gas,white,clean,automatic,van,6 cylinders,fwd,Surrey,1D4GP21R56B729713,
2000 Ford Focus 4dr Wgn SE,4800,"78,488",1,https://www.craigslist.org/view/d/surrey-outer-northwest-2000-ford-focus/jYCvsnN7m6npLowtL7MQWv,excellent,gas,black,clean,automatic,wagon,4 cylinders,fwd,Surrey,1FAHP3635YW232674,
2007 Dodge Caliber SXT,4800,"187,770",1,https://www.craigslist.org/view/d/burnaby-2007-dodge-caliber-sxt/aib9Wh1EPb8NXGfVEGhkzD,excellent,gas,white,clean,automatic,SUV,4 cylinders,fwd,Burnaby,,
2007 Dodge Caliber | No accidents | Low KMs,4800,"187,766",1,https://www.craigslist.org/view/d/burnaby-2007-dodge-caliber-no-accidents/wa1WZZ6pcyhCvU4y3mQfKH,,gas,white,clean,automatic,,,,Burnaby,,
2007 Dodge Calibre SXT | No Accidents | Low Kilometres | BC Vehicle,4800,"187,766",1,https://www.craigslist.org/view/d/burnaby-2007-dodge-calibre-sxt-no/541Nt3zUHNKg1yPC4zQsc4,,gas,,clean,automatic,,,,Burnaby,,
SUBARU FORESTER 5SP MANUAL AWD LOCAL,4800,"194,339",1,https://www.craigslist.org/view/d/vancouver-subaru-forester-5sp-manual/n1RzFhwcbZqLL2gridefGq,good,gas,,clean,manual,wagon,4 cylinders,,VANCOUVER,,
2015 Nissan Micra Automatic,4900,"228,499",1,https://www.craigslist.org/view/d/port-moody-2015-nissan-micra-automatic/i9Bv6f4xZjoBUR9ECcsJyz,excellent,gas,grey,clean,automatic,hatchback,4 cylinders,fwd,Burrell Auto Group-Port Moody,,
2005 Chrysler PT Cruiser 2dr Convertible GT 2004 2003,4900,"133,319",1,https://www.craigslist.org/view/d/port-moody-2005-chrysler-pt-cruiser-2dr/h9hqB3WU7LpHg7BJeo8TSV,excellent,gas,black,clean,automatic,convertible,4 cylinders,fwd,Burrell Auto Group-Port Moody,,
2008 Honda Accord EX-L AT 2006 2007,4900,"278,745",1,https://www.craigslist.org/view/d/port-moody-2008-honda-accord-ex-at/pUaZJ97wg8sp8xm1iqEraG,excellent,gas,brown,clean,automatic,sedan,4 cylinders,fwd,Burrell Auto Group-Port Moody,,
"2007 Nissan Altima 2.5 SL*** 4 Cylinder*** 147,000 Kilometers***",4950,"147,000",1,https://www.craigslist.org/view/d/surrey-inner-northwest-2007-nissan/59fmNpYaLCmMmqLWKH6Qi1,excellent,gas,,clean,automatic,sedan,4 cylinders,,Surrey,,
"2005 Audi A4***3.0***Convertible***63,000 Miles***",4950,"63,000",1,https://www.craigslist.org/view/d/surrey-inner-northwest-2005-audi/t5T3zLELaj9kii4tqbtpGC,excellent,gas,,clean,automatic,convertible,,4wd,Surrey,,
"2005 Honda Odyssey 5dr EX-L, Leather | FREE 3000 KM WARRANTY!!",4980,"294,780",1,https://www.craigslist.org/view/d/vancouver-2005-honda-odyssey-5dr-ex/fCxs6z1zBC2VEphMaHPmQM,excellent,gas,blue,clean,automatic,minivan,6 cylinders,fwd,Vancouver BC,5FNRL38655B509955,
"2007 BMW X5 AWD 4dr 3.0si | FREE 3,000 KM WARRANTY",4980,"147,977",1,https://www.craigslist.org/view/d/vancouver-2007-bmw-x5-awd-4dr-30si-free/dthA46xP9rnmajdiFGgi7p,excellent,gas,silver,clean,automatic,SUV,6 cylinders,4wd,Vancouver BC,5UXFE43517L011400,
2009 Nissan cube 1.8 Local No accident One owner Clean cube,4995,"182,552",1,https://www.craigslist.org/view/d/coquitlam-2009-nissan-cube-18-local-no/a3P6gqY8TKoqfP7oaTcNjn,excellent,gas,grey,clean,automatic,hatchback,4 cylinders,fwd,Team West Auto Group,CALLTXT6043397852,
2007 Nissan Altima 2.5L Local No accident One owner Clean altima,4995,"161,416",1,https://www.craigslist.org/view/d/coquitlam-2007-nissan-altima-25l-local/ncwbYN2yc75TLWswroytS6,excellent,gas,grey,clean,automatic,sedan,4 cylinders,fwd,Team West Auto Group,CALLTXT6043397852,
2007 Dodge Nitro SXT 4WD Local No accident Clean dodge nitro,4995,"183,267",1,https://www.craigslist.org/view/d/coquitlam-2007-dodge-nitro-sxt-4wd/q2UNnDKaxtFWvh1kzPs37n,excellent,gas,red,clean,automatic,SUV,6 cylinders,4wd,Team West Auto Group,CALLTXT6043397852,
2009 Volkswagen Jetta,4999,"154,000",1,https://www.craigslist.org/view/d/surrey-2009-volkswagen-jetta/qdzYT2PaCAtLfd84BE8VtH,like new,gas,silver,rebuilt,automatic,sedan,4 cylinders,fwd,surrey,,
2012 Hyundai Accent,4999,"162,000",1,https://www.craigslist.org/view/d/surrey-2012-hyundai-accent/1QmSZ2RugPawj1baiHywSZ,like new,gas,red,clean,manual,sedan,4 cylinders,fwd,Surrey,,
2011 Dodge Journey R/T|FREE 3000 KM COMPREHENSIVE LUBRICO WARRANTY!!,5480,"217,301",1,https://www.craigslist.org/view/d/vancouver-2011-dodge-journey-tfree-3000/iCnDEzAHqcdUGzqiqDcDrz,excellent,gas,orange,clean,automatic,SUV,6 cylinders,4wd,Vancouver BC,3D4PH6FG8BT571016,
"2006 Audi A3 4dr HB 2.0T Auto | FREE 3,000 KM WARRANTY",5480,"181,123",1,https://www.craigslist.org/view/d/vancouver-2006-audi-a3-4dr-hb-20t-auto/rfNTBRXv3t1JWB2PDPNYN2,excellent,gas,silver,clean,automatic,wagon,4 cylinders,fwd,Vancouver BC,WAUHF78P26A016485,
2014 Nissan versa note,5495,"158,774",1,https://www.craigslist.org/view/d/delta-2014-nissan-versa-note/cK4WEEAXyRwQmKBxzaDSMr,like new,gas,grey,clean,automatic,sedan,4 cylinders,fwd,Vancouver,,
"2011 Toyota Corolla 4dr, Local, 4cyl",5500,1,1,https://www.craigslist.org/view/d/burnaby-2011-toyota-corolla-4dr-local/4CbEJqi6DoKu1vYwbFWJ3G,good,gas,grey,clean,manual,sedan,4 cylinders,fwd,BURNABY,2T1BU4EE0BC614466,
2009 Honda CR-V EX-L CRV 2006 2005,5500,"316,599",1,https://www.craigslist.org/view/d/port-moody-2009-honda-cr-ex-crv/8cfMSyvdbMvCgMxDj2p8TS,excellent,gas,brown,clean,automatic,SUV,4 cylinders,fwd,Burrell Auto Group-Port Moody,,
2012 Scion IQ 3dr HB,5800,"118,459",1,https://www.craigslist.org/view/d/surrey-outer-northwest-2012-scion-iq/8VmQrpT6xjct3RcuzhjzNb,excellent,gas,blue,rebuilt,automatic,hatchback,4 cylinders,fwd,Surrey,JTNJJXB02CJ017531,
2007 Chevrolet Uplander 4dr Reg WB LS,5800,"130,104",1,https://www.craigslist.org/view/d/surrey-outer-northwest-2007-chevrolet/veXLppYoumSRmWigssmT8m,good,gas,silver,clean,automatic,van,6 cylinders,fwd,Surrey,1GNDU23117D126142,
"2010 Mazda Mazda3 4dr Auto, Local, 4cyl",5800,1,1,https://www.craigslist.org/view/d/burnaby-2010-mazda-mazda3-4dr-auto/2mg6WAezHQNLk4t4g3rB3T,good,gas,blue,clean,automatic,sedan,4 cylinders,fwd,BURNABY,JM1BL1SF7A1318748,
"2011 Mazda CX-9 GT AWD Auto, 7 Pass, Navi",5800,1,1,https://www.craigslist.org/view/d/burnaby-2011-mazda-cx-gt-awd-auto-pass/wC3wXLtoT4ixDUY3XLMF6x,good,gas,grey,clean,automatic,SUV,6 cylinders,4wd,BURNABY,JM3TB3DA4B0332206,
2014 Nissan Pathfinder 4WD 2013,5900,"271,995",1,https://www.craigslist.org/view/d/port-moody-2014-nissan-pathfinder-4wd/pPanxgY4gLo5t7DL7vJQdg,excellent,gas,grey,clean,automatic,SUV,6 cylinders,4wd,Burrell Auto Group-Port Moody,,
2009 Nissan Murano LE AWD 2008 2007,5900,"192,991",1,https://www.craigslist.org/view/d/port-moody-2009-nissan-murano-le-awd/6YVcBGgakbN84G7HVaVTJP,excellent,gas,brown,clean,automatic,SUV,6 cylinders,4wd,Burrell Auto Group-Port Moody,,
2009 Audi Q5 quattro 4dr 3.2L,5900,"256,441",1,https://www.craigslist.org/view/d/port-moody-2009-audi-q5-quattro-4dr-32l/s3chCjJLRike2VpfxsUtjW,excellent,gas,black,clean,automatic,SUV,6 cylinders,4wd,Burrell Auto Group-Port Moody,,
2016 DODGE JOURNEY RT 7 PASSENGER 2013 2014 2015,5900,"194,998",1,https://www.craigslist.org/view/d/port-moody-2016-dodge-journey-rt/gUMy3B9fwue1ZaUxN3xyRq,excellent,gas,white,clean,automatic,SUV,6 cylinders,4wd,Burrell Auto Group-Port Moody,,
"2005 Ford Mustang 2dr Cpe, 4.0L V6 | FREE 3,000 KM LUBRICO WARRANTY",5980,"234,586",1,https://www.craigslist.org/view/d/vancouver-2005-ford-mustang-2dr-cpe-40l/t5zt5DZa1Eh6W5jd6J8eQb,excellent,gas,blue,clean,manual,coupe,6 cylinders,rwd,Vancouver BC,1ZVFT80N555184886,
2009 Pontiac Torrent LT | FREE 3000 KM LUBRICO WARRANTY!!,5980,"163,580",1,https://www.craigslist.org/view/d/vancouver-2009-pontiac-torrent-lt-free/iMrzjW3sWigHLnKU1RZ692,excellent,gas,grey,clean,automatic,SUV,6 cylinders,fwd,Vancouver BC,2CKDL33F296249603,
Sedan,5988,"221,118",1,https://www.craigslist.org/view/d/coquitlam-sedan/naovmqUu3YCPS1etN2EG52,good,gas,silver,clean,automatic,sedan,4 cylinders,fwd,Coquitlam,2HGFA16567H020616,
2006 Mini Cooper 1.6L Auto Local Low km Full service record Clean mini,5995,"115,709",1,https://www.craigslist.org/view/d/coquitlam-2006-mini-cooper-16l-auto/3bMgfn36pYUFpcVzpMUVcb,excellent,gas,white,clean,automatic,hatchback,4 cylinders,fwd,Team West Auto Group,CALLTXT6043397852,
2006 BMW X5 3.0L AWD Local No accident Low km Clean x5,5995,"140,445",1,https://www.craigslist.org/view/d/coquitlam-2006-bmw-x5-30l-awd-local-no/cn4KpvPsjN4bUw7iRhx1zZ,excellent,gas,silver,clean,automatic,SUV,6 cylinders,4wd,Team West Auto Group,CALLTXT6043397852,
"2008 Hyundai Veracruz GLS AWD 7 Seats, Local Clean hyundai",5995,"182,994",1,https://www.craigslist.org/view/d/coquitlam-2008-hyundai-veracruz-gls-awd/tehWhMTJb2La8Vfi2jcbFf,excellent,gas,silver,clean,automatic,SUV,6 cylinders,4wd,Team West Auto Group,CALLTXT6043397852,
2008 Ford Escape XLT 4WD Auto No accident Clean escape,5995,"199,239",1,https://www.craigslist.org/view/d/coquitlam-2008-ford-escape-xlt-4wd-auto/bFoKS5dWgUnEiv7JoBKTQS,excellent,gas,red,clean,automatic,SUV,6 cylinders,4wd,Team West Auto Group,CALLTXT6043397852,
2010 Hyundai Genesis Coupe 2.0 Local Auto Clean genesis,5995,"188,268",1,https://www.craigslist.org/view/d/coquitlam-2010-hyundai-genesis-coupe-20/5gDr25KYGsrwiTpL1hooov,excellent,gas,grey,clean,automatic,coupe,4 cylinders,fwd,Team West Auto Group,CALLTXT6043397852,
2011 Kia Forte 5 EX Hatchback 2.0 Auto Local No accident Low km,5995,"113,602",1,https://www.craigslist.org/view/d/coquitlam-2011-kia-forte-ex-hatchback/mkcGaFXmNGWdMSuNv6R2KX,excellent,gas,red,clean,automatic,hatchback,4 cylinders,fwd,Team West Auto Group,CALLTXT6043397852,
2014 Hyundai Santa Fe Sport 2.4L Local No accident Clean santafe,5995,"198,966",1,https://www.craigslist.org/view/d/coquitlam-2014-hyundai-santa-fe-sport/vrUMK1PvoLQrwWw5iPVZda,excellent,gas,grey,clean,automatic,SUV,4 cylinders,fwd,Team West Auto Group,CALLTXT6043397852,
2015 Kia Optima LX 2.5L Clean kia optima,5995,"184,436",1,https://www.craigslist.org/view/d/coquitlam-2015-kia-optima-lx-25l-clean/tv2cSTqnZXiDQm6DRvss6s,excellent,gas,grey,clean,automatic,sedan,4 cylinders,fwd,Team West Auto Group,CALLTXT6043397852,
2013 Kia Optima EX 2.4L Local Clean kia optima,5995,"186,908",1,https://www.craigslist.org/view/d/coquitlam-2013-kia-optima-ex-24l-local/k2suxgpj8DNacsoNB4sNdd,excellent,gas,black,clean,automatic,sedan,4 cylinders,fwd,Team West Auto Group,CALLTXT6043397852,
2009 Mercedes-Benz C300 Local Clean Merceds c300,5995,"183,938",1,https://www.craigslist.org/view/d/coquitlam-2009-mercedes-benz-c300-local/iKKLSfuBoy4VvkQXgKyAqB,excellent,gas,grey,clean,automatic,coupe,6 cylinders,rwd,Team West Auto Group,CALLTXT6043397852,
2010 Nissan Rogue SL AWD Local No accident Low km Clean rogue,5995,"157,806",1,https://www.craigslist.org/view/d/coquitlam-2010-nissan-rogue-sl-awd/4i2HPWZDT1wQd9YzmakKCr,excellent,gas,white,clean,automatic,SUV,4 cylinders,4wd,Team West Auto Group,CALLTXT6043397852,
2010 Nissan Murano SL AWD Local No accident Clean murano,5995,"188,674",1,https://www.craigslist.org/view/d/coquitlam-2010-nissan-murano-sl-awd/tSxVqTei2cZ3BCDPad3HJx,excellent,gas,grey,clean,automatic,SUV,6 cylinders,4wd,Team West Auto Group,CALLTXT6043397852,
2004 VOLVO XC70 AWD WAGON,5995,"260,000",1,https://www.craigslist.org/view/d/burnaby-2004-volvo-xc70-awd-wagon/9apHt6FxyMCUmpH9GFCJWQ,excellent,gas,blue,clean,automatic,wagon,5 cylinders,4wd,Burnaby,,
2013 VOLVO XC60 T6 AWD,5995,"240,000",1,https://www.craigslist.org/view/d/burnaby-2013-volvo-xc60-t6-awd/nCj79ukAtCC4cqK9MgouMf,excellent,gas,black,clean,automatic,SUV,6 cylinders,4wd,Burnaby,,
2003 VOLVO S60 2.4L,5995,"130,000",1,https://www.craigslist.org/view/d/burnaby-2003-volvo-s60-24l/t5tQnVE6t3TW3EbcVessPe,like new,gas,grey,clean,automatic,sedan,5 cylinders,fwd,Burnaby,,
"2014 Dodge Journey AWD 4dr R/T, 7 Passenger | FREE 3000 KM WARRANTY",6480,"249,670",1,https://www.craigslist.org/view/d/vancouver-2014-dodge-journey-awd-4dr-t/5FNPXEGdR8xgAhqB5ex47Y,excellent,gas,red,clean,automatic,SUV,6 cylinders,4wd,Vancouver BC,3C4PDDFG4ET281972,
2011 BMW X3 AWD 4dr 35i | FREE 3000 KM WARRANTY,6480,"213,574",1,https://www.craigslist.org/view/d/vancouver-2011-bmw-x3-awd-4dr-35i-free/uCLxtbSuXv8457wnrErQJK,excellent,gas,grey,clean,automatic,SUV,6 cylinders,4wd,Vancouver BC,5UXWX7C55BL731173,
2012 Ford Focus Titanium| FREE 3000 KM LUBRICO WARRANTY!!,6480,"150,623",1,https://www.craigslist.org/view/d/vancouver-2012-ford-focus-titanium-free/7ZETdsP7KTzgTdo4WUaiW5,excellent,gas,black,clean,automatic,hatchback,4 cylinders,fwd,Vancouver BC,1FAHP3N21CL133059,
"2014 Dodge Journey AWD 4dr R/T, 7 Passenger | FREE 3000 KM WARRANTY",6480,"249,670",1,https://www.craigslist.org/view/d/vancouver-2014-dodge-journey-awd-4dr-t/4KueVdE4RLCoyzEqDt2JwN,excellent,gas,red,clean,automatic,SUV,6 cylinders,4wd,Vancouver BC,3C4PDDFG4ET281972,
"2009 Nissan Altima 4dr Sdn I4 CVT 2.5 S | Free 3,000 KM WARRANTY",6480,"148,308",1,https://www.craigslist.org/view/d/vancouver-2009-nissan-altima-4dr-sdn-i4/6RCkniw1tC42zRJqAqHjU3,excellent,gas,yellow,clean,automatic,sedan,4 cylinders,fwd,Vancouver BC,1N4AL21E89C141241,
2008 Suzuki Grand Vitara 4x4,6500,"230,000",1,https://www.craigslist.org/view/d/burnaby-2008-suzuki-grand-vitara-4x4/kd49z2icT9th7ns5uv6G5N,excellent,gas,grey,rebuilt,automatic,SUV,6 cylinders,4wd,fully tested and inspected,JS3TD947284101849,
2011 Toyota Yaris LE,6800,"117,000",1,https://www.craigslist.org/view/d/surrey-outer-northwest-2011-toyota/sUgrALp9WLjGoF3TrhdK9G,excellent,gas,red,rebuilt,automatic,hatchback,4 cylinders,fwd,Surrey,JTDKT4K33B5330817,
TOYOTA RAV4 AWD,6800,"212,174",1,https://www.craigslist.org/view/d/vancouver-toyota-rav4-awd/cwnwGS761aFGv1vWdZQXGD,good,gas,,clean,automatic,SUV,4 cylinders,4wd,TOYOTA TACOMA ACCESS C,,
"2015 Nissan Rogue SV Auto AWD, Local, P Sunroof",6800,"180,000",1,https://www.craigslist.org/view/d/burnaby-2015-nissan-rogue-sv-auto-awd/9gqFigQYKvzkXpQZcSGGD3,good,gas,green,clean,automatic,SUV,4 cylinders,4wd,BURNABY,5N1AT2MV3FC836854,
"2015 Kia Sorento LX Auto AWD, 7 Pass, Local",6800,1,1,https://www.craigslist.org/view/d/burnaby-2015-kia-sorento-lx-auto-awd/eZFDRcp4NoNUir3TDBLCvY,good,gas,silver,clean,automatic,SUV,6 cylinders,4wd,BURNABY,5XYKTDA70FG586611,
"2010 Honda CR-V EX Auto 4WD, P Sunroof, Local",6800,1,1,https://www.craigslist.org/view/d/burnaby-2010-honda-cr-ex-auto-4wd/i9VtGi4iYefWEQkXMAgdAA,good,gas,grey,clean,automatic,SUV,4 cylinders,,BURNABY,5J6RE4H50AL805703,
2002 CHEVY TRACKER LXT SPORT ONE OWNER LOCAL,6900,"336,000",1,https://www.craigslist.org/view/d/burnaby-2002-chevy-tracker-lxt-sport/vpzEn8zqcS2phgTbNB2e7R,excellent,gas,red,clean,automatic,SUV,4 cylinders,4wd,Burnaby,,
2007 BMW 328i Coupe Automatic,6947,"192,000",1,https://www.craigslist.org/view/d/burnaby-2007-bmw-328i-coupe-automatic/bp5wFdMEuGTV9AKWd38bPw,excellent,gas,blue,clean,automatic,coupe,6 cylinders,rwd,Burnaby,,
"2013 Hyundai Elantra GT | FREE 3,000 KM LUBRICO WARRANTY!!",6980,"182,557",1,https://www.craigslist.org/view/d/vancouver-2013-hyundai-elantra-gt-free/t2T1G4e3Hg3f8SS1ZWpTF1,excellent,gas,blue,clean,automatic,hatchback,4 cylinders,fwd,Vancouver BC,KMHD35LE6DU021751,
"2006 Infiniti M35 4dr Sdn AWD | FREE 3,000 KM WARRANTY",6980,"160,318",1,https://www.craigslist.org/view/d/vancouver-2006-infiniti-m35-4dr-sdn-awd/wRUWKwzMQJ4AzY3dLMmaFX,excellent,gas,black,clean,automatic,sedan,6 cylinders,4wd,Vancouver BC,JNKAY01F46M262037,
Sedan,6988,"178,150",1,https://www.craigslist.org/view/d/coquitlam-sedan/opPEVJLQuLppARiuWMbJmw,good,gas,grey,clean,automatic,sedan,4 cylinders,fwd,Coquitlam,1N4AL3AP3FN387430,
Sedan,6988,"202,644",1,https://www.craigslist.org/view/d/coquitlam-sedan/jkrmH7esrwb3UkARtUKxgF,good,gas,blue,clean,automatic,,4 cylinders,fwd,Coquitlam,JTDBT923871164502,
2010 Suzuki SX4 Touring AWD Local No accident One owner Clean sx4,6995,"160,216",1,https://www.craigslist.org/view/d/coquitlam-2010-suzuki-sx4-touring-awd/r7qmmRGbev6WaTy3JGVkWT,excellent,gas,black,clean,automatic,hatchback,4 cylinders,4wd,Team West Auto Group,CALLTXT6043397852,
2009 Hyundai Tucson GLS 2.7 4WD Local Low km Clean tucson,6995,"147,714",1,https://www.craigslist.org/view/d/coquitlam-2009-hyundai-tucson-gls-27/tPh5vVXG3zLGLGRmu2ZfXG,excellent,gas,silver,clean,automatic,SUV,6 cylinders,4wd,Team West Auto Group,CALLTXT6043397852,
2010 Dodge Charger SXT 3.5L HIGH OUTPUT Local No accident Low km,6995,"133,861",1,https://www.craigslist.org/view/d/coquitlam-2010-dodge-charger-sxt-35l/tRKqrKEZZRPZzwBPDy33VF,excellent,gas,red,clean,automatic,sedan,6 cylinders,rwd,Team West Auto Group,CALLTXT6043397852,
2011 Mini Cooper Clubman Auto Clean mini clubman,6995,"162,751",1,https://www.craigslist.org/view/d/coquitlam-2011-mini-cooper-clubman-auto/b9xtSYHc6Y6tponzceuDqj,excellent,gas,brown,clean,automatic,hatchback,4 cylinders,fwd,Team West Auto Group,CALLTXT6043397852,
2009 Volkswagen City Golf Auto Low km Local No accident Clean golf,6995,"143,070",1,https://www.craigslist.org/view/d/coquitlam-2009-volkswagen-city-golf/jSt7NmHERykPjaDk8RpXMy,excellent,gas,grey,clean,automatic,hatchback,4 cylinders,fwd,Team West Auto Group,CALLTXT6043397852,
2004 Mini Cooper S Supercharged Manual No accident Low km Clean mini,6995,"133,769",1,https://www.craigslist.org/view/d/coquitlam-2004-mini-cooper-supercharged/vD1cxbUxdtf2vhjQj8F2iT,excellent,gas,red,clean,manual,hatchback,4 cylinders,fwd,Team West Auto Group,CALLTXT6043397852,
2009 Suzuki SX4 Technology 2.0 Hatchback Local Auto Low km Clean sx4,6995,"122,887",1,https://www.craigslist.org/view/d/coquitlam-2009-suzuki-sx4-technology-20/cSJ3iDhkonbud727PWSXqJ,excellent,gas,silver,clean,automatic,hatchback,4 cylinders,fwd,Team West Auto Group,CALLTXT6043397852,
2009 Dodge Journey SXT. LOCAL BC VEHICLE. NO ACCIDENT. LOW KILOMETRES.,6999,"86,143",1,https://www.craigslist.org/view/d/richmond-2009-dodge-journey-sxt-local/vmedCXqMm1ur3axgRtz6TR,excellent,gas,silver,clean,automatic,SUV,6 cylinders,,richmond,3D4GG57V29T231980,
"2010 Ford Escape XLT | FREE 3,000 KM COMPREHENSIVE LUBRICO WARRANTY!!",7480,"144,207",1,https://www.craigslist.org/view/d/vancouver-2010-ford-escape-xlt-free/23X1oJeQ9eUjFBYDktK5sK,excellent,gas,black,clean,automatic,SUV,6 cylinders,fwd,Vancouver BC,1FMCU0DGXAKA28186,
"2015 Nissan Altima 4dr Sdn I4 CVT 2.5 S | FREE 3,000 KM WARRANTY",7480,"219,593",1,https://www.craigslist.org/view/d/vancouver-2015-nissan-altima-4dr-sdn-i4/pPCBW6L3m67n8ZA935iKK1,excellent,gas,white,clean,automatic,sedan,4 cylinders,fwd,Vancouver BC,1N4AL3APXFN400738,
"2014 Mazda Mazda5 4dr Wgn Auto GS | FREE 5,000 KM LUBRICO WARRANTY",7480,"203,916",1,https://www.craigslist.org/view/d/vancouver-2014-mazda-mazda5-4dr-wgn/uYYb65rgZR4E5r9ATYPtcx,excellent,gas,grey,clean,automatic,wagon,4 cylinders,fwd,Vancouver BC,JM1CW2CLCE0175062,
"2017 Ford Escape SE 4WD Auto, No accident, 4cyl",7500,1,1,https://www.craigslist.org/view/d/burnaby-2017-ford-escape-se-4wd-auto-no/2eX88T16PyE7DZ4etkpwkt,good,gas,black,clean,automatic,SUV,4 cylinders,,BURNABY,1FMCU9G95HUD00983,
"2015 Volkswagen Jetta Trendline+ Auto, Local, One owner",7500,1,1,https://www.craigslist.org/view/d/burnaby-2015-volkswagen-jetta-trendline/g1bYJJiQhS8bGY7RzWoVnf,good,gas,white,clean,automatic,sedan,4 cylinders,fwd,BURNABY,3VW2K7AJ6FM292789,
2008 Honda Pilot SE-L - BRAND NEW TIRES,7600,"308,207",1,https://www.craigslist.org/view/d/burnaby-2008-honda-pilot-se-brand-new/rgaE6JqcZDptDwCeFRgwcy,good,gas,silver,clean,automatic,SUV,6 cylinders,4wd,Burnaby,,
"2008 Honda Pilot SE-L | Over $3,300 Invested | 4 Brand New Tires",7600,"308,207",1,https://www.craigslist.org/view/d/burnaby-2008-honda-pilot-se-over-3300/rvFqd4o3tRDpUjXnfxbUWz,,gas,,clean,automatic,SUV,,,Burnaby,,
2013 BMW 328ix AWD,7777,"215,000",1,https://www.craigslist.org/view/d/burnaby-2013-bmw-328ix-awd/6iXLRhCjzfMd7J7WQ7TVzT,excellent,gas,black,rebuilt,automatic,sedan,4 cylinders,4wd,fully tested and inspected,WBA3B3C57DF534287,
2012 Dodge Grand Caravan 4dr Wgn SE,7800,"165,480",1,https://www.craigslist.org/view/d/surrey-outer-northwest-2012-dodge-grand/cmkyUx5GYih2QsKR6cFzRk,excellent,gas,silver,clean,automatic,van,6 cylinders,fwd,Surrey,2C4RDGBG8CR342627,
2017 Hyundai Accent 4dr Sdn Auto SE,7800,"121,244",1,https://www.craigslist.org/view/d/surrey-outer-northwest-2017-hyundai/uQrppioGi9fRF9qp75rkio,,gas,blue,rebuilt,automatic,sedan,4 cylinders,fwd,Surrey,KMHCT4AE6HU184432,
2013 Jeep Compass 4WD 4dr North 4X4,7800,"152,565",1,https://www.craigslist.org/view/d/surrey-outer-northwest-2013-jeep/2irrvFfaDWKPtxkphDNZri,excellent,gas,black,clean,automatic,SUV,4 cylinders,,Surrey,1C4NJDAB6DD120362,
"2008 Infiniti EX35 Auto AWD, Navi, Local",7800,"180,000",1,https://www.craigslist.org/view/d/burnaby-2008-infiniti-ex35-auto-awd/6SFH9xfT29y6RhBW6h6uyP,good,gas,grey,clean,automatic,SUV,6 cylinders,4wd,BURNABY,JNKAJ09F78M358756,
"2014 Mazda CX-5 GT Auto AWD, Navi, Local",7800,1,1,https://www.craigslist.org/view/d/burnaby-2014-mazda-cx-gt-auto-awd-navi/7LbJk8vnksiqhARHUXcWjY,good,gas,red,clean,automatic,SUV,4 cylinders,4wd,BURNABY,JM3KE4DY5E0361398,
"2012 Honda Civic 4dr Auto Hybrid, Navi, Local",7800,1,1,https://www.craigslist.org/view/d/burnaby-2012-honda-civic-4dr-auto/7D12YWFH6VEpcm9BqcmFNz,good,hybrid,grey,clean,automatic,sedan,4 cylinders,fwd,BURNABY,JHMFB4F2XCS800056,
Sedan,7888,"162,358",1,https://www.craigslist.org/view/d/coquitlam-sedan/fbuWp1TriY8TLUAD9aDKSE,good,gas,white,clean,automatic,sedan,4 cylinders,fwd,Coquitlam,JM1BL1VF4B1478549,
2015 Nissan Pathfinder 4WD SL 2013 2014,7900,"256,464",1,https://www.craigslist.org/view/d/port-moody-2015-nissan-pathfinder-4wd/hyDFeZ5HAFB456krRZBYPa,excellent,gas,black,clean,automatic,SUV,6 cylinders,4wd,Burrell Auto Group-Port Moody,,
"2016 Chevrolet Cruze 91,716 Kilometers Clean Title 2015",7900,"91,716",1,https://www.craigslist.org/view/d/port-moody-2016-chevrolet-cruze/vJZPYYDtxApPfXedsmp2xF,excellent,gas,black,clean,automatic,sedan,4 cylinders,fwd,Burrell Auto Group-Port Moody,,
"2012 BMW 5 Series 4dr Sdn 528i xDrive AWD, FREE 10,000 WARRANTY",7980,"182,383",1,https://www.craigslist.org/view/d/vancouver-2012-bmw-series-4dr-sdn-528i/fLNbpSoJN7K3V3QePW1wCu,excellent,gas,black,clean,automatic,sedan,4 cylinders,4wd,Vancouver BC,WBAXH5C52CDW04817,
2012 Mitsubishi Eclipse Spyder GS| FREE 3000 KM LUBRICO WARRANTY!!,7980,"132,668",1,https://www.craigslist.org/view/d/vancouver-2012-mitsubishi-eclipse/1ZAmmRpHA3DTEpsFjsr2EM,excellent,gas,white,clean,automatic,convertible,4 cylinders,fwd,Vancouver BC,4A37L2EF5CE003284,
2004 Toyota Corolla Matrix RX | FREE 3000 KM LUBRICO  WARRANTY!!,7980,"202,847",1,https://www.craigslist.org/view/d/vancouver-2004-toyota-corolla-matrix-rx/cmQWwwR3Qdu1n65GFHZtuh,excellent,gas,blue,clean,automatic,hatchback,4 cylinders,4wd,Vancouver BC,2T1KR32E54C786723,
MINIVAN,7988,"194,710",1,https://www.craigslist.org/view/d/coquitlam-minivan/v8cSS9UkabWznuzKRHeebb,good,gas,grey,clean,automatic,minivan,6 cylinders,fwd,Coquitlam,5TDZA29C55S228190,
2008 Honda CR-V LX AWD | BC LOCAL | CLEAN TITLE | WELL MAINTAINED,7995,"231,945",1,https://www.craigslist.org/view/d/richmond-2008-honda-cr-lx-awd-bc-local/cwnEkMsiSmuthqbVxXCkou,excellent,gas,black,clean,automatic,SUV,4 cylinders,4wd,Richmond,5J6RE483X8L811243,
2011 VOLVO XC60 T6 R DESIGN,7995,"160,000",1,https://www.craigslist.org/view/d/burnaby-2011-volvo-xc60-t6-design/mKpmXFcrmhW4zb7cmb4yao,excellent,gas,grey,clean,automatic,SUV,6 cylinders,4wd,Burnaby,,
2010 VOLVO C30  LOW K,7995,"140,000",1,https://www.craigslist.org/view/d/burnaby-2010-volvo-c30-low/ihpSCEjcSZspLG7CQiPKE9,excellent,gas,grey,clean,automatic,hatchback,5 cylinders,fwd,Burnaby,,
2007 Toyota Yaris,7999,"154,000",1,https://www.craigslist.org/view/d/new-westminster-southwest-2007-toyota/ka6ndX5TexDyiBzSxLorrK,like new,gas,red,rebuilt,automatic,other,,fwd,city of vancouver,,
2015 Kia Optima,7999,"137,000",1,https://www.craigslist.org/view/d/surrey-2015-kia-optima/rpmYQUtFtYmhXLL2eszDBu,like new,gas,white,clean,automatic,sedan,4 cylinders,fwd,surrey,,
2016 Kia Soul EV - full electric,8000,"160,000",1,https://www.craigslist.org/view/d/burnaby-2016-kia-soul-ev-full-electric/bKRaCX3EhHyoPfEidXvyTk,excellent,electric,black,rebuilt,automatic,hatchback,,fwd,fully tested and inspected,KNDJX3AE7G7011042,
2014 Jeep Compass 4WD 4dr North | FREE 5000 KM LUBRICO WARRANTY,8480,"143,995",1,https://www.craigslist.org/view/d/vancouver-2014-jeep-compass-4wd-4dr/qRgMM6NsndSF1FauaytZT3,excellent,gas,silver,clean,automatic,SUV,4 cylinders,4wd,Vancouver BC,1C4NJDAB4ED565488,
"2014 Nissan Sentra SL -  098,000k",8500,"98,000",1,https://www.craigslist.org/view/d/burnaby-2014-nissan-sentra-sl/1Tjmq3p9qkQF7DmGuqySo8,excellent,gas,blue,rebuilt,automatic,sedan,4 cylinders,fwd,fully tested and inspected,3N1AB7APXEL643925,
* 2014 DODGE GRAND CARAVAN *****,8500,"130,000",1,https://www.craigslist.org/view/d/new-westminster-northeast-dodge-grand/38APkhjyHunvHFU6dWKCbM,,gas,red,rebuilt,automatic,van,6 cylinders,,burnaby/newwest,2C4RDGBG1ER456391,
2017 Subaru Outback 2.5i Limited,8800,"188,460",1,https://www.craigslist.org/view/d/surrey-outer-northwest-2017-subaru/phdjHoM849xYvXJU85pbRf,excellent,gas,red,rebuilt,automatic,SUV,4 cylinders,4wd,Surrey,4S4BSCLC3H3368303,
2015 Dodge Grand Caravan 4dr Wgn Canada Value Package,8800,"162,670",1,https://www.craigslist.org/view/d/surrey-outer-northwest-2015-dodge-grand/5P5mjo4uZrSW5CMtgK8m63,excellent,other,black,clean,automatic,van,6 cylinders,fwd,Surrey,2C4RDGBG0FR555124,
*  2016 MITSUBISHI OUTLANDER (ALL WHEEL DRIVE) *****,8800,"133,000",1,https://www.craigslist.org/view/d/mitsubishi-outlander-all-wheel-drive/3oWPME7ntQNFp9sq8dTgtu,,gas,blue,rebuilt,automatic,SUV,4 cylinders,4wd,"Brunette  Ave, New Westminster",JA4AZ2A38GZ604605,
"2010 Mercedes Benz R/R350 BLUETEC 4MATIC Loc. One Owner 167,000 KM",8800,"167,000",1,https://www.craigslist.org/view/d/richmond-2010-mercedes-benz-r350/hgFmkfGfaJ3Hv1wngrDUFT,excellent,diesel,grey,clean,automatic,SUV,6 cylinders,4wd,Richmond,4JGCB2FE0AA109460,
2015 Mitsubishi Lancer Sport,8800,"145,000",1,https://www.craigslist.org/view/d/burnaby-2015-mitsubishi-lancer-sport/d8SoSP5L2LCkN6GsuKrKTh,excellent,gas,white,rebuilt,manual,sedan,4 cylinders,fwd,5 speed manual shift,JA32U2FU1FU605051,
TOYOTA TACOMA 4DR 4WD,8800,"395,908",1,https://www.craigslist.org/view/d/vancouver-toyota-tacoma-4dr-4wd/uFzUAzfiZMVgGWJSWnv7ao,excellent,gas,,clean,automatic,pickup,6 cylinders,4wd,VANCOUVER,,
2011 Land Rover Range Rover Sport - family Sport,8888,"160,000",1,https://www.craigslist.org/view/d/burnaby-2011-land-rover-range-rover/iGGnCJ6tHKei5z72sjwFEp,excellent,gas,grey,rebuilt,automatic,SUV,8 cylinders,4wd,fully tested and inspected,SALSH2E4XBA288334,
2014 VW PASSAT HIGHLINE TDI,8900,"223,000",1,https://www.craigslist.org/view/d/burnaby-2014-vw-passat-highline-tdi/3bJpPK16ryeoDijvK8yp1i,excellent,diesel,grey,clean,automatic,sedan,4 cylinders,fwd,Burnaby,,
2015 Chevrolet Trax LT AWD,8900,"145,710",1,https://www.craigslist.org/view/d/chilliwack-2015-chevrolet-trax-lt-awd/wRpbwWdMouqauHj88Z3EMe,good,gas,grey,clean,automatic,SUV,4 cylinders,4wd,"Chilliwack, BC",,
2006 Honda CR-V EX 4WD Clean Title Well Serviced . Excellent History,8923,"213,000",1,https://www.craigslist.org/view/d/coquitlam-2006-honda-cr-ex-4wd-clean/bkrKStbBUCRJ9oEwMK1iMU,excellent,gas,silver,clean,automatic,SUV,4 cylinders,4wd,Coquitlam,,
2008 Mazda CX-7 AWD Turbo,8990,"58,441",1,https://www.craigslist.org/view/d/burnaby-2008-mazda-cx-awd-turbo/fZNQAyNiXWUJ2KyRte8b31,excellent,gas,blue,clean,automatic,SUV,4 cylinders,4wd,Burnaby,,
2008 Audi Q7 4.2 Quattro Premium AWD Local Low km 7 Seats Clean audi,8995,"111,693",1,https://www.craigslist.org/view/d/coquitlam-2008-audi-q7-42-quattro/k6M8ZcLhLGm8eYQBRB7pDV,excellent,gas,silver,clean,automatic,SUV,8 cylinders,4wd,Team West Auto Group,CALLTXT6043397852,
2013 BMW 320i xDrive For Sale!,8998,"171,600",1,https://www.craigslist.org/view/d/victoria-2013-bmw-320i-xdrive-for-sale/67HuuJSoE4RANySacx7EZq,,gas,grey,clean,automatic,sedan,4 cylinders,4wd,victoria,,
2013 Mitsubishi Outlander LS,9200,"251,240",1,https://www.craigslist.org/view/d/burnaby-2013-mitsubishi-outlander-ls/9B4GwPYDF24e6sz5HCUqBq,good,gas,brown,clean,automatic,SUV,6 cylinders,4wd,Burnaby,,
2013 Mitsubishi Outlander LS | One owner | Dealer serviced,9200,"251,238",1,https://www.craigslist.org/view/d/burnaby-2013-mitsubishi-outlander-ls/iBXNXVMicyPef7fus2bKK7,,gas,black,clean,automatic,SUV,,4wd,Burnaby,,
2013 Mitsubishi Outlander LS | One Owner | Dealer Serviced,9200,"251,238",1,https://www.craigslist.org/view/d/burnaby-2013-mitsubishi-outlander-ls/oTfujLA49hLxFRmVREmnPU,,gas,,clean,automatic,SUV,,,Burnaby,,
2013 Mitsubishi outlander LS ONE OWNER / DEALER SERVICED/ BC LOCAL CAR,9200,"251,237",1,https://www.craigslist.org/view/d/burnaby-2013-mitsubishi-outlander-ls/m4kYzhyrrnphKPrt2GayzS,,gas,brown,clean,automatic,SUV,6 cylinders,4wd,BURNABY,,
"2014 Honda Accord EX-L 4dr Auto, One owner, Local",9500,1,1,https://www.craigslist.org/view/d/burnaby-2014-honda-accord-ex-4dr-auto/nWVu5FSwWpHs28rGyqmqsm,good,gas,white,clean,automatic,sedan,4 cylinders,fwd,BURNABY,1HGCR2F8XEA810380,
2018 Nissan Rogue AWD S,9500,1,1,https://www.craigslist.org/view/d/burnaby-2018-nissan-rogue-awd/vXZf7oh6GkYBAg9FC2s7iA,,gas,black,clean,automatic,SUV,4 cylinders,4wd,BURNABY,JN8AT2MV0JW321875,
"2019 Nissan Sentra SV -  065,000k",9500,"63,000",1,https://www.craigslist.org/view/d/burnaby-2019-nissan-sentra-sv/rvgay1ffzNpukbwjrBBnWr,excellent,gas,blue,rebuilt,automatic,sedan,4 cylinders,fwd,fully tested and inspected,3N1AB7AP3KY389215,
2006 DAIHATSU HIJET 4WD KEI TRUCK,9600,"56,500",1,https://www.craigslist.org/view/d/langley-2006-daihatsu-hijet-4wd-kei/gWCH6SLRLUDwHXS9JxTC7k,excellent,gas,white,clean,manual,truck,3 cylinders,4wd,LANGLEY,,
2001 DAIHATSU HIJET 4WD DIFF LOCK KEI TRUCK,9700,"72,700",1,https://www.craigslist.org/view/d/langley-2001-daihatsu-hijet-4wd-diff/vBMwWCo1hNG8Xxqu72TS72,excellent,gas,green,clean,manual,truck,3 cylinders,4wd,LANGLEY,,
2001 DAIHATSU HIJET 4WD DIFF LOCK KEI TRUCK,9700,"74,800",1,https://www.craigslist.org/view/d/langley-2001-daihatsu-hijet-4wd-diff/8k3qqLiN2HpLB59WqmJXmJ,excellent,gas,black,clean,manual,truck,3 cylinders,4wd,LANGLEY,,
2013 BMW X3 xDrive 28i,9737,"148,800",1,https://www.craigslist.org/view/d/port-moody-2013-bmw-x3-xdrive-28i/uWqbE69EVm1GHwbxRHtuCZ,like new,gas,silver,clean,automatic,SUV,,4wd,city of vancouver,5UXWX9C55D0D02800,
2013 BMW X3 xDrive 28i,9737,"148,800",1,https://www.craigslist.org/view/d/port-moody-2013-bmw-x3-xdrive-28i/7UZTgTG6eYxGRCXESAKrX4,like new,gas,silver,clean,automatic,SUV,,4wd,city of vancouver,5UXWX9C55D0D02800,
2014 Nissan Pathfinder 4WD 4dr SV Hybrid,9800,"174,288",1,https://www.craigslist.org/view/d/surrey-outer-northwest-2014-nissan/iJmrSZEytPqkt2tX7rx9R6,excellent,hybrid,black,rebuilt,automatic,SUV,,,Surrey,5N1CR2MM3EC672681,
HONDA PILOT LX,9800,"293,447",1,https://www.craigslist.org/view/d/vancouver-honda-pilot-lx/1etv6CJEVxy1E6RR45xjh3,excellent,gas,,clean,automatic,SUV,6 cylinders,4wd,VANCOUVER,,
"2013 Hyundai Santa Fe Sport 2.0T Limited AWD Local BC Car 151,000 KM",9800,"151,000",1,https://www.craigslist.org/view/d/richmond-2013-hyundai-santa-fe-sport/65cb1Zg37gk6B7vyApdjg2,excellent,gas,grey,clean,automatic,SUV,4 cylinders,4wd,Richmond,5XYZUDLA3DG017656,
"2013 Hyundai Santa Fe Sport 2.0T Limited AWD Local BC Car 151,000 KM",9800,"151,000",1,https://www.craigslist.org/view/d/richmond-2013-hyundai-santa-fe-sport/w9LJHHH8QuZHLjABYENCBu,excellent,gas,grey,clean,automatic,SUV,4 cylinders,4wd,Richmond,5XYZUDLA3DG017656,
2012 Ford Transit connect Cargo Van,9800,"208,000",1,https://www.craigslist.org/view/d/burnaby-2012-ford-transit-connect-cargo/1REfBW5aZ1tbhkqA7BznrF,excellent,gas,white,rebuilt,automatic,van,4 cylinders,fwd,fully tested and inspected,NM0LS7BN9CT094016,
2008 GMC Sierra 1500 4x4 Sport,9800,"188,000",1,https://www.craigslist.org/view/d/burnaby-2008-gmc-sierra-x4-sport/aAtae3xWibyXZjBWCed3gR,excellent,gas,white,rebuilt,automatic,pickup,8 cylinders,4wd,fully tested and inspected,2GTEK13C681249138,
* 2015 MINI COOPER CONVERTIBLE (LOW KMS) *****,9800,"71,000",1,https://www.craigslist.org/view/d/mini-cooper-convertible-low-kms/oXxqxGdzKiRP7qvoCVvdeD,,gas,black,rebuilt,automatic,convertible,4 cylinders,,"Brunette  Ave, New Westminster",WMWZN3C54FT861977,
Sedan,9888,"42,800",1,https://www.craigslist.org/view/d/coquitlam-sedan/ibGjHXvrDNziGSrWC3mkSH,good,gas,blue,rebuilt,automatic,sedan,4 cylinders,fwd,Coquitlam,JM1BL1V71D1852420,
2019 Nissan Rogue AWD 2018 2017 2016,9900,"221,672",1,https://www.craigslist.org/view/d/port-moody-2019-nissan-rogue-awd/1N8voXjkYMUpkMv9YffjXd,excellent,gas,white,clean,automatic,SUV,4 cylinders,4wd,Burrell Auto Group-Port Moody,,
"2015 Jeep Patriot High Altitude *** Local BC car, NO accident ***",9900,"138,670",1,https://www.craigslist.org/view/d/coquitlam-2015-jeep-patriot-high/pdG7cvpHWQuHH4SY3DBmYJ,like new,gas,white,clean,automatic,SUV,4 cylinders,,CarMatch,,
2019 Nissan Rogue AWD  2018 2017 2016,9900,"214,745",1,https://www.craigslist.org/view/d/port-moody-2019-nissan-rogue-awd/d4ovj6KdZ4hjDV5Rj98jam,excellent,gas,red,clean,automatic,SUV,4 cylinders,4wd,Burrell Auto Group-Port Moody,,
"2014 Dodge Grand Caravan 4dr Wgn SE | FREE 3,000 KM LUBRICO WARRANTY",9980,"116,457",1,https://www.craigslist.org/view/d/vancouver-2014-dodge-grand-caravan-4dr/8MeKfaVJGUCaXHnFW24DS2,excellent,gas,silver,clean,automatic,minivan,6 cylinders,fwd,Vancouver BC,2C4RDGBG4ER315136,
"2016 Dodge Grand Caravan 4dr Wgn SXT, FREE 3,000 KM WARRANTY",9980,"158,130",1,https://www.craigslist.org/view/d/vancouver-2016-dodge-grand-caravan-4dr/jdDrgxrr1uPfTegW5zd78a,excellent,gas,grey,clean,automatic,minivan,6 cylinders,fwd,Vancouver BC,2C4RDGBG0GR355569,
"2009 Honda Pilot Ex-l | FREE 3,000 KM WARRANTY!!",9980,"246,029",1,https://www.craigslist.org/view/d/vancouver-2009-honda-pilot-ex-free-3000/dsggskNh4S1thk98UihNto,excellent,gas,black,clean,automatic,SUV,6 cylinders,4wd,Vancouver BC,5FNYF48509B501333,
2009 Toyota Sienna CE | FREE 3000 LUBRICO WARRANTY!!,9980,"237,936",1,https://www.craigslist.org/view/d/vancouver-2009-toyota-sienna-ce-free/9YizmxmwvbnEaV3emX3Ctq,excellent,gas,white,clean,automatic,minivan,6 cylinders,fwd,Vancouver BC,5TDZK29C89S252745,
"1999 Chevrolet Tahoe 1500 LT| FREE 3,000 KM LUBRICO WARRANTY!!",9980,"209,940",1,https://www.craigslist.org/view/d/vancouver-1999-chevrolet-tahoe-1500-lt/8oahtMUEcrmaPnnxfF3FxV,excellent,gas,silver,clean,automatic,SUV,8 cylinders,4wd,Vancouver BC,1GNEK13R7XJ508140,
2012 Mazda mazda 5,9995,"122,176",1,https://www.craigslist.org/view/d/delta-2012-mazda-mazda/nMEct2vpzBd7xKKc1VdWMV,like new,gas,grey,clean,automatic,minivan,4 cylinders,fwd,Vancouver,,
2015 SUBARU OUTBACK 2.5 LIMITED AWD,9995,"220,000",1,https://www.craigslist.org/view/d/burnaby-2015-subaru-outback-25-limited/96xvSxPz5rAR7qSeHP792u,excellent,gas,grey,clean,automatic,SUV,4 cylinders,4wd,Burnaby,,
2006 SUBARU FORESTER SX LOW K,9995,"120,000",1,https://www.craigslist.org/view/d/burnaby-2006-subaru-forester-sx-low/iAiCrWT7jWihpYrwFodLrQ,like new,gas,grey,clean,automatic,SUV,4 cylinders,4wd,Burnaby,,
2012 Audi Q5 quattro 4dr 2.0L Premium. LOCAL BC VEHICLE. ONE OWNER. NO,9999,"115,955",1,https://www.craigslist.org/view/d/richmond-2012-audi-q5-quattro-4dr-20l/6VaTWPYUoMpU42fqrY3Bcj,good,gas,grey,clean,automatic,SUV,4 cylinders,4wd,richmond,WA1LFCFP1CA059617,
2006 Mazda B3000,9999,"197,000",1,https://www.craigslist.org/view/d/surrey-2006-mazda-b3000/cNKyqPgLhRCrt5ZjAv2Xzn,excellent,gas,grey,clean,automatic,truck,6 cylinders,rwd,surrey,,
"2009 BMW 3-Series 328i Cabriolet, 160km, Local",10000,"160,000",1,https://www.craigslist.org/view/d/burnaby-2009-bmw-series-328i-cabriolet/7dJys7gGEUwgQCh5xsC5Du,good,gas,blue,clean,automatic,convertible,6 cylinders,rwd,BURNABY,WBAWL13559PX25965,
2006 HONDA ACTY ATTACK AWD KEI TRUCK,10200,"55,100",1,https://www.craigslist.org/view/d/langley-2006-honda-acty-attack-awd-kei/4FuocWrqRJ9na4REdwwEWp,excellent,gas,white,clean,manual,truck,3 cylinders,4wd,LANGLEY,,
2001 DAIHATSU HIJET AUTOMATIC 4WD KEI TRUCK,10200,"66,700",1,https://www.craigslist.org/view/d/langley-2001-daihatsu-hijet-automatic/nuMruXi3qsTaVMZW8cHjcu,excellent,gas,silver,clean,automatic,truck,3 cylinders,4wd,delta/surrey/langley,,
2010 SUZUKI CARRY 4WD KEI TRUCK,10200,"75,900",1,https://www.craigslist.org/view/d/langley-2010-suzuki-carry-4wd-kei-truck/1Bhzf5nWLzSRvmw67WZKex,excellent,gas,white,clean,manual,truck,3 cylinders,4wd,delta/surrey/langley,,
2013 Toyota Corolla S,10495,"152,226",1,https://www.craigslist.org/view/d/delta-2013-toyota-corolla/rk1iYZRiXMTY12ncwBurr1,like new,gas,grey,clean,automatic,sedan,4 cylinders,fwd,Vancouver,,
2019 Nissan Sentra SV,10500,"176,244",1,https://www.craigslist.org/view/d/surrey-south-2019-nissan-sentra-sv/ik2VB8ogbM66P6m4j2Ey6Z,like new,gas,white,clean,automatic,sedan,4 cylinders,fwd,Call Nathan 604 330 2043,,
2014 Jeep cherokee | one owner | bc local,10500,"96,654",1,https://www.craigslist.org/view/d/richmond-2014-jeep-cherokee-one-owner/9XCus7qGEym8XKAGs6bB5n,like new,gas,white,clean,automatic,SUV,4 cylinders,fwd,Richmond,,
2010 Honda Fit G,10790,"67,151",1,https://www.craigslist.org/view/d/burnaby-2010-honda-fit/wAPS5fHx7LGup8Z5MM1QFT,excellent,gas,black,clean,automatic,hatchback,4 cylinders,fwd,city of vancouver,,
"2009 Honda Accord EX-L 4dr Auto, 160km, P Sunroof",10800,"160,000",1,https://www.craigslist.org/view/d/burnaby-2009-honda-accord-ex-4dr-auto/aqafMPtrQQnmQLBCbuEWwv,good,gas,white,clean,automatic,sedan,4 cylinders,fwd,BURNABY,1HGCP26899A803738,
2016 Dodge Grand Caravan Canada Value Package,10800,"153,000",1,https://www.craigslist.org/view/d/burnaby-2016-dodge-grand-caravan-canada/rb2D2qyUzfnUcdBPx2neHS,excellent,gas,black,clean,automatic,minivan,6 cylinders,fwd,Burnaby,,
LEXUS RX350 AWD,10800,"245,205",1,https://www.craigslist.org/view/d/vancouver-lexus-rx350-awd/2HVqjc6j1NawgpKfNLjs9r,excellent,gas,,clean,automatic,SUV,6 cylinders,4wd,VANCOUVER,,
2012 Mercedes-Benz ML350 bluetec,10800,"160,000",1,https://www.craigslist.org/view/d/new-westminster-northeast-2012-mercedes/sBPFsqS26XoCKrEV1WbukH,like new,diesel,,clean,automatic,SUV,6 cylinders,4wd,New Westerminster,,
"2017 Kia Soul EX, Local Service Records!",10895,"145,757",1,https://www.craigslist.org/view/d/port-coquitlam-2017-kia-soul-ex-local/bfEaSiCUQVtqNzKNjGoN3Z,excellent,gas,,clean,automatic,hatchback,4 cylinders,fwd,Port Coquitlam,,
2018 SUBARU FORESTER TOURING LIMITED LOCAL ONE OWNER,10900,"243,000",1,https://www.craigslist.org/view/d/burnaby-2018-subaru-forester-touring/1pP4iSndxEgj1QgbtAMq9m,excellent,gas,blue,clean,automatic,SUV,4 cylinders,4wd,Burnaby,,
2014 AUDI Q5 TDI QUATTRO PREMIUM TURBO DIESEL,10900,"254,000",1,https://www.craigslist.org/view/d/burnaby-2014-audi-q5-tdi-quattro/5gTjXHxEEuzCDYgHH1Y3BS,excellent,diesel,white,clean,automatic,SUV,6 cylinders,4wd,Burnaby,,
2010 Mercedes-Benz C-Class 4dr Sdn C 300 4MATIC | FREE 3000 KM WARRANT,10980,"67,291",1,https://www.craigslist.org/view/d/vancouver-2010-mercedes-benz-class-4dr/3sGKXJYekTVpjvafEewMrs,excellent,gas,silver,clean,automatic,sedan,6 cylinders,4wd,Vancouver BC,WDDGF8BB4AF509376,
"2014 Ford F-150 4WD SuperCab 163"" XL | FREE 3000 KM LUBRICO WARRANTY",10980,"252,109",1,https://www.craigslist.org/view/d/vancouver-2014-ford-150-4wd-supercab/uz9jteLs8NgbZPnAobC8Ze,excellent,gas,white,clean,automatic,pickup,6 cylinders,4wd,Vancouver BC,1FTFX1ET9EFA87027,
2009 Toyota Prius S,10990,"91,316",1,https://www.craigslist.org/view/d/burnaby-2009-toyota-prius/4Uq6KTqi1UUZujNgw95oun,excellent,hybrid,silver,clean,automatic,hatchback,4 cylinders,fwd,city of vancouver,,
2013 MINI Cooper Cooper S Manual. LOW KILOMETRES. SECOND SET OF TIRES.,10999,"89,399",1,https://www.craigslist.org/view/d/richmond-2013-mini-cooper-cooper-manual/3ts3EjWJFddgJ7bjJDEvBe,good,gas,grey,clean,manual,hatchback,4 cylinders,,richmond,WMWSV3C50DT475751,
2011 SUBARU OUTBACK PREMIUM LOW K,11000,"107,000",1,https://www.craigslist.org/view/d/burnaby-2011-subaru-outback-premium-low/b2Yhbg7SqbSa65zegdHshE,like new,gas,grey,clean,automatic,SUV,4 cylinders,4wd,Burnaby,,
2015 Jeep Cherokee 4WD North,11488,"87,500",1,https://www.craigslist.org/view/d/port-moody-2015-jeep-cherokee-4wd-north/iqGQGWguUiFDCEet9zHKxQ,like new,gas,white,clean,automatic,SUV,,fwd,city of vancouver,1C4PJMCB8FW744760,
2004 Mitsubishi Pajero Mini 4WD,11490,"49,760",1,https://www.craigslist.org/view/d/burnaby-2004-mitsubishi-pajero-mini-4wd/8zqLD8hp2AGinKXMdBc2Ww,like new,gas,white,clean,automatic,SUV,4 cylinders,4wd,city of vancouver,,
2017 Nissan Rogue S FWD - PRACTICAL - ROOMY!,11495,"155,472",1,https://www.craigslist.org/view/d/burnaby-2017-nissan-rogue-fwd-practical/edVm3244GdSb19qP97W85f,excellent,gas,grey,clean,automatic,SUV,4 cylinders,fwd,burnaby/newwest,5N1AT2MT0HC789204,
2009 Suzuki Swift Sport,11790,"50,118",1,https://www.craigslist.org/view/d/burnaby-2009-suzuki-swift-sport/2giyEeiL2o7dwyvJZbgpyF,like new,gas,yellow,clean,automatic,hatchback,4 cylinders,fwd,city of vancouver,,
LEXUS RX350 AWD NO ACCIDENT,11800,"170,168",1,https://www.craigslist.org/view/d/vancouver-lexus-rx350-awd-no-accident/6nLVvCkc6aTpDijsgyJV7H,excellent,gas,,clean,automatic,SUV,6 cylinders,4wd,VANCOUVER,,
2014 BMW X3 28i xDrive. LOCAL BC VEHICLE. NO ACCIDENT.,11800,"108,820",1,https://www.craigslist.org/view/d/richmond-2014-bmw-x3-28i-xdrive-local/dUD6VfvkeB4DkvRsB8DuGV,good,gas,white,clean,automatic,SUV,4 cylinders,4wd,richmond,5UXWX9C52E0D09236,
2016 Hyundai Tucson 2.0L Premium AWD. LOCAL BC VEHICLE.,11800,"111,719",1,https://www.craigslist.org/view/d/richmond-2016-hyundai-tucson-20l/1JYvPAxcsrCVnCoiVBWrKd,good,gas,silver,clean,automatic,SUV,4 cylinders,4wd,richmond,KM8J3CA40GU215410,
2017 Nissan Rogue SV. LOCAL BC VEHICLE. FULLY OPTIONED.,11800,"145,015",1,https://www.craigslist.org/view/d/richmond-2017-nissan-rogue-sv-local-bc/gDEAWDnTcnbC5ekStqxrsx,excellent,gas,blue,clean,automatic,SUV,4 cylinders,4wd,richmond,5N1AT2MVXHC831718,
MINIVAN,11888,"17,838",1,https://www.craigslist.org/view/d/coquitlam-minivan/6MHRwzPFvWa5kFdPvcB25S,good,gas,grey,clean,automatic,minivan,6 cylinders,fwd,Coquitlam,2C4RDGDG2KR687535,
2006 SUZUKI CARRY 4WD KEI TRUCK,11900,"43,300",1,https://www.craigslist.org/view/d/langley-2006-suzuki-carry-4wd-kei-truck/p4LN8992fnVZzi2h7nma7d,excellent,gas,green,clean,manual,truck,3 cylinders,4wd,LANGLEY,,
"2016 Dodge Ram Pro Master City***209,000 Kilometers***",11950,"209,000",1,https://www.craigslist.org/view/d/surrey-inner-northwest-2016-dodge-ram/vSrfKVYjX4LoE7B8F3TXej,excellent,gas,,clean,automatic,pickup,,fwd,Surrey,,
2015 Jeep Cherokee 4WD North,11961,"87,500",1,https://www.craigslist.org/view/d/port-moody-2015-jeep-cherokee-4wd-north/1p2LHpvESuWkkT63E1W8gH,like new,gas,white,clean,automatic,SUV,,fwd,city of vancouver,1C4PJMCB8FW744760,
"2017 Ford Escape 4WD 4dr Titanium | FREE 3,000 KM WARRANTY",11980,"171,821",1,https://www.craigslist.org/view/d/vancouver-2017-ford-escape-4wd-4dr/w5jDUgmSWbgCsyN5BanNm2,excellent,gas,grey,clean,automatic,SUV,4 cylinders,4wd,Vancouver BC,1FMCU9J98HUB06859,
Sedan,11981,"139,937",1,https://www.craigslist.org/view/d/coquitlam-sedan/hMQEeabiGWzeTKxTueVgoR,good,gas,silver,clean,automatic,sedan,4 cylinders,fwd,Coquitlam,2T1BU4EE5DC054284,
SUV,11988,"146,100",1,https://www.craigslist.org/view/d/coquitlam-suv/jGQafgd7evpYM6pyovfcHa,good,gas,black,rebuilt,automatic,SUV,4 cylinders,4wd,Coquitlam,5J6RE4H73AL809312,
2010 Suzuki Palette SW,11990,"59,250",1,https://www.craigslist.org/view/d/burnaby-2010-suzuki-palette-sw/q5Ln5djYZDU8XzAKT3rV89,excellent,gas,grey,clean,automatic,minivan,3 cylinders,fwd,city of vancouver,,
2008 Toyota Crown Hybrid 3.5 V6,11990,"62,866",1,https://www.craigslist.org/view/d/burnaby-2008-toyota-crown-hybrid-35-v6/2msMRtxXNBhQkG8MmrM4Wf,excellent,hybrid,silver,clean,automatic,sedan,6 cylinders,rwd,city of vancouver,,
2006 Mitsubishi Pajero Mini 4WD,11990,"49,760",1,https://www.craigslist.org/view/d/burnaby-2006-mitsubishi-pajero-mini-4wd/2QTLs3iKham7SXAE5tVic5,excellent,gas,silver,clean,automatic,offroad,4 cylinders,4wd,Burnaby,,
2011 Acura RDX tech,11995,"159,995",1,https://www.craigslist.org/view/d/delta-2011-acura-rdx-tech/t3hHUah6y2VHEbbAguzMhz,like new,gas,black,clean,automatic,SUV,4 cylinders,4wd,Vancouver,,
2015 Subaru Outback Touring AWD - 1 Owner,11995,"196,614",1,https://www.craigslist.org/view/d/surrey-south-2015-subaru-outback/49LuxhgnwhFMM7BunA4sWP,like new,gas,silver,clean,automatic,SUV,4 cylinders,4wd,Call Nathan 604 330 2043,,
2014 Subaru Forester 2.5i Touring - WELL EQUIPPED - AWD CAPABILITY!,11995,"171,905",1,https://www.craigslist.org/view/d/burnaby-2014-subaru-forester-25i/jJGiPMRzXLT82hR4CsRJsW,excellent,gas,white,clean,automatic,SUV,4 cylinders,4wd,Burnaby,JF2SJCLC9EH425546,
2017 Jeep Patriot High Altitude Edition • 1-OWNER • BC UNIT,11998,"119,359",1,https://www.craigslist.org/view/d/abbotsford-southwest-2017-jeep-patriot/529ssZUEaMs6kQ4CVsHCeX,excellent,gas,black,clean,automatic,SUV,4 cylinders,4wd,From $61+/ Weekly OAC💠NO DOWN REQUIRED!,,
2011 SUBARU SAMBAR 4WD KEI TRUCK,12200,"36,000",1,https://www.craigslist.org/view/d/langley-2011-subaru-sambar-4wd-kei-truck/faXUx14pauztinQvL2EDys,excellent,gas,white,clean,manual,truck,4 cylinders,4wd,LANGLEY,,
2015 Jeep Cherokee Limited 4X4,12288,"155,000",1,https://www.craigslist.org/view/d/port-moody-2015-jeep-cherokee-limited/8G9C8DazoAArNBUsiVDgEF,like new,gas,blue,clean,automatic,SUV,,fwd,city of vancouver,1C4PJMDSXFW618513,
2006 Mitsubishi Colt Ralliart,12490,"48,695",1,https://www.craigslist.org/view/d/burnaby-2006-mitsubishi-colt-ralliart/pgfhMuwtieG2geF8idGss8,excellent,gas,silver,clean,automatic,hatchback,4 cylinders,fwd,Burnaby,,
2026 Jeep Wrangler Rubicon 4x4 SUV: SAVE $$$S VS. BUYING NEW!!!,71299,227,1,https://www.craigslist.org/view/d/surrey-lower-west-2026-jeep-wrangler/b6TmdiASVi8PwzfxwZv5Uo,like new,gas,black,clean,automatic,SUV,4 cylinders,4wd,FINANCE: $464 B/W+TAX *OAC!,,
"2024 Honda CR-V Sport AWD SUV: 1-OWNER, LOW KMS",34199,"56,404",1,https://www.craigslist.org/view/d/surrey-lower-west-2024-honda-cr-sport/pjH5rYxBT55hRAtxfAgicm,excellent,gas,grey,clean,automatic,SUV,4 cylinders,4wd,FINANCE: $245 B/W+TAX *OAC!,,
"2021 Honda Civic Touring Sedan: TOP TRIM LOADED, LOCAL",23799,"111,740",1,https://www.craigslist.org/view/d/surrey-lower-west-2021-honda-civic/fz6jaLdgP3m8oEPTL8P3ft,excellent,gas,white,clean,automatic,sedan,4 cylinders,fwd,FINANCE: $222 B/W+TAX *OAC!,,
"2024 Honda Accord EX CVT Sedan: SUNROOF, LOW LOW KMS",33499,"29,789",1,https://www.craigslist.org/view/d/surrey-lower-west-2024-honda-accord-ex/5Y7NmSnQYuEXbEYGzKF66K,excellent,gas,white,clean,automatic,sedan,4 cylinders,fwd,FINANCE: $240 B/W+TAX *OAC!,,
2017 Bentley Bentayga W12 AWD,109995,"38,000",1,https://www.craigslist.org/view/d/richmond-2017-bentley-bentayga-w12-awd/mgYV7bQywpYvRT7vs7LUm4,like new,gas,blue,clean,automatic,SUV,12 cylinders,4wd,Richmond,,
2023 Mercedes-Benz gle-class amg gle 63 s 4matic+ coupe,125995,"34,288",1,https://www.craigslist.org/view/d/richmond-2023-mercedes-benz-gle-class/hKhPnfNGKBgjQXN5N3v5vQ,like new,gas,black,clean,automatic,coupe,8 cylinders,4wd,Richmond,,
2026 TOYOTA HIGHLANDER HYBRID AWD – FINAL INCOMING BATCH,57928,"1,000",1,https://www.craigslist.org/view/d/vancouver-2026-toyota-highlander-hybrid/ebrs9MqSnpaHHZVmBDqbgQ,new,hybrid,,clean,automatic,SUV,4 cylinders,fwd,Vancouver,,$0
TOYOTA TACOMA 4DR 4WD,19800,"202,588",1,https://www.craigslist.org/view/d/vancouver-toyota-tacoma-4dr-4wd/gRRQq8AbF1hxnRoZi1G2ra,excellent,gas,,clean,automatic,pickup,,,VANCOUVER,,
2017 Jaguar F-PACE AWD 4dr 35t Prestige,20978,"65,000",1,https://www.craigslist.org/view/d/richmond-2017-jaguar-pace-awd-4dr-35t/6DeMB5v4zqAL5cBCpUu3XP,like new,gas,blue,clean,automatic,SUV,6 cylinders,4wd,Richmond,,
2021 MINI cooper s Cooper S FWD,31995,"55,000",1,https://www.craigslist.org/view/d/richmond-2021-mini-cooper-cooper-fwd/343wM8jmVzRgspDyjQ1q6n,like new,gas,blue,clean,automatic,convertible,4 cylinders,fwd,Richmond,,
2004 LEXUS LX 470,14800,"329,600",1,https://www.craigslist.org/view/d/vancouver-2004-lexus-lx-470/wVPaCEQURy2Jf1EEwqcvxe,good,gas,,clean,automatic,SUV,8 cylinders,4wd,VANCOUVER,,
MERCEDES BENZ SLK 350 ONE OWNER LOCAL NO ACCIDENT,20800,"161,088",1,https://www.craigslist.org/view/d/vancouver-mercedes-benz-slk-350-one/qvaxh45HjDe9pZHVZxQpJK,excellent,gas,,clean,automatic,convertible,6 cylinders,,VANCOUVER,,
2019 Subaru Ascent Premier 7-Passenger,19995,"149,181",1,https://www.craigslist.org/view/d/richmond-2019-subaru-ascent-premier/fRibrZNosgFUYkQcmgknii,like new,gas,blue,clean,automatic,SUV,4 cylinders,,Richmond,,
2011 BMW 3-Series 4dr Sdn 335i xDrive AWD,13995,"85,300",1,https://www.craigslist.org/view/d/richmond-2011-bmw-series-4dr-sdn-335i/ht78kwhwGi6Rz9SPzMBosw,like new,gas,white,clean,automatic,sedan,6 cylinders,4wd,Richmond,,
2024 Lexus UX UX 250h CVT,37995,"33,974",1,https://www.craigslist.org/view/d/richmond-2024-lexus-ux-ux-250h-cvt/h2Big12iVLoqQxGDUqVTkR,like new,hybrid,grey,clean,automatic,SUV,4 cylinders,4wd,Richmond,,
2018 BMW 4 Series 430i xDrive Gran Coupe,19995,"111,785",1,https://www.craigslist.org/view/d/richmond-2018-bmw-series-430i-xdrive/19JCi4vdwFxXggoALhTbSW,like new,gas,white,clean,automatic,coupe,4 cylinders,4wd,Richmond,,
2024 Tesla cybertruck awd,129995,"29,101",1,https://www.craigslist.org/view/d/richmond-2024-tesla-cybertruck-awd/ndqYG2qYkY2ER8bWSSEZmQ,like new,electric,,clean,automatic,pickup,,4wd,Richmond,,
2018 Mercedes-Benz c-class c 300 4matic sedan,19995,"112,000",1,https://www.craigslist.org/view/d/richmond-2018-mercedes-benz-class-300/vhd6RG4UhAjj3S9jSgPa53,like new,gas,,clean,automatic,sedan,6 cylinders,4wd,Richmond,,
2014 Toyota Venza 4dr Wgn V6 AWD,14995,"203,250",1,https://www.craigslist.org/view/d/richmond-2014-toyota-venza-4dr-wgn-v6/6Bpwrr7rPZh1jPqw3wEVTd,like new,gas,,clean,automatic,,6 cylinders,4wd,Richmond,,
2020 Mercedes-Benz glc-class glc 300 4matic suv,27995,"74,465",1,https://www.craigslist.org/view/d/richmond-2020-mercedes-benz-glc-class/sQCqCgEDAyS1jmKe5ZXR1E,,gas,,clean,automatic,SUV,,,Richmond,,
2021 Toyota RAV4 XLE AWD,34995,"43,322",1,https://www.craigslist.org/view/d/richmond-2021-toyota-rav4-xle-awd/kxDh8PH288oob2MLgvvtxn,,gas,,clean,automatic,SUV,,,Richmond,,
"2023 Honda CR-V EX-L ***Local BC car, No accidents, 1 OWNER ***",37800,"48,000",1,https://www.craigslist.org/view/d/coquitlam-2023-honda-cr-ex-local-bc-car/3iXwBXAfqyku6RZFCBdkAt,like new,gas,white,clean,automatic,SUV,4 cylinders,4wd,CarMatch,,
2015 Mazda Mazda5 GS | 6 Seater | Captain Seats | Low Ks,12995,"118,622",1,https://www.craigslist.org/view/d/burnaby-2015-mazda-mazda5-gs-seater/44ttTcJYzQjrtYcSfJmwo8,excellent,gas,grey,clean,automatic,wagon,4 cylinders,fwd,Vancouver,JM1CW2CL7F0186206,
"2024 Mazda CX-90 GT PHEV ***Local BC car, No accidents***",45800,"48,434",1,https://www.craigslist.org/view/d/coquitlam-2024-mazda-cx-90-gt-phev/oW7Et8tn9JjoNk7pJJa9M7,like new,hybrid,grey,clean,automatic,SUV,4 cylinders,4wd,CarMatch,,
2018 Honda HR-V EX | Sunroof | Heated Seats | Backup Camera,19980,"74,487",1,https://www.craigslist.org/view/d/burnaby-2018-honda-hr-ex-sunroof-heated/snXJ9vDrWRsTJAPXsEdDsJ,excellent,gas,white,clean,automatic,SUV,4 cylinders,4wd,Vancouver,3CZRU6H54JM103140,
2017 Toyota 4Runner SR5 | Limited | 7-Seater | Navi,41990,"100,202",1,https://www.craigslist.org/view/d/burnaby-2017-toyota-4runner-sr5-limited/kZPv1acPEhkPC5fA4vAjXH,excellent,gas,white,clean,automatic,SUV,6 cylinders,4wd,Vancouver,JTEBU5JR8H5450772,
2016 Volkswagen Golf R 2.0 TSI | CarPlay | Android Auto | Navi,25995,"76,880",1,https://www.craigslist.org/view/d/burnaby-2016-volkswagen-golf-20-tsi/11m5PS4kM1nZWzhF57AaYw,excellent,gas,red,clean,automatic,hatchback,4 cylinders,4wd,Vancouver,WVWLF7AU1GW112593,
2019 BMW X1 xDrive28i | Prem Pkg Essential | Panorama Sunroof | Navi,22890,"39,900",1,https://www.craigslist.org/view/d/burnaby-2019-bmw-x1-xdrive28i-prem-pkg/nv3AdTLAZ9P6BLTYjGjvUt,excellent,gas,white,clean,automatic,SUV,4 cylinders,4wd,Vancouver,WBXHT3C53K3H36358,
2017 Acura RDX Elite Pkg AWD | LOCAL VEHICLE | 1 OWNER,21905,"149,964",1,https://www.craigslist.org/view/d/vancouver-2017-acura-rdx-elite-pkg-awd/rWDx3HhFkthrpYRnqzvy96,excellent,gas,silver,clean,automatic,SUV,6 cylinders,4wd,North Vancouver,5J8TB4H77HL810270,
2018 Porsche Cayenne Platinum Edition | AWD | LOW KILOMETRES,28905,"95,370",1,https://www.craigslist.org/view/d/vancouver-2018-porsche-cayenne-platinum/cMMtsx3mzwNFxjCGx5eyiS,excellent,gas,black,clean,automatic,SUV,6 cylinders,4wd,North Vancouver,WP1AA2A27JKA00403,
"2016 Honda Odyssey EX ***Local BC car, No accidents*** FWD",20900,"131,602",1,https://www.craigslist.org/view/d/coquitlam-2016-honda-odyssey-ex-local/kNP2kQPHsR2Tsvbo9MNQ2h,like new,gas,white,clean,automatic,minivan,6 cylinders,fwd,CarMatch,,
2021 Volvo XC40 Recharge,29900,"109,373",1,https://www.craigslist.org/view/d/coquitlam-2021-volvo-xc40-recharge/dvKCC75GAbeUMCfF1iFXwx,like new,electric,grey,clean,automatic,SUV,,,CarMatch,,
2020 Tesla Model 3 Standard Range Plus,27999,"79,660",1,https://www.craigslist.org/view/d/burnaby-2020-tesla-model-standard-range/1HP7wohvKDwkvzMcihaSsq,excellent,electric,white,clean,automatic,sedan,,rwd,BURNABY,,
"2016 Infiniti Q50S AWD ***Local BC car, No accidents***",13800,"145,910",1,https://www.craigslist.org/view/d/coquitlam-2016-infiniti-q50s-awd-local/1kKed7m2amaa2iWhycuJfU,excellent,gas,white,clean,automatic,sedan,6 cylinders,4wd,CarMatch,,
"2023 Nissan Rogue Platinum ***Local BC car, No accidents***",28800,"64,276",1,https://www.craigslist.org/view/d/coquitlam-2023-nissan-rogue-platinum/mt6mARG8F9izSArettE9r3,like new,gas,red,clean,automatic,SUV,3 cylinders,4wd,CarMatch,,
2026 Chrysler Grand Caravan SXT with Rear Entry Accessible Conversion,79900,100,1,https://www.craigslist.org/view/d/chilliwack-2026-chrysler-grand-caravan/mKb9Zb7JQQweZt1f4evEnR,new,gas,white,clean,automatic,minivan,6 cylinders,fwd,CHILLIWACK,,
FS : 2017 Lamborghini Huracan Spyder 610-4,279995,"30,600",1,https://www.craigslist.org/view/d/vancouver-fs-lamborghini-huracan-spyder/disKLvtFUeuoEF69xH8Pgt,excellent,gas,white,clean,automatic,convertible,10 cylinders,4wd,Vancouver (NW Shaughnessy / East Kitsilano / Quilchena),,
2015 McLaren 650S Spider,159000,"42,000",1,https://www.craigslist.org/view/d/burnaby-2015-mclaren-650s-spider/5Y8DxCgxMDE3XMX7Nc4Y1K,excellent,gas,white,clean,automatic,convertible,8 cylinders,rwd,Burnaby,,
2024 Chrysler Grand Caravan SXT with Rear Entry Accessible Conversion,71900,"29,950",1,https://www.craigslist.org/view/d/chilliwack-2024-chrysler-grand-caravan/sRzh1Eot2YQppvjGfvZeg2,excellent,gas,black,clean,automatic,minivan,6 cylinders,fwd,CHILLIWACK,,
FS : 2008 Porsche 911 / 997.1 GT3,189995,"76,000",1,https://www.craigslist.org/view/d/vancouver-fs-porsche-gt3/jVbxZ88s7sNJDQXUzdqqca,good,gas,white,clean,manual,coupe,6 cylinders,rwd,Vancouver (NW Shaughnessy / East Kitsilano / Quilchena),,
"2025 BMW X3 M50 BRAND NEW BODY STYLE LOCAL LOADED ONLY 12,000 KMS!",73499,"12,502",1,https://www.craigslist.org/view/d/vancouver-2025-bmw-x3-m50-brand-new/9qpLP7V9cc91ZzAPAjoKHC,like new,gas,blue,clean,automatic,SUV,6 cylinders,4wd,LOW LEASE AND FINANCING AVAILABLE!,,
"2018 Nissan Rogue S AWD SUV: HEATED FRONT SEATS, LOCAL",16799,"113,960",1,https://www.craigslist.org/view/d/surrey-lower-west-2018-nissan-rogue-awd/6uDYMo1EDtunXihjTwsGDp,excellent,gas,white,clean,automatic,SUV,4 cylinders,4wd,FINANCE: $157 B/W+TAX *OAC!,,
"2024 Nissan Versa SV CVT Sedan: HEATED SEATS, CLEAN CARFAX",18499,"41,978",1,https://www.craigslist.org/view/d/surrey-lower-west-2024-nissan-versa-sv/8cReohkCQyz6WiCX9yaC5C,excellent,gas,grey,clean,automatic,sedan,4 cylinders,fwd,FINANCE: $133 B/W+TAX *OAC!,,
"2018 Toyota RAV4 XLE AWD SUV: HEATED SEATS, LOCAL, 1-OWNER",27499,"98,190",1,https://www.craigslist.org/view/d/surrey-lower-west-2018-toyota-rav4-xle/dkTXkDN8iEZUeee83K4pfm,excellent,gas,grey,clean,automatic,SUV,4 cylinders,4wd,FINANCE: $257 B/W+TAX *OAC!,,
"2025 Kia Sorento EX AWD SUV: LOW KMS, CLEAN CARFAX",36799,"33,372",1,https://www.craigslist.org/view/d/surrey-lower-west-2025-kia-sorento-ex/toBsXSwavSBCdoSizZxo18,excellent,gas,white,clean,automatic,SUV,4 cylinders,4wd,FINANCE: $264 B/W+TAX *OAC!,,
"2025 Toyota Corolla CVT Hatchback: LOW 28K KMS, LOCAL",27799,"27,975",1,https://www.craigslist.org/view/d/surrey-lower-west-2025-toyota-corolla/4UffgwFaXdBPV2XmbTko5x,excellent,gas,white,clean,automatic,hatchback,4 cylinders,fwd,FINANCE: $199 B/W+TAX *OAC!,,
"2023 Kia Sorento LX+ AWD SUV: 1-OWNER, LOCAL, MINT UNIT",26799,"71,970",1,https://www.craigslist.org/view/d/surrey-lower-west-2023-kia-sorento-lx/bsfZJVf5MnxszcPWWV4cNG,excellent,gas,grey,clean,automatic,SUV,4 cylinders,4wd,FINANCE: $216 B/W+TAX *OAC!,,
"2020 Lexus IS 300 AWD Sedan: LOCAL LOW KMS, NO ACCIDENTS!",35799,"59,818",1,https://www.craigslist.org/view/d/surrey-lower-west-2020-lexus-is-300-awd/tpeFoiNmiS97A4AsjdK2LC,excellent,gas,white,clean,automatic,sedan,6 cylinders,4wd,FINANCE: $334 B/W+TAX *OAC!,,
"2025 Dodge Durango GT Plus AWD SUV: LOW LOW KMS, CLEAN CARFAX",55999,"10,846",1,https://www.craigslist.org/view/d/surrey-lower-west-2025-dodge-durango-gt/wjpvixP3F623j33WVU22cu,excellent,gas,white,clean,automatic,SUV,6 cylinders,4wd,FINANCE: $402 B/W+TAX *OAC!,,
"2023 Kia Sportage AWD SUV: LEATHER/HEATED SEATS, LOCAL, LOW KMS!",28799,"43,210",1,https://www.craigslist.org/view/d/surrey-lower-west-2023-kia-sportage-awd/fmDyMyx2dHdQ5YSMoFA1zi,excellent,gas,white,clean,automatic,SUV,4 cylinders,4wd,FINANCE: $233 B/W+TAX *OAC!,,
"2025 Volkswagen Jetta Trendline Sedan: LOW KMS, NO ACCIDENTS",23999,"25,173",1,https://www.craigslist.org/view/d/surrey-lower-west-2025-volkswagen-jetta/7RVoKcFrq5YhRz8kRmDEf3,excellent,gas,grey,clean,automatic,sedan,4 cylinders,fwd,FINANCE: $172 B/W+TAX *OAC!,,
"2025 RAM 1500 Sport 4x4 Crew Cab 5'7"" Box: NO ACCIDENTS, NEAR NEW!",67299,"4,700",1,https://www.craigslist.org/view/d/surrey-lower-west-2025-ram-1500-sport/5QX7yvRJ7JUyauYBSzhZc1,excellent,gas,black,clean,automatic,pickup,6 cylinders,4wd,FINANCE: $483.B/W+TAX *OAC!,,
2023 Ford F-150 XLT 4WD SuperCrew 5.5' Box: 42K KMS ONLY!!,49799,"41,865",1,https://www.craigslist.org/view/d/surrey-lower-west-2023-ford-150-xlt-4wd/dduTRqyxX4oLckPsLHsam2,excellent,gas,white,clean,automatic,pickup,6 cylinders,4wd,FINANCE: $402 B/W+TAX *OAC!,,
"2018 Honda Accord Sport Sedan: CARPLAY/ANDROID AUTO, LOCAL, LOW KMS",22799,"96,810",1,https://www.craigslist.org/view/d/surrey-lower-west-2018-honda-accord/w6c32KjhRoMp8t3iTXnHPD,excellent,gas,red,clean,automatic,sedan,4 cylinders,fwd,FINANCE: $213 B/W+TAX *OAC!,,
"2023 Kia Sportage AWD SUV: LEATHER/HEATED SEATS, LOCAL, LOW KMS!",28999,"43,210",1,https://www.craigslist.org/view/d/surrey-lower-west-2023-kia-sportage-awd/cQizHVRUPq88NVj9NbuxFR,excellent,gas,white,clean,automatic,SUV,4 cylinders,4wd,FINANCE: $234 B/W+TAX *OAC!,,
"2019 Mazda CX-9 GS-L AWD SUV: LOCAL, FULLY LOADED!",23799,"137,027",1,https://www.craigslist.org/view/d/surrey-lower-west-2019-mazda-cx-gs-awd/pxDEMH1T2Hw6QEb3eL8QL7,excellent,gas,white,clean,automatic,SUV,4 cylinders,4wd,FINANCE: $222 B/W+TAX *OAC!,,
"2023 Mercedes-Benz CLS 53 AMG 4MATIC Sedan: LOW KMS, NO ACCIDENTS!",74299,"48,571",1,https://www.craigslist.org/view/d/surrey-lower-west-2023-mercedes-benz/muCPAvjRCH1sCpQtGDNzxn,excellent,gas,black,clean,automatic,sedan,6 cylinders,4wd,FINANCE: $600 B/W+TAX *OAC!,,
2024 Mitsubishi Outlander PHEV GT | PLUG-IN HYBRID | NO ACCIDENTS,42905,"42,218",1,https://www.craigslist.org/view/d/vancouver-2024-mitsubishi-outlander/48NTCRkYno2nq6K5mxpaW8,like new,hybrid,black,clean,automatic,SUV,4 cylinders,4wd,North Vancouver,JA4T5WA96RZ607800,
2021 Volvo V60 Cross Country T5 AWD | VERY LOW KM | 360 CAMERA | LOCAL,37905,"29,279",1,https://www.craigslist.org/view/d/vancouver-2021-volvo-v60-cross-country/nXs8BceYjtgnLc3D6qSa1K,like new,gas,white,clean,automatic,wagon,4 cylinders,4wd,North Vancouver,YV4102WK0M1073939,
2023 Lexus IS 300 AWD Sedan | 1 OWNER | LOW KM | LOCAL,42905,"27,269",1,https://www.craigslist.org/view/d/vancouver-2023-lexus-is-300-awd-sedan/8TxUkfQ3c9E69tUTWr2GEL,like new,gas,silver,clean,automatic,sedan,6 cylinders,4wd,North Vancouver,JTHC81F26P5051986,
2016 Volvo XC60 T6 Drive-E Premier | NO ACCIDENTS | LOCAL,19905,"108,050",1,https://www.craigslist.org/view/d/vancouver-2016-volvo-xc60-t6-drive/hpzPiZbQGp34Rs73jLuQsi,excellent,gas,black,clean,automatic,SUV,4 cylinders,fwd,North Vancouver,YV449MDK1G2863461,
2024 Volvo XC90 Recharge T8 Recharge,60705,"25,155",1,https://www.craigslist.org/view/d/vancouver-2024-volvo-xc90-recharge-t8/wrEDLerWeKCVHzr4kfTmXQ,like new,hybrid,black,clean,automatic,SUV,4 cylinders,4wd,North Vancouver,YV4H60CEXR1194761,
2022 Volvo XC60 B6 AWD R-Design | LOCAL | LOW KM | B&W | 360 CAMERA,33405,"98,112",1,https://www.craigslist.org/view/d/north-vancouver-2022-volvo-xc60-b6-awd/6tzusf6zCDVpwewn3EWzRY,excellent,hybrid,blue,clean,automatic,SUV,4 cylinders,4wd,North Vancouver,LYV062RM4NB043699,
Used Toyota RAV4 Hybrid & PHEV & Venza Hybrid Call 236*858*1182,-1,"999,999",1,https://www.craigslist.org/view/d/burnaby-used-toyota-rav4-hybrid-phev/i5N6BApmGo5e4732pctrtq,excellent,hybrid,,clean,automatic,SUV,4 cylinders,4wd,Vancouver,,
2022 Volvo XC60 B6 R-Design,33405,"98,112",1,https://www.craigslist.org/view/d/pitt-meadows-2022-volvo-xc60-b6-design/sEKHtjdXLQZKZUmU7YFDDF,like new,gas,blue,clean,automatic,SUV,4 cylinders,4wd,North Vancouver,,
2013 Volkswagen CC Highline 2.0T DSG | LOW KM | LOCAL,12905,"138,454",1,https://www.craigslist.org/view/d/north-vancouver-2013-volkswagen-cc/nybgMKAw6MVtXuR8WmBEFk,excellent,gas,brown,clean,automatic,sedan,4 cylinders,fwd,North Vancouver,WVWRN7AN8DE529264,
2023 Volkswagen Golf R 20th Anniversary,38888,"73,083",1,https://www.craigslist.org/view/d/burnaby-2023-volkswagen-golf-20th/fMCDLrkAc7D35de4guqr81,excellent,gas,blue,clean,automatic,hatchback,4 cylinders,4wd,BURNABY,,
"2021 Toyota Corolla SE CVT Sedan: APPLE CARPLAY, BC UNIT",21666,"93,960",1,https://www.craigslist.org/view/d/surrey-lower-west-2021-toyota-corolla/3BGCXuKiFaKwZKEau8gQ4e,excellent,gas,black,clean,automatic,sedan,4 cylinders,fwd,FINANCE: $202 B/W+TAX *OAC!,,
"2026 FIAT 500e Pop FWD Hatchback ▪ AS NEW ▪ SAVE ($10,291) $$$$s!",31999,50,1,https://www.craigslist.org/view/d/surrey-lower-west-2026-fiat-500e-pop/dcfP2tA5B8uWzfW85VYzuC,like new,electric,white,clean,automatic,hatchback,,fwd,NO/BAD/NEW CREDIT: ALL WELCOME!,,
"2022 Ram 1500 Sport 4x4 Crew Cab 5'7"" Box: CLEAN CARFAX, LEATHER",43299,"81,345",1,https://www.craigslist.org/view/d/surrey-lower-west-2022-ram-1500-sport/dq325tksemm6pVepwkqW9v,excellent,gas,black,clean,automatic,pickup,8 cylinders,4wd,FINANCE: $404 B/W+TAX *OAC!,,
2020 Honda Civic EX CVT Sedan ▪ LOCAL ▪ LOW KMS,21499,"83,859",1,https://www.craigslist.org/view/d/surrey-lower-west-2020-honda-civic-ex/97cqLcAcfjLivLeA1qqnYD,excellent,gas,red,clean,automatic,sedan,4 cylinders,fwd,FINANCE: $200 B/W+TAX *OAC!,,
"2018 Mazda CX-3 GS AWD SUV: BLIND SPOT, BACKUP CAM",15777,"99,897",1,https://www.craigslist.org/view/d/surrey-lower-west-2018-mazda-cx-gs-awd/d1fXn7Sudy362drXVpzxAq,excellent,gas,red,clean,automatic,SUV,4 cylinders,4wd,FINANCE: $147 B/W+TAX *OAC!,,
"2021 Audi Q5 Technik 45 TFSI quattro SUV: BC UNIT, LOW KMS",32599,"61,890",1,https://www.craigslist.org/view/d/surrey-lower-west-2021-audi-q5-technik/t6C1GjoVGyFg3hMiGsshAb,excellent,gas,white,clean,automatic,SUV,4 cylinders,4wd,FINANCE: $304 B/W+TAX *OAC!,,
"2024 Toyota RAV4 Hybrid XSE AWD SUV: LOW KMS, NO ACCIDENTS",45999,"46,113",1,https://www.craigslist.org/view/d/surrey-lower-west-2024-toyota-rav4/73z58XZyMJypxzSkSWFpeR,excellent,hybrid,blue,clean,automatic,SUV,4 cylinders,4wd,FINANCE: $330 B/W+TAX *OAC!,,
"2022 Ram 1500 Classic SLT Crew Cab 5'7"" Box: 1-OWNER, NO ACCIDENTS",35499,"52,705",1,https://www.craigslist.org/view/d/surrey-lower-west-2022-ram-1500-classic/vacwwCrkQUAyKz2t4Tzzfj,excellent,gas,white,clean,automatic,pickup,6 cylinders,4wd,FINANCE: $331 B/W+TAX *OAC!,,
"2023 Ford F-150 LARIAT 4WD SuperCrew 6.5' Box Pickup: LOCAL, LOW KMS",49666,"87,705",1,https://www.craigslist.org/view/d/surrey-lower-west-2023-ford-150-lariat/bmWpukz1QjBbSskNDDpu7p,excellent,gas,black,clean,automatic,pickup,6 cylinders,4wd,FINANCE: $401 B/W+TAX *OAC!,,
"2019 Honda CR-V Touring SUV: NAVIGATION, HEATED LEATHR SEATS",27999,"68,670",1,https://www.craigslist.org/view/d/surrey-lower-west-2019-honda-cr-touring/g5zzBh7kY1jtveqpe3rq45,excellent,gas,white,clean,automatic,SUV,4 cylinders,4wd,FINANCE: $261 B/W+TAX *OAC!,,
"2019 Ford F-150 Limited 4X4 SuperCrew: NO ACCIDENTS, LOW KMS",45699,"47,645",1,https://www.craigslist.org/view/d/surrey-lower-west-2019-ford-150-limited/3HPGC6t4oSCxFjHL32PpeB,excellent,gas,white,clean,automatic,pickup,6 cylinders,4wd,FINANCE: $426 B/W+TAX *OAC),,
"2020 Tesla Model 3 Standard Range Plus Sedan: TIP-TOP SHAPE, LOCAL",23999,"80,540",1,https://www.craigslist.org/view/d/surrey-lower-west-2020-tesla-model/3t1prAZMh9vWiMmPbSuXue,excellent,electric,white,clean,automatic,sedan,,rwd,FINANCE: $224 B/W+TAX *OAC),,
2023 Mazda CX-5 Signature AWD SUV ▪ BC UNIT ▪ 37K KMS ONLY,34999,"36,941",1,https://www.craigslist.org/view/d/surrey-lower-west-2023-mazda-cx/fBajUHUX88J3rsSwenjQDK,excellent,gas,red,clean,automatic,SUV,4 cylinders,4wd,FINANCE: $283 B/W+TAX *OAC),,
"2025 Ford Maverick XLT AWD SuperCrew Pickup: HYBRID, LOW LOW KMS",36999,"10,984",1,https://www.craigslist.org/view/d/surrey-lower-west-2025-ford-maverick/33MeSABbW7aT9Zrv2Q3qy6,excellent,hybrid,blue,clean,automatic,pickup,4 cylinders,4wd,FINANCE: $266 B/W+TAX *OAC!,,
"2026 Jeep Compass North 4x4 SUV: 1-OWNER, NO ACCIDENTS",35499,499,1,https://www.craigslist.org/view/d/surrey-lower-west-2026-jeep-compass/nqmTGc1uJBcHz5PivSazvE,like new,gas,blue,clean,automatic,SUV,4 cylinders,4wd,FINANCE: $231 *BI-WEEKLY++,,
"2023 Ford Escape ST-Line Elite AWD SUV: NAVI, LOW LOW KMS!",31999,"22,483",1,https://www.craigslist.org/view/d/surrey-lower-west-2023-ford-escape-st/4fGXpFpATV5zjk4EabFNfb,excellent,gas,white,clean,automatic,SUV,4 cylinders,rwd,FINANCE: $258 *BI-WEEKLY++,,
"2022 Ram 1500 Limited 4x4 Crew Cab 5'7"" Box ▪ NO ACCIDENTS ▪ 35K KMS",55999,"35,165",1,https://www.craigslist.org/view/d/surrey-lower-west-2022-ram-1500-limited/7z9L1JvFRX9naZhL9Mq5Eh,excellent,gas,white,clean,automatic,pickup,8 cylinders,4wd,FINANCE: $523 *BI-WEEKLY++,,
"2023 Nissan Altima S AWD Sedan: ALL-WHEEL DRIVE, CLEAN CARFAX",21999,"97,209",1,https://www.craigslist.org/view/d/surrey-lower-west-2023-nissan-altima/qySJmXdtUGRTry5sMBRCQX,excellent,gas,white,clean,automatic,sedan,4 cylinders,4wd,FINANCE: $178 B/W+TAX *OAC!,,
TOYOTA TACOMA 4WD LOCAL LOW KM,14800,"210,021",1,https://www.craigslist.org/view/d/vancouver-toyota-tacoma-4wd-local-low-km/7PHsNJ9GMwm2UEapnbF6Po,excellent,gas,,clean,automatic,pickup,6 cylinders,4wd,VANCOUVER,,
2007 Audi TT,12990,"59,445",1,https://www.craigslist.org/view/d/burnaby-2007-audi-tt/rSJ3jfzscgCB7MctQFiAWU,like new,gas,white,clean,automatic,coupe,4 cylinders,fwd,city of vancouver,,
2015 Honda Civic Sedan Touring | Sunroof | Navi | Heated Seats,17490,"99,700",1,https://www.craigslist.org/view/d/burnaby-2015-honda-civic-sedan-touring/eL2N5CNnsxAu7Yv11qiuHd,excellent,gas,white,clean,automatic,sedan,4 cylinders,fwd,Vancouver,2HGFB2F75FH016690,
2017 RAM 3500 SLT 4x4 | Parking Assist | Lift-Kit | Diesel,36900,"212,069",1,https://www.craigslist.org/view/d/nanaimo-north-2017-ram-3500-slt-4x4/5pFyMoSCKCHH5roXkapwz6,,diesel,,clean,automatic,pickup,,,ALL CREDIT TYPES APPROVED!💠$0 DOWN AVAILABLE!,,
"2023 BMW X3 30 PREM PKG ENHANCED LOCAL LOADED ONLY 21,000 KMS!",36999,"21,587",1,https://www.craigslist.org/view/d/vancouver-2023-bmw-x3-30-prem-pkg/pD4ZaJhEiMXzoijqfcpxH1,like new,gas,black,clean,automatic,SUV,4 cylinders,4wd,VANCOUVER,,
2004 Suzuki Jimny Sierra M/T,13490,"105,500",1,https://www.craigslist.org/view/d/burnaby-2004-suzuki-jimny-sierra-t/xov9g942sqULH1yM9NBNDY,excellent,gas,silver,clean,manual,offroad,4 cylinders,4wd,city of vancouver,,
2026 Volkswagen GOLF R,54995,600,1,https://www.craigslist.org/view/d/port-moody-2026-volkswagen-golf/ndkuEAbXtcy5ySHdKnaysm,like new,gas,white,clean,automatic,hatchback,,4wd,city of vancouver,WVWCF7CD1TW204472,
2013 Volkswagen Beetle CONVERTIBLE Comfortline,14888,"163,000",1,https://www.craigslist.org/view/d/port-moody-2013-volkswagen-beetle/3LGfiRqYxMJugjWbQPdaqe,like new,gas,white,clean,automatic,convertible,,fwd,city of vancouver,3VW5X7AT8DM828560,
2020 Mitsubishi Outlander PHEV SEL S-AWC,26223,"70,777",1,https://www.craigslist.org/view/d/port-moody-2020-mitsubishi-outlander/vAc5pWfMfZrZeC5Lc6rs7r,like new,gas,white,clean,automatic,SUV,,fwd,city of vancouver,JA4J24A58LZ604048,
2016 Volkswagen Beetle Trendline,15388,"12,500",1,https://www.craigslist.org/view/d/port-moody-2016-volkswagen-beetle/2R3AAvtqPMaemCeFSgxL14,like new,gas,orange,clean,automatic,coupe,,fwd,city of vancouver,3VWJ07AT5GM626573,
2021 Audi RS Q8 RS Q8,98888,"42,444",1,https://www.craigslist.org/view/d/port-moody-2021-audi-rs-q8-rs-q8/scJTuQw17PAEk3qtUWaajA,like new,gas,black,clean,automatic,SUV,,4wd,city of vancouver,WU1ARAF16MD024031,
2021 MINI COOPER S CONVERTIBLE,29888,"18,888",1,https://www.craigslist.org/view/d/port-moody-2021-mini-cooper-convertible/9ivvTWMAu5zD8cFY2pfRMx,like new,gas,blue,clean,automatic,convertible,,fwd,city of vancouver,WMWWJ5C08M3M07260,
2014 Audi A7 TDI 8sp Tiptronic Technik,18999,"168,888",1,https://www.craigslist.org/view/d/port-moody-2014-audi-a7-tdi-8sp/rTLNR9DesVpwPgr9gfPVoa,like new,diesel,white,clean,automatic,sedan,,4wd,city of vancouver,WAU3MCFC1EN042964,
2022 Volkswagen Tiguan Trendline AWD (VW CERTIFIED ),24488,"42,777",1,https://www.craigslist.org/view/d/port-moody-2022-volkswagen-tiguan/rxygA82esEDLBCbKhDCgn3,like new,gas,custom,clean,automatic,SUV,,4wd,city of vancouver,3VV0B7AX2NM109743,
2023 Volkswagen Jetta Comfortline Sport Package,25288,"31,000",1,https://www.craigslist.org/view/d/port-moody-2023-volkswagen-jetta/qVeg3tBSfayvdQjeV5CN4P,like new,gas,white,clean,automatic,sedan,,fwd,city of vancouver,3VWSM7BU6PM042523,
2022 Hyundai Santa Fe Luxury AWD,26488,"113,500",1,https://www.craigslist.org/view/d/port-moody-2022-hyundai-santa-fe-luxury/1LCE5y6ULJexS9SQFX4vi4,like new,gas,black,clean,automatic,SUV,,4wd,city of vancouver,KM8S5DA1XNU025833,
2026 Volkswagen Jetta GLI Autobahn ( BRAND NEW ),37945,30,1,https://www.craigslist.org/view/d/port-moody-2026-volkswagen-jetta-gli/4ikWYg7KXDFDPdzqDjHWUU,like new,gas,custom,clean,automatic,sedan,,fwd,city of vancouver,3VW2M7BU8TM059639,
2018 Jeep Wrangler JK Unlimited Rubicon,26588,"102,500",1,https://www.craigslist.org/view/d/port-moody-2018-jeep-wrangler-jk/bty3CKMM4h89uB1jYjYaNK,like new,gas,white,clean,automatic,SUV,,fwd,city of vancouver,1C4HJWFGXJL915896,
2023 Volkswagen Atlas Cross Sport Execline  R-Line 4MOTION,33488,"96,777",1,https://www.craigslist.org/view/d/port-moody-2023-volkswagen-atlas-cross/a2dG2dzQqhJrvVxudYqhrH,like new,gas,white,clean,automatic,SUV,,4wd,city of vancouver,1V2FE2CA9PC201527,
2017 bmw xDRIVE 35i,21488,"82,500",1,https://www.craigslist.org/view/d/port-moody-2017-bmw-xdrive-35i/9ZkonjPMJYGnC9zHzppLyf,like new,gas,custom,clean,automatic,SUV,,4wd,city of vancouver,5UXWX7C3XH0U43870,
2026 VOLKSWAGEN GOLF GTI AUTOBAHN ( BRAND NEW ),44340,30,1,https://www.craigslist.org/view/d/port-moody-2026-volkswagen-golf-gti/o9vaf5qAXW95CvdA5akqRf,new,gas,custom,clean,automatic,other,,fwd,city of vancouver,WVWRE7CD5TW224978,
2025 ATLAS EXECLINE R-LINE ( VW CERTIFIED ),53289,"29,000",1,https://www.craigslist.org/view/d/port-moody-2025-atlas-execline-line-vw/1yJRuvD1GYZp6JjN4Bj599,like new,gas,silver,clean,automatic,SUV,,4wd,city of vancouver,1V2FR2CA5SC517889,
2026 VOLKSWAGEN GOLF R BLACK EDITION ( BRAND NEW ),60640,30,1,https://www.craigslist.org/view/d/port-moody-2026-volkswagen-golf-black/i8USbChppDXF33msVxqkR5,new,gas,custom,clean,automatic,hatchback,,4wd,city of vancouver,WVWKF7CDXTW237305,
2024 Kia Seltos LX AWD,24000,"63,600",1,https://www.craigslist.org/view/d/port-moody-2024-kia-seltos-lx-awd/w8BDrVGnpbf1fizY8JJ5vh,like new,gas,black,clean,automatic,SUV,,4wd,city of vancouver,KNDEUCAA3R7622261,
2026 Volkswagen Tiguan Comfortline R-Line Black 4MOTION,46695,30,1,https://www.craigslist.org/view/d/port-moody-2026-volkswagen-tiguan/ehFq3cJxvxCZ3mCdWqmAXe,new,gas,black,clean,automatic,SUV,,4wd,city of vancouver,3VVGR7RM5TM010903,
2026 Volkswagen Tiguan HIGHLINE R-LINE,53195,50,1,https://www.craigslist.org/view/d/port-moody-2026-volkswagen-tiguan/t6vgwf11xw8w3Rs7XFehyu,new,gas,custom,clean,automatic,SUV,,4wd,city of vancouver,3VVUW7RM1TM075744,
2025 Volkswagen ID. Buzz 1st Edition 4MOTION w/Two-Tone,63990,50,1,https://www.craigslist.org/view/d/port-moody-2025-volkswagen-id-buzz-1st/oraZjkDXvYGZ6ewWFxappn,new,electric,custom,clean,automatic,minivan,,4wd,city of vancouver,WVG6YVEB2SH037223,
2026 Volkswagen Jetta Trendline Auto,30500,20,1,https://www.craigslist.org/view/d/port-moody-2026-volkswagen-jetta/nTx6NNeU9SsVZKtWiHUG7T,new,gas,custom,clean,automatic,sedan,,fwd,city of vancouver,3VWCW7BU3TM049745,
2021 Volkswagen Atlas 2021 ATLAS HIGHLINE 7 SEATER ( 0% FINANCING AVAI,30688,"89,600",1,https://www.craigslist.org/view/d/port-moody-2021-volkswagen-atlas-2021/wNeSHZLqqK4ZxnVnnLpLdw,like new,gas,custom,clean,automatic,SUV,,4wd,city of vancouver,1V2BR2CA3MC573525,
2026 Volkswagen Jetta Trendline ( BRAND NEW ),28540,20,1,https://www.craigslist.org/view/d/port-moody-2026-volkswagen-jetta/kJD6sYcMwJAqQSQUpBBedc,new,gas,black,clean,automatic,sedan,,fwd,city of vancouver,3VWCW7BU3TM013716,
2026 Mitsubishi RVR SE/ $180.37 BI WEEKLY / 10 YEARS WARRANTY / JAPANE,31523,50,1,https://www.craigslist.org/view/d/burnaby-2026-mitsubishi-rvr-se-bi/w7Ct6Ui6YLYVx8sBmRgcFE,new,gas,grey,clean,automatic,SUV,4 cylinders,4wd,BURNABY,,
2007 Porsche 911 Turbo - SOLD,-1,"86,000",1,https://www.craigslist.org/view/d/burnaby-2007-porsche-911-turbo-sold/2o4HmMshPCV7SqMWTY77re,excellent,gas,silver,clean,manual,coupe,6 cylinders,4wd,Burnaby,,
2018 Honda Civic Type R | CarPlay | Navi | Champ White,37990,"96,345",1,https://www.craigslist.org/view/d/burnaby-2018-honda-civic-type-carplay/d1xN2enmzs9nZombd1gSM3,excellent,gas,white,clean,manual,hatchback,4 cylinders,fwd,Vancouver,SHHFK8G31JU301042,
2019 BMW 4 Series 440i xDrive,39999,"57,825",1,https://www.craigslist.org/view/d/vancouver-2019-bmw-series-440i-xdrive/fHDGCYzDp5XpTjY7yRTwuC,excellent,gas,white,clean,automatic,coupe,6 cylinders,4wd,BURNABY,,
-----/ 2022 MERCEDES BENZ GLC300 GLC 300 PREMIUM PLUS 4MATIC SUV /----,40995,"31,294",1,https://www.craigslist.org/view/d/vancouver-mercedes-benz-glc300-glc-300/8X5JmxdHzXoohZvdBzDpjB,excellent,gas,white,clean,automatic,SUV,4 cylinders,4wd,VANCOUVER LOCATION,,
---/ 2022 MERCEDES BENZ GLC300 GLC 300 PREMIUM PLUS AMG 4MATIC SUV /--,40995,"39,000",1,https://www.craigslist.org/view/d/vancouver-mercedes-benz-glc300-glc-300/nhW1BaigPRH4AB8JdpEFZq,excellent,gas,black,clean,automatic,SUV,4 cylinders,4wd,VANCOUVER LOCATION,,
"2022 Tesla model y long range AWD *** Local vehicle, clean title***",36800,"111,680",1,https://www.craigslist.org/view/d/coquitlam-2022-tesla-model-long-range/bCyjmmui1SPxn1qdxQwQRQ,like new,electric,blue,clean,automatic,SUV,,4wd,CarMatch,,
2023 HYUNDAI SANTA FE SEL PREMIUM,26900,"60,715",1,https://www.craigslist.org/view/d/coquitlam-2023-hyundai-santa-fe-sel/mR7vJN9gEb8nWV2uR77oGu,like new,gas,,clean,automatic,SUV,4 cylinders,,CarMatch,,
"2024 NISSAN SENTRA SV ***Local BC car, NO accident***",19900,"49,482",1,https://www.craigslist.org/view/d/coquitlam-2024-nissan-sentra-sv-local/1KuNbBj2PC4HQtrJ8dWuKc,like new,gas,,clean,automatic,sedan,4 cylinders,,CarMatch,,
2025 TOYOTA COROLLA CROSS LE BLACK *Like New,31900,"24,592",1,https://www.craigslist.org/view/d/coquitlam-2025-toyota-corolla-cross-le/ufWMcwu3ZZWLTvHJM7Nwtp,like new,gas,black,clean,automatic,sedan,4 cylinders,,CarMatch,,
2022 Toyota Prius Prime XLE *Almost NEW,31900,"5,000",1,https://www.craigslist.org/view/d/coquitlam-2022-toyota-prius-prime-xle/2En4wPFtyNCxPUT8Eo4yBy,like new,gas,,clean,automatic,hatchback,4 cylinders,,CarMatch,,
2018 Porsche Macan,31800,"33,000",1,https://www.craigslist.org/view/d/coquitlam-2018-porsche-macan/bKzxXatvLPFFtdgZuvaBsV,excellent,gas,,clean,automatic,SUV,4 cylinders,,CarMatch,,
"2024 Honda HR-V LX *** Local BC car, NO accident***",27900,"50,573",1,https://www.craigslist.org/view/d/coquitlam-2024-honda-hr-lx-local-bc-car/j6me44Q2vbJGHY3QKiCqW3,like new,gas,,clean,automatic,SUV,4 cylinders,4wd,CarMatch,,
2007 BMW M6 Cabriolet *GOOD SHAPE*,33900,"78,500",1,https://www.craigslist.org/view/d/coquitlam-2007-bmw-m6-cabriolet-good/piaPuXNgC9Zg3cU3mMfccE,like new,gas,black,clean,automatic,,10 cylinders,,CarMatch,,
2017 Lexus RX350 AWD,29800,"100,068",1,https://www.craigslist.org/view/d/coquitlam-2017-lexus-rx350-awd/u7pf5zJFiif2fpnCJkqYit,,gas,white,clean,automatic,SUV,6 cylinders,,CarMatch,,
2018 Honda CR-V LX AWD,22800,"106,241",1,https://www.craigslist.org/view/d/coquitlam-2018-honda-cr-lx-awd/uZdzn1sy4tXbDXZ4Fg8zfL,like new,gas,,clean,automatic,SUV,4 cylinders,4wd,CarMatch,,
2011 Honda Odyssey 2.4,12990,"61,118",1,https://www.craigslist.org/view/d/burnaby-2011-honda-odyssey-24/gKtsdUcrxnrL4hCe7jNMSZ,excellent,gas,black,clean,automatic,minivan,4 cylinders,fwd,city of vancouver,,
"2023 BMW X3 30I LOCAL LOADED ONLY 23,000 KMS!",37999,"23,889",1,https://www.craigslist.org/view/d/north-vancouver-2023-bmw-x3-30i-local/13WFqZXSxojEhHXCjWxcNV,excellent,gas,grey,clean,automatic,SUV,4 cylinders,4wd,LOW FINANCING AVAILABLE!,,
2014 Toyota Yaris LE | Backup Camera | Bluetooth,14695,"79,000",1,https://www.craigslist.org/view/d/burnaby-2014-toyota-yaris-le-backup/gpGgtWyVYP5BhVmKtqk8Lt,excellent,gas,blue,clean,automatic,sedan,4 cylinders,fwd,Vancouver,VNKKTUD33EA003690,
-----/ 2020 MERCEDES BENZ AMG GT63 GT 63 S 4MATIC+ COUPE /-----,132995,"54,850",1,https://www.craigslist.org/view/d/vancouver-mercedes-benz-amg-gt63-gt-63/awmnNREadfsZmisfHhRpPf,excellent,gas,black,clean,automatic,coupe,8 cylinders,4wd,VANCOUVER LOCATION,,
New/Used Toyota Corolla Cross Gas and Hybrid Call Jacky 236/858*1182,-1,"40,900",1,https://www.craigslist.org/view/d/vancouver-new-used-toyota-corolla-cross/6QSMCtdKR9WfPpTSbRbSeH,excellent,gas,,clean,automatic,SUV,4 cylinders,,Vancouver,,
2010 Honda Accord (Acura tsx) K24,12990,"23,820",1,https://www.craigslist.org/view/d/burnaby-2010-honda-accord-acura-tsx-k24/9PutaTrHAxkh58f3h5a1MC,like new,gas,black,clean,automatic,sedan,4 cylinders,fwd,city of vancouver,,
Wheelchair Accessible Van for Rent,-1,"55,000",1,https://www.craigslist.org/view/d/chilliwack-wheelchair-accessible-van/dPBqkLP7gssMw1kTKm4PfZ,,gas,silver,clean,automatic,minivan,,fwd,CHILLIWACK,,
2021 Nissan Qashqai SV | AWD | CarPlay | Sunroof,22495,"32,300",1,https://www.craigslist.org/view/d/burnaby-2021-nissan-qashqai-sv-awd/xyr6YoQRE4uyxZoYK8R1hQ,excellent,gas,black,clean,automatic,hatchback,4 cylinders,4wd,Vancouver,JN1BJ1BW0MW447687,
2016 Volkswagen Touareg Sportline | Panoramic Sunroof | Tow Hitch,20995,"74,500",1,https://www.craigslist.org/view/d/burnaby-2016-volkswagen-touareg/1rcSQki3iGpsawqhKjFXH1,excellent,gas,grey,clean,automatic,SUV,6 cylinders,4wd,Vancouver,WVGEF9BP9GD013072,
1955 Mercury Eight,31000,"9,999",1,https://www.craigslist.org/view/d/burnaby-1955-mercury-eight/mKMZ179E5egqtFrvGs3ck4,,gas,,clean,manual,,,,Vancouver,,
1960 Austin-Healey Bugeye Sprite 5-Speed - Classic Convertible,44000,"99,000",1,https://www.craigslist.org/view/d/burnaby-1960-austin-healey-bugeye/2iuwYmRyrJSYidbktmyv83,,gas,,clean,manual,convertible,,,Vancouver,,
1965 Ford Econoline,42000,"9,999",1,https://www.craigslist.org/view/d/langley-township-north-1965-ford/stXHkhGSjH9Dp5X5fyPVsR,,gas,,clean,manual,pickup,,,Langley BC,,
2023 Volvo V60 B6 Ultimate,48905,"39,630",1,https://www.craigslist.org/view/d/pitt-meadows-2023-volvo-v60-b6-ultimate/uEPQNrcJcKiRCWsqSQBKZT,like new,gas,silver,clean,automatic,wagon,4 cylinders,4wd,North Vancouver,,
2016 MINI Cooper S Countryman ALL4,14500,"94,000",1,https://www.craigslist.org/view/d/burnaby-2016-mini-cooper-countryman-all4/mQW4fAsMuhh699XR38uGuB,excellent,gas,black,clean,automatic,SUV,4 cylinders,4wd,Burnaby,,
2017 Ford Mustang!!!! SALE PRICE!!!!,14998,"141,500",1,https://www.craigslist.org/view/d/victoria-2017-ford-mustang-sale-price/eAn7yHj9AYhpHg4kENrF4D,,gas,white,clean,manual,coupe,4 cylinders,rwd,victoria,,
2017 Jaguar F-Pace S AWD SuperCharged!!!! SALE PRICE!!,17998,"132,200",1,https://www.craigslist.org/view/d/victoria-2017-jaguar-pace-awd/cruJpiVYrykrqKRSk9i2zq,,gas,grey,clean,automatic,SUV,6 cylinders,4wd,victoria,,
"Used Cherokee, Canyon, Ram 3500 Call 236/858*1182",-1,"99,999",1,https://www.craigslist.org/view/d/vancouver-used-cherokee-canyon-ram-3500/fMUD9nZET496T7Qdg5FagR,excellent,gas,,clean,automatic,SUV,other,,Vancouver,,
1965 Jaguar XKE - Classic British Convertible,200000,"1,000",1,https://www.craigslist.org/view/d/burnaby-1965-jaguar-xke-classic-british/dHrnQrWbdmyJANZTu6e3DG,,gas,,clean,automatic,convertible,,,Vancouver,,
"1951 Mercury Woody Wagon, Luor Maroon with Wood Body Moldings-Classic",104000,"1,000",1,https://www.craigslist.org/view/d/burnaby-1951-mercury-woody-wagon-luor/3N7cMqb1YzfaTpAQLww9J7,,gas,,clean,automatic,wagon,,,Vancouver,,
1968 Triumph TR250,63000,"8,000",1,https://www.craigslist.org/view/d/burnaby-1968-triumph-tr250/o1XsMEufY5QX5Fv4EMffHx,,gas,,clean,manual,,,,Vancouver,,
2019 Range Rover Velar P300 SE,46000,"57,000",1,https://www.craigslist.org/view/d/burnaby-2019-range-rover-velar-p300-se/rCbq9F8nr83b2Qu97AbmdK,,gas,,clean,automatic,SUV,,,Vancouver,,
2018 Range Rover Autobiography,76000,"97,000",1,https://www.craigslist.org/view/d/burnaby-2018-range-rover-autobiography/cZZmDuLD2JaZAaeYiGxBWC,new,gas,,clean,manual,SUV,,,Vancouver,,
1965 Austin Healey 3000 BJ8 KMS lll - Classic British Sports Car,95000,10,1,https://www.craigslist.org/view/d/burnaby-1965-austin-healey-3000-bj8-kms/8Diud3veQSVeQ77YrL7Eu7,,gas,,clean,manual,,,,Vancouver,,
Model T Wild Custom,136998,"9,999",1,https://www.craigslist.org/view/d/burnaby-model-wild-custom/wTF452W7kwmF8tTMNQ5uov,,gas,,clean,manual,,,,Vancouver,,
1955 Mercury Eight,31000,"9,999",1,https://www.craigslist.org/view/d/burnaby-1955-mercury-eight/srBWuwrwpe7h1TnaU8LnXZ,,gas,,clean,manual,,,,Vancouver,,
1948 MGTC,28000,"9,999",1,https://www.craigslist.org/view/d/burnaby-1948-mgtc/6s1S8oy3UGFRh4Y85p1Bem,,gas,,clean,manual,,,,Vancouver,,
2013 Mercedes-Benz G63 AMG,88000,"67,000",1,https://www.craigslist.org/view/d/burnaby-2013-mercedes-benz-g63-amg/kYL9Tb9H7ooLkeTsEE6PnV,,gas,,clean,automatic,,,,Vancouver,,
"2017 Dodge Ram 1500 Laramie *** Local BC car, NO accident",31900,"109,461",1,https://www.craigslist.org/view/d/coquitlam-2017-dodge-ram-1500-laramie/hKZ8CBnu9YznUmezUYh1tE,like new,gas,white,clean,automatic,pickup,8 cylinders,,CarMatch,,
2022 Volkswagen Tiguan Comfortline Black R Edition  ( No Accident ),26995,"72,599",1,https://www.craigslist.org/view/d/port-moody-2022-volkswagen-tiguan/3zpWismh9urvMPsXxfVsYf,like new,gas,white,clean,automatic,SUV,,4wd,city of vancouver,3VV8B7AX3NM078988,
2025 Volkswagen Taos Trendline AWD ( EX-DEMO ),28588,"9,777",1,https://www.craigslist.org/view/d/port-moody-2025-volkswagen-taos/kBryXmJp2oXDCezojxzChL,like new,gas,black,clean,automatic,SUV,,4wd,city of vancouver,3VV8C7B20SM027718,
1986.5 Porsche 911 Turbo Slantnose,139999,"51,000",1,https://www.craigslist.org/view/d/delta-east-central-porsche-911-turbo/nkifU663Wo33HKD2qBtb8U,excellent,gas,black,clean,manual,convertible,6 cylinders,rwd,Richmond,,
"2015 Nissan Xterra Pro-4X auto 135,000k",20000,"135,000",1,https://www.craigslist.org/view/d/burnaby-2015-nissan-xterra-pro-4x-auto/dXUwrK4F8fpXYsxehq63BY,excellent,gas,black,rebuilt,automatic,SUV,6 cylinders,4wd,comes with our full warranty,5N1AN0NW6FN668668,
2016 Chevy Silverado 1500 - Flagger Truck,15000,"145,000",1,https://www.craigslist.org/view/d/burnaby-2016-chevy-silverado-flagger/tt5syVD5oYBfPhphTrZwWg,excellent,gas,white,rebuilt,automatic,pickup,6 cylinders,fwd,fully tested and inspected,1GCNCNEH1GZ303724,
"2020 Ford Transit Cargo Van T-150 130"" Low Rf, With Shelving",23800,"179,000",1,https://www.craigslist.org/view/d/burnaby-2020-ford-transit-cargo-van-low/7sqB5taMuiRokes3J5P5WK,excellent,gas,white,clean,automatic,van,6 cylinders,,Burnaby,,
"Used/New Toyota 4runner, Land Cruiser, Sequoia Call Jacky 236*858*1182",-1,"999,999",1,https://www.craigslist.org/view/d/vancouver-used-new-toyota-4runner-land/4W5gVQAKxWyx6szWe6Se6j,excellent,other,,clean,automatic,SUV,,4wd,Vancouver,,
"2025 BMW I4 M50 XDRIVE ELECTRIC LOCAL LOADED WITH ONLY 17,000 KMS!",77499,"17,991",1,https://www.craigslist.org/view/d/vancouver-2025-bmw-i4-m50-xdrive/ctEYY8TuHPMJ6jpqmW4t6V,like new,electric,white,clean,automatic,sedan,,4wd,LOW LEASE AND FINANCE AVAILABLE!,,
"2016 Ford Transit T-150 130"" WB Low Rf, Ladder Rack",31800,"63,000",1,https://www.craigslist.org/view/d/burnaby-2016-ford-transit-wb-low-rf/5rpCrx3wYGxNCXYKEqR66L,excellent,gas,white,clean,automatic,van,6 cylinders,,Burnaby,,
"2026 BMW 430I XDRIVE COUPE LOCAL LOADED ONLY 9,000 KMS!",58999,"9,552",1,https://www.craigslist.org/view/d/vancouver-2026-bmw-430i-xdrive-coupe/uNv3ix7EBAhoAbrjNipheJ,like new,gas,blue,clean,automatic,coupe,4 cylinders,4wd,LOW LEASE AND FINANCING AVAILABLE!,,
2020 Honda HRV SPORTS  AWD,18500,"60,000",1,https://www.craigslist.org/view/d/burnaby-2020-honda-hrv-sports-awd/8Ykwemd6xmfsTwiZBoBt5a,excellent,gas,blue,rebuilt,automatic,SUV,4 cylinders,4wd,comes with our full warranty,3CZRU6H27LM107398,
2022 Buick Encore GX  AWD,16500,"75,000",1,https://www.craigslist.org/view/d/burnaby-2022-buick-encore-gx-awd/motS2PLz4pUBoycRh2gK2U,excellent,gas,black,rebuilt,automatic,SUV,3 cylinders,4wd,comes with our full warranty,KL4MMGSL1NB146967,
"2022 Dodge Charger GT sports only 086,000k",21000,"86,000",1,https://www.craigslist.org/view/d/burnaby-2022-dodge-charger-gt-sports/q9YE7Y2WxcW2wkpFkN3dVJ,excellent,gas,red,rebuilt,automatic,sedan,6 cylinders,rwd,comes with our full warranty,2C3CDXHG5NH132657,
1982 Porsche 911 SC,139000,"167,000",1,https://www.craigslist.org/view/d/burnaby-1982-porsche-911-sc/xyzx5WmxZHGNCSDtFMYjeC,excellent,gas,brown,clean,manual,coupe,6 cylinders,rwd,Burnaby,,
2023 Porsche 911 GT3 Touring,330000,"4,900",1,https://www.craigslist.org/view/d/burnaby-2023-porsche-911-gt3-touring/oo9MwpMpWJCrTuihwxzydo,like new,gas,blue,clean,automatic,coupe,6 cylinders,rwd,Burnaby,,
2023 Volkswagen Tiguan R-Line Black Edition | Carplay | Moonroof,24995,"104,259",1,https://www.craigslist.org/view/d/burnaby-2023-volkswagen-tiguan-line/n26rkY8HV5Z5uJM3g6NrQN,excellent,gas,black,clean,automatic,SUV,4 cylinders,4wd,Vancouver,3VV8B7AX1PM069709,
Used/New Toyota Tacoma Call Jacky 236/858*1182,39699,"999,999",1,https://www.craigslist.org/view/d/vancouver-used-new-toyota-tacoma-call/4xGkH2GnyDVtJubbyA3YUf,excellent,other,,clean,automatic,pickup,other,4wd,Vancouver,,
"Used Honda Accord, CRV, Ridgeline Call 236/858*1182",-1,"999,999",1,https://www.craigslist.org/view/d/vancouver-used-honda-accord-crv/2pcKejQ4ekCHrQDk2V6sQ4,excellent,gas,,clean,automatic,sedan,,,Vancouver,,
2019 Toyota Yaris Hatchback LE | Heated Seats | Backup Camera | Lane A,19495,"84,041",1,https://www.craigslist.org/view/d/burnaby-2019-toyota-yaris-hatchback-le/57qiks8qsFrntT9XKsoL5y,good,gas,black,clean,automatic,hatchback,4 cylinders,fwd,Vancouver,VNKKTUD31KA105291,
1967 Chevrolet Chevelle,165000,"4,500",1,https://www.craigslist.org/view/d/burnaby-1967-chevrolet-chevelle/c9qQ52UvoVF7dpB53H3xNZ,like new,gas,brown,clean,manual,coupe,8 cylinders,rwd,Burnaby,,
1999 BMW Z3 M Coupe,58000,"65,000",1,https://www.craigslist.org/view/d/burnaby-1999-bmw-z3-coupe/dhD1HqxwzBXdvgXk434vW2,excellent,gas,silver,clean,manual,coupe,6 cylinders,rwd,Burnaby,,
"2022 MAZDA CX-3 GS AWD LOCAL LOADED WITH ONLY 13,000 KMS!",25499,"13,347",1,https://www.craigslist.org/view/d/vancouver-2022-mazda-cx-gs-awd-local/i4AZiS5caDjQ78ytXxJx99,excellent,gas,blue,clean,automatic,SUV,4 cylinders,4wd,LOW FINANCING AVAILABLE! MINT CONDITION!,,
"2020 BMW X4M LOCAL FULLY LOADED ONLY 108,000 KMS!",48499,"108,898",1,https://www.craigslist.org/view/d/vancouver-2020-bmw-x4m-local-fully/vxnnqj8i9qyREL8Y6sJ4B9,excellent,gas,black,clean,automatic,SUV,6 cylinders,4wd,LOW FINANCING AVAILABLE!,,
"2020 BMW X5 40I M SPORT LOCAL LOADED ONLY 90,000 KMS!",41499,"90,467",1,https://www.craigslist.org/view/d/west-vancouver-2020-bmw-x5-40i-sport/h5rqVhrJ6PSvH7YKtrQDgZ,excellent,gas,grey,clean,automatic,SUV,6 cylinders,4wd,LOW FINANCING AVAILABLE!,5UXCR6C03LLL82432,
"2023 BMW X1 28I PREMIUM PKG ENHANCED LOADED WITH ONLY 34,000K!",35499,"34,789",1,https://www.craigslist.org/view/d/vancouver-2023-bmw-x1-28i-premium-pkg/aY2CWTMLyG53CNcSQF3bTg,excellent,gas,black,clean,automatic,SUV,4 cylinders,4wd,LOW FINANCING AVAILBLE!,WBX73EF03P5V78023,
Used/New Toyota Sienna Hybrid / Gas Call Jacky 236/858*1182,-1,"99,999",1,https://www.craigslist.org/view/d/burnaby-used-new-toyota-sienna-hybrid/tE41Uem3fB6tvRKXYPMero,excellent,other,,clean,automatic,minivan,,,Vancouver,,
"2024 BMW 430I M SPORT CABRIOLET LOCAL LOADED ONLY 16,000 KMS!",58999,"16,425",1,https://www.craigslist.org/view/d/vancouver-2024-bmw-430i-sport-cabriolet/stdqb3DTvGTZvAd8AKiBoN,excellent,gas,blue,clean,automatic,convertible,4 cylinders,4wd,LOW FINANCING AVAILABLE!,WBA43AT09PCL09479,
2004 Mitsubishi Delica Chamonix,17990,"106,801",1,https://www.craigslist.org/view/d/burnaby-2004-mitsubishi-delica-chamonix/e5ExNjbBBbxpefw4aQBKt7,excellent,gas,white,clean,automatic,minivan,6 cylinders,4wd,Burnaby,,
---/ 2025 MERCEDES BENZ C43 C 43 AMG DYNAMIC PLUS 4MATIC SEDAN /---,93995,"10,000",1,https://www.craigslist.org/view/d/vancouver-mercedes-benz-c43-43-amg/ot3RzNuquMmBJjTLiNftXd,excellent,gas,grey,clean,automatic,sedan,4 cylinders,4wd,VANCOUVER LOCATION,,
2024 Toyota RAV4 XLE | Premium | CarPlay | Sunroof,38995,"55,000",1,https://www.craigslist.org/view/d/burnaby-2024-toyota-rav4-xle-premium/kbA7Mcu3djgFut8BydE46f,excellent,gas,black,clean,automatic,SUV,4 cylinders,4wd,Vancouver,2T3R1RFV3RC421376,
TOYOTA TACOMA ACCESS CAB 4X4 LOW KM,23800,"138,182",1,https://www.craigslist.org/view/d/vancouver-toyota-tacoma-access-cab-4x4/6L4AN9dHyCzaVDsgpFgy3m,excellent,gas,,clean,automatic,pickup,6 cylinders,4wd,TOYOTA TACOMA ACCESS C,,
"2021 BMW X5 40I M SPORT LOCAL WITH ONLY 56,000 KMS!",45499,"56,456",1,https://www.craigslist.org/view/d/vancouver-2021-bmw-x5-40i-sport-local/fqKPNGRTxv4JK9Frdsushb,excellent,gas,grey,clean,automatic,SUV,6 cylinders,4wd,LOW FINANCING AVAILABLE!,,
"2022 Mazda CX-3 GT AWD *** Local BC car, no accident ***",26900,"57,843",1,https://www.craigslist.org/view/d/coquitlam-2022-mazda-cx-gt-awd-local-bc/bfraGT3uyDvCphJtxr4EyW,like new,gas,black,clean,automatic,,4 cylinders,4wd,CarMatch,,
"2022 Maserati Levante GT *** Local BC car, NO accident***",46900,"64,915",1,https://www.craigslist.org/view/d/coquitlam-2022-maserati-levante-gt/2Ep923Dn9qj787mMFb5yFu,like new,gas,,clean,automatic,van,6 cylinders,,CarMatch,,
2017 Subaru Outback Limited w/ Tech Package,19900,"120,137",1,https://www.craigslist.org/view/d/coquitlam-2017-subaru-outback-limited/kQad2oaMiUJDfB8V4ap7MK,,gas,,clean,automatic,SUV,,,CarMatch,,
"2023 Volkswagen Tiguan Highline R-Line *** Local BC car, NO accident**",32900,"32,639",1,https://www.craigslist.org/view/d/coquitlam-2023-volkswagen-tiguan/tk4eQHQZDZMmazsAfc74vE,like new,gas,,clean,automatic,SUV,4 cylinders,,CarMatch,,
2010 Acura RDX *132671 km + sunroof + local bc car* (Carmatch),13800,"132,500",1,https://www.craigslist.org/view/d/coquitlam-2010-acura-rdx-km-sunroof/ogXgkosbCd7iFo4HqehfTu,,gas,white,clean,automatic,SUV,,,CarMatch,,
2018 BMW X2 xDrive28i * no accidents,20900,"57,819",1,https://www.craigslist.org/view/d/coquitlam-2018-bmw-x2-xdrive28i-no/pg8HjgyZTYNSwpi1q6T36t,excellent,gas,black,clean,automatic,SUV,4 cylinders,,CarMatch,,
2023 LEXUS RZ450e *** Local BC car,36800,"52,622",1,https://www.craigslist.org/view/d/coquitlam-2023-lexus-rz450e-local-bc-car/7i8cksZKMb98Lcoqgxnsnh,like new,electric,black,clean,automatic,,,4wd,CarMatch,,
"2016 Toyota RAV4 Limited Hybrid AWD **Local bc vehicle, ONLY 1 Owner**",26900,"100,609",1,https://www.craigslist.org/view/d/coquitlam-2016-toyota-rav4-limited/hEfdJ6BHKLgaYY6NRMXAbC,like new,hybrid,grey,clean,automatic,SUV,4 cylinders,,CarMatch,,
SUBARU FORESTER LIMITED TOURING PKG,12800,"142,746",1,https://www.craigslist.org/view/d/vancouver-subaru-forester-limited/7DXesuK6W1fFtZmgWT7rpp,excellent,gas,,clean,automatic,SUV,4 cylinders,,VANCOUVER,,
"New/Used Toyota Highlander, Grand Highlander Call Jacky 236/858*1182",-1,"99,999",1,https://www.craigslist.org/view/d/burnaby-new-used-toyota-highlander/gaRRjruspEqqhe4N2FUzzr,excellent,other,,clean,automatic,SUV,,4wd,Vancouver,,
2020 Porsche Macan GTS,59000,"42,000",1,https://www.craigslist.org/view/d/burnaby-2020-porsche-macan-gts/1paRfW8APGGjaNnukMnXta,like new,gas,black,clean,automatic,SUV,6 cylinders,4wd,Burnaby,,
FS : 2011 Audi R8 Spyder V10,129995,"32,154",1,https://www.craigslist.org/view/d/vancouver-fs-audi-r8-spyder-v10/eKpLvZXQNjA5ZvRvdTGDSJ,excellent,gas,white,clean,automatic,convertible,10 cylinders,4wd,Vancouver (NW Shaughnessy / East Kitsilano / Quilchena),,
-----/ 2018 BMW M3 M 3 CS COMPETITION SPORT SEDAN /-----,94299,"42,000",1,https://www.craigslist.org/view/d/vancouver-bmw-m3-3-cs-competition-sport/axcRctWxa2HhQk5sofv8j6,excellent,gas,white,clean,automatic,sedan,6 cylinders,rwd,VANCOUVER LOCATION,,
"2018 Mazda Mazda3 GT (142,380 km) | Sunroof | Heated Seats | Rear Cam",15980,"142,380",1,https://www.craigslist.org/view/d/burnaby-2018-mazda-mazda3-gt-km-sunroof/vjeKw2ryBRxZ3ZDhgbSJgU,excellent,gas,grey,clean,automatic,sedan,4 cylinders,fwd,Vancouver,3MZBN1W31JM167352,
-----/ 2017 MERCEDES BENZ E400 E 400 PREMIUM 4MATIC WAGON /-----,36995,"72,000",1,https://www.craigslist.org/view/d/vancouver-mercedes-benz-e400-400/qZmUXANon1gwzkrYLM58XU,excellent,gas,silver,clean,automatic,wagon,6 cylinders,4wd,VANCOUVER LOCATION,,
2020 Mazda CX-5 GS | CarPlay Android Auto | Sunroof,27495,"32,157",1,https://www.craigslist.org/view/d/burnaby-2020-mazda-cx-gs-carplay/bPLPeUvc4KH1xtUW9RjHjU,excellent,gas,grey,clean,automatic,SUV,4 cylinders,4wd,Vancouver,JM3KFBCM0L0742668,
"2026 BMW 330I M SPORT EDITION LOCAL LOADED WITH ONLY 15,000 KMS!",60999,"15,545",1,https://www.craigslist.org/view/d/vancouver-2026-bmw-330i-sport-edition/hgZbmMg3KL4dVFD9UUBGVw,like new,gas,white,clean,automatic,sedan,4 cylinders,4wd,LOW FINANCING AVAILABLE!,,
2020 Nissan Murano SV | AWD | CarPlay | Panoramic Sunroof,22995,"85,026",1,https://www.craigslist.org/view/d/burnaby-2020-nissan-murano-sv-awd/mNsuqp2Y1gNY3FNrTvMhg8,excellent,gas,silver,clean,automatic,SUV,6 cylinders,4wd,Vancouver,5N1AZ2BS4LN125400,
2008 Suzuki Jimny Sierra 4WD,13490,"99,826",1,https://www.craigslist.org/view/d/burnaby-2008-suzuki-jimny-sierra-4wd/t918bwwsCaqfh9D6Zf4eMV,excellent,gas,white,clean,automatic,offroad,4 cylinders,4wd,city of vancouver,,
---/ 2015 MERCEDES BENZ ML350 ML 350 PREMIUM BLUETEC 4MATIC SUV /---,22995,"66,500",1,https://www.craigslist.org/view/d/vancouver-mercedes-benz-ml350-ml-350/bFv2WxUcw4HdfcWQ2cDKEv,excellent,diesel,white,clean,automatic,SUV,6 cylinders,4wd,VANCOUVER LOCATION,,
2018 Mercedes-Benz Metris Passenger Van,39000,"13,501",1,https://www.craigslist.org/view/d/vancouver-2018-mercedes-benz-metris/71CwEX9TVPHpR7NZLvtUqZ,like new,gas,white,clean,automatic,minivan,4 cylinders,rwd,Vancouver,WD4BG2EE9J3383527,
1979 Chevrolet C10,30000,"144,175",1,https://www.craigslist.org/view/d/vancouver-1979-chevrolet-c10/pxcbv1kPt8k1SCequeCcZP,excellent,gas,black,clean,automatic,truck,8 cylinders,rwd,Vancouver,,
2021 RAM 1500 LIMITED,48888,"87,500",1,https://www.craigslist.org/view/d/port-moody-2021-ram-1500-limited/djwY2dNMyZ9oAYAXjobAkF,like new,gas,blue,clean,automatic,truck,,fwd,city of vancouver,1C6SRFHT9MN505387,
2026 Volkswagen Jetta Trendline ( BRAND NEW ),28540,20,1,https://www.craigslist.org/view/d/port-moody-2026-volkswagen-jetta/pnVNjpJqBAGYcdmnR8UvVh,new,gas,black,clean,automatic,sedan,,fwd,city of vancouver,3VWCW7BU3TM013716,
2021 Volkswagen Atlas 2021 ATLAS HIGHLINE 7 SEATER ( 0% FINANCING AVAI,30688,"89,600",1,https://www.craigslist.org/view/d/port-moody-2021-volkswagen-atlas-2021/kkwGksY3GWm1S5qSMKbXxD,like new,gas,custom,clean,automatic,SUV,,4wd,city of vancouver,1V2BR2CA3MC573525,
2026 Volkswagen Jetta Trendline Auto,30500,20,1,https://www.craigslist.org/view/d/port-moody-2026-volkswagen-jetta/49GE3vBfZTkXPWhX2yEEzc,new,gas,custom,clean,automatic,sedan,,fwd,city of vancouver,3VWCW7BU3TM049745,
2025 Volkswagen ID. Buzz 1st Edition 4MOTION w/Two-Tone,63990,50,1,https://www.craigslist.org/view/d/port-moody-2025-volkswagen-id-buzz-1st/gZXk9tA11DvMRzFc3WTwDn,new,electric,custom,clean,automatic,minivan,,4wd,city of vancouver,WVG6YVEB2SH037223,
--/ 2017 MERCEDES BENZ GLC43 GLC 43 PREMIUM PLUS AMG 4MATIC SUV /--,31995,"81,500",1,https://www.craigslist.org/view/d/vancouver-mercedes-benz-glc43-glc-43/jaAHCpiZ7SXkAZvPdn2g8B,excellent,gas,silver,clean,automatic,SUV,6 cylinders,4wd,VANCOUVER LOCATION,,
2026 Volkswagen Tiguan HIGHLINE R-LINE,53195,50,1,https://www.craigslist.org/view/d/port-moody-2026-volkswagen-tiguan/k6Cwpdf5vd95K8hisgQCbE,new,gas,custom,clean,automatic,SUV,,4wd,city of vancouver,3VVUW7RM1TM075744,
2026 Volkswagen Tiguan Comfortline R-Line Black 4MOTION,46695,30,1,https://www.craigslist.org/view/d/port-moody-2026-volkswagen-tiguan/9LTLv7CbNxZJdgcgnSjVpr,new,gas,black,clean,automatic,SUV,,4wd,city of vancouver,3VVGR7RM5TM010903,
"2011 Toyota RAV4 4dr Auto, 152km, Local",12800,"152,000",1,https://www.craigslist.org/view/d/burnaby-2011-toyota-rav4-4dr-auto-152km/opfsvwTqrprxPv212NdzVW,good,gas,red,clean,automatic,SUV,4 cylinders,,BURNABY,2T3ZF4DV9BW055581,
2025 Volkswagen Tiguan TRENDLINE AWD,37690,"5,000",1,https://www.craigslist.org/view/d/port-moody-2025-volkswagen-tiguan/fbJx8Lv7fzg5Z6vaEHd8Er,new,gas,white,clean,automatic,SUV,,4wd,city of vancouver,3VVBR7RM1SM035533,
"2019 Infiniti QX60 LUXE SPORT Auto AWD, 7 Pass, Navi",13800,1,1,https://www.craigslist.org/view/d/burnaby-2019-infiniti-qx60-luxe-sport/dGR41Wv4wYEKsPk39GCpPr,good,gas,white,clean,automatic,SUV,6 cylinders,4wd,BURNABY,5N1DL0MM4KC564608,
"2018 Honda Civic LX Auto, Local, 4cyl",12800,"170,000",1,https://www.craigslist.org/view/d/burnaby-2018-honda-civic-lx-auto-local/1nYGN94aoZR64rEuqBZupL,good,gas,grey,clean,automatic,sedan,4 cylinders,fwd,BURNABY,2HGFC2F54JH002476,
2024 Kia Seltos LX AWD,24000,"63,600",1,https://www.craigslist.org/view/d/port-moody-2024-kia-seltos-lx-awd/kHmSZWmaMKUapUjyf8bCW3,like new,gas,black,clean,automatic,SUV,,4wd,city of vancouver,KNDEUCAA3R7622261,
2026 VOLKSWAGEN GOLF R BLACK EDITION ( BRAND NEW ),60640,30,1,https://www.craigslist.org/view/d/port-moody-2026-volkswagen-golf-black/p6Tky8FKPevun7MJqj6uQJ,new,gas,custom,clean,automatic,hatchback,,4wd,city of vancouver,WVWKF7CDXTW237305,
2018 Honda CR-V Touring | CarPlay | Panorama Sunroof | Liftgate,21980,"154,630",1,https://www.craigslist.org/view/d/burnaby-2018-honda-cr-touring-carplay/tYhM9HsFhnHwvG9cfZaxAk,excellent,gas,grey,clean,automatic,SUV,4 cylinders,4wd,Vancouver,2HKRW2H96JH128719,
2015 BMW 3 Series 328i | Xdrive | Luxury PKG,12995,"124,800",1,https://www.craigslist.org/view/d/burnaby-2015-bmw-series-328i-xdrive/p52JCtK27md9SuSd7ksUGT,excellent,gas,grey,clean,automatic,sedan,4 cylinders,4wd,Vancouver,WBA3B3C59FF547593,
2018 Volkswagen Golf Highline | CarPlay | Android Auto | Sunroof,16980,"92,311",1,https://www.craigslist.org/view/d/burnaby-2018-volkswagen-golf-highline/3yAXf3xG8Jj4gSASBajXyh,excellent,gas,red,clean,automatic,hatchback,4 cylinders,fwd,Vancouver,3VWC17AU9JM252555,
2025 ATLAS EXECLINE R-LINE ( VW CERTIFIED ),53289,"29,000",1,https://www.craigslist.org/view/d/port-moody-2025-atlas-execline-line-vw/dmksWxA3MrCYjnHJGmRRUn,like new,gas,silver,clean,automatic,SUV,,4wd,city of vancouver,1V2FR2CA5SC517889,
2025 Audi Q3 45 SLINE ( NBO ACCIDENT ),43888,"36,150",1,https://www.craigslist.org/view/d/port-moody-2025-audi-q3-45-sline-nbo/uge9myaKnpxUaxnELYX16j,like new,gas,black,clean,automatic,SUV,,4wd,city of vancouver,WA1EECF3XS1076679,
-----/ 2017 MERCEDES BENZ GLE400 GLE 400 PREMIUM AMG 4MATIC SUV /-----,26995,"87,000",1,https://www.craigslist.org/view/d/vancouver-mercedes-benz-gle400-gle-400/gHrZ9LQRxqt1XBPV4Ak5uJ,excellent,gas,grey,clean,automatic,SUV,6 cylinders,4wd,VANCOUVER LOCATION,,
2026 VOLKSWAGEN GOLF GTI AUTOBAHN ( BRAND NEW ),44340,30,1,https://www.craigslist.org/view/d/port-moody-2026-volkswagen-golf-gti/wNCwxRojZcsgE2y2adNG41,new,gas,custom,clean,automatic,other,,fwd,city of vancouver,WVWRE7CD5TW224978,
2017 bmw xDRIVE 35i,21488,"82,500",1,https://www.craigslist.org/view/d/port-moody-2017-bmw-xdrive-35i/n6dsjoCSTfwWPJxzUx4ynS,like new,gas,custom,clean,automatic,SUV,,4wd,city of vancouver,5UXWX7C3XH0U43870,
2023 Volkswagen Atlas Cross Sport Execline  R-Line 4MOTION,33488,"96,777",1,https://www.craigslist.org/view/d/port-moody-2023-volkswagen-atlas-cross/brTwzW49Y233Hed2hLrSZR,like new,gas,white,clean,automatic,SUV,,4wd,city of vancouver,1V2FE2CA9PC201527,
2018 Jeep Wrangler JK Unlimited Rubicon,26588,"102,500",1,https://www.craigslist.org/view/d/port-moody-2018-jeep-wrangler-jk/nWpjQ7BjGYrEpCmQG96dKt,like new,gas,white,clean,automatic,SUV,,fwd,city of vancouver,1C4HJWFGXJL915896,
2024 Volkswagen Taos HIGHLINE ( VW CERTIFIED ),27888,"42,800",1,https://www.craigslist.org/view/d/port-moody-2024-volkswagen-taos/6X4eV9bpM2GrjnHj4JaGq5,like new,gas,custom,clean,automatic,SUV,,4wd,city of vancouver,3VV4X7B20RM026386,
2026 Volkswagen Jetta GLI Autobahn ( BRAND NEW ),37945,30,1,https://www.craigslist.org/view/d/port-moody-2026-volkswagen-jetta-gli/fySrRHUSjJmEDHW6MLNHrE,like new,gas,custom,clean,automatic,sedan,,fwd,city of vancouver,3VW2M7BU8TM059639,
2022 Hyundai Santa Fe Luxury AWD,27300,"113,500",1,https://www.craigslist.org/view/d/port-moody-2022-hyundai-santa-fe-luxury/gKnDsDhU9kGTwgJccrA6YK,like new,gas,black,clean,automatic,SUV,,4wd,city of vancouver,KM8S5DA1XNU025833,
2020 Toyota 4Runner SR5 4WD ( 7 SEATER ),48888,"75,250",1,https://www.craigslist.org/view/d/port-moody-2020-toyota-4runner-sr5-4wd/iBF6BqKQPRB9XvhFEM72QF,like new,gas,custom,clean,automatic,other,,fwd,city of vancouver,JTEBU5JR4L5805722,
2023 Volkswagen Jetta Comfortline Sport Package,25288,"31,000",1,https://www.craigslist.org/view/d/port-moody-2023-volkswagen-jetta/9wucdLuWcephNyaZXRPARH,like new,gas,white,clean,automatic,sedan,,fwd,city of vancouver,3VWSM7BU6PM042523,
2022 Volkswagen Tiguan Trendline AWD (VW CERTIFIED ),24995,"42,777",1,https://www.craigslist.org/view/d/port-moody-2022-volkswagen-tiguan/2baLZG8GHaWCG8jL6BPte3,like new,gas,custom,clean,automatic,SUV,,4wd,city of vancouver,3VV0B7AX2NM109743,
2014 Audi A7 TDI 8sp Tiptronic Technik,18888,"168,888",1,https://www.craigslist.org/view/d/port-moody-2014-audi-a7-tdi-8sp/h8VyuZzvSjHLkrNDT5SxJh,like new,diesel,white,clean,automatic,sedan,,4wd,Call or Text Farhad @ 604 600-3540 ( SPECIAL OFFER ),WAU3MCFC1EN042964,
2021 Volkswagen Passat Highline ( VW CERTIFIED ),18888,"128,600",1,https://www.craigslist.org/view/d/port-moody-2021-volkswagen-passat/d2tMpLv7dFeTVo6FHpZTdG,like new,gas,white,clean,automatic,sedan,,fwd,city of vancouver,1VWBA7A35MC008247,
2026 Volkswagen Jetta HIGHLINE ( FULLY LOADED ),36640,100,1,https://www.craigslist.org/view/d/port-moody-2026-volkswagen-jetta/ftFs4zx4R2k149WVLuJ1Z8,like new,gas,white,clean,automatic,sedan,,fwd,city of vancouver,3VWGW7BU2TM054744,
2021 MINI COOPER S CONVERTIBLE,29888,"18,888",1,https://www.craigslist.org/view/d/port-moody-2021-mini-cooper-convertible/fQXxMf23uvC6cw5oTubz2A,like new,gas,blue,clean,automatic,convertible,,fwd,city of vancouver,WMWWJ5C08M3M07260,
2021 Audi RS Q8 RS Q8,97595,"42,444",1,https://www.craigslist.org/view/d/port-moody-2021-audi-rs-q8-rs-q8/3WjzMDrMWtw2wYzoHdQ4ND,like new,gas,black,clean,automatic,SUV,,4wd,city of vancouver,WU1ARAF16MD024031,
2018 Mercedes-Benz GLA250 4MATIC,17900,"92,630",1,https://www.craigslist.org/view/d/coquitlam-2018-mercedes-benz-gla250/erkPLjXPmVQi5wzyK7wML3,like new,gas,grey,clean,automatic,SUV,4 cylinders,4wd,CarMatch,,
"2023 Toyota Corolla LE **Local BC car, 1 Owner**",25800,"43,575",1,https://www.craigslist.org/view/d/coquitlam-2023-toyota-corolla-le-local/9VuGDZCBJDDsFWhipTX7rY,like new,gas,white,clean,automatic,sedan,4 cylinders,,CarMatch,,
2011 Mercedes-Benz GLK350,14000,"145,000",1,https://www.craigslist.org/view/d/burnaby-2011-mercedes-benz-glk350/qsmUfike55RqVpYXHHGpKN,excellent,gas,white,clean,automatic,SUV,6 cylinders,4wd,Burnaby,,
"USED Mazda CX-5 & Nissan Qashqai, Murano Call 236/858*1182",-1,"99,999",1,https://www.craigslist.org/view/d/vancouver-used-mazda-cx-nissan-qashqai/jYbuXMsaRFQRCzkDuJAP8D,excellent,other,,clean,automatic,SUV,other,,Vancouver,,
Used/New Toyota Prius Hybrid & PlugIn Hybrid Call Jacky 236/858*1182,-1,"99,999",1,https://www.craigslist.org/view/d/burnaby-used-new-toyota-prius-hybrid/diVkyLzQ6ZkhekJXZLWMnG,excellent,hybrid,,clean,automatic,sedan,4 cylinders,,Vancouver,,
"2026 BMW X3 M50 BRAND NEW BODY STYLE LOCAL LOADED ONLY 7,000 KMS!",78499,"6,998",1,https://www.craigslist.org/view/d/vancouver-2026-bmw-x3-m50-brand-new/p9NVBs8JF2dzBpWDEogeC9,like new,gas,black,clean,automatic,SUV,6 cylinders,4wd,LOW LEASE AND FINANCING AVAILABLE!,,
2020 Subaru Outback Touring | CarPlay | Android Auto | Eyesight,28550,"70,140",1,https://www.craigslist.org/view/d/burnaby-2020-subaru-outback-touring/nGxuym4WGD28FT5uvMmff5,excellent,gas,silver,clean,automatic,SUV,4 cylinders,4wd,Vancouver,4S4BTDDC9L3177690,
2017 Ford Transit T-250 / Medium Roof / Ladder Rack,25800,"185,000",1,https://www.craigslist.org/view/d/burnaby-2017-ford-transit-250-medium/spaa8gxpzx1npyoLn2uZqR,excellent,gas,white,clean,automatic,van,4 cylinders,,Burnaby,,
2010 Chevrolet Express 1500 / With Shelving,12800,"179,000",1,https://www.craigslist.org/view/d/burnaby-2010-chevrolet-express-1500/qpUbKTiVAhkeoZNQbSG687,excellent,gas,white,clean,automatic,van,6 cylinders,,Burnaby,,
2016 Ford F-150 4WD / SuperCab XLT / 6.5' Box,18800,"175,000",1,https://www.craigslist.org/view/d/burnaby-2016-ford-150-4wd-supercab-xlt/fmmQgZ3MBmj8j474aAVF2D,excellent,gas,white,clean,automatic,pickup,6 cylinders,4wd,Burnaby,,
2018 Ford F-150 / 4X4 / SuperCab XLT / 6.5' Box / Canopy,19800,"187,000",1,https://www.craigslist.org/view/d/burnaby-2018-ford-150-4x4-supercab-xlt/w35wRpL1tHj5ZKUiNa7qKD,excellent,gas,white,clean,automatic,pickup,6 cylinders,4wd,Burnaby,,
2015 RAM ProMaster City SLT/ Dual Sliding Door,15800,"136,000",1,https://www.craigslist.org/view/d/burnaby-2015-ram-promaster-city-slt/fBQN6M7YJ6jtRMjcoNCLFD,excellent,gas,black,clean,automatic,van,4 cylinders,fwd,Burnaby,,
2006 Ford Econoline E-250 Extended,12800,"149,000",1,https://www.craigslist.org/view/d/burnaby-2006-ford-econoline-250-extended/mumDXAC5ZCjZqp8XnGTnvW,excellent,gas,white,clean,automatic,van,,,Burnaby,,
"2020 Ford Transit T150 / Extended 148"" WB / Shelving",20800,"208,000",1,https://www.craigslist.org/view/d/burnaby-2020-ford-transit-t150-extended/gLKJ8Zk3mhQFGL9zBbjN13,excellent,gas,white,clean,automatic,van,6 cylinders,,Burnaby,,
2017 Ford F-150 / 4WD / Super Crew XLT / 5.5' Box,25800,"140,000",1,https://www.craigslist.org/view/d/burnaby-2017-ford-150-4wd-super-crew/u2Q7udbrV8J6eU1wV7C3dH,excellent,gas,white,clean,automatic,pickup,4 cylinders,4wd,Burnaby,,
TOYOTA 4RUNNER LIMITED,29800,"181,508",1,https://www.craigslist.org/view/d/vancouver-toyota-4runner-limited/aBHBxJbUpVjibot2ZbNPom,excellent,gas,,clean,automatic,SUV,6 cylinders,4wd,VANCOUVER,,
2016 Ford Econoline E-450 / Super Duty / 16' Box,19800,"205,000",1,https://www.craigslist.org/view/d/burnaby-2016-ford-econoline-450-super/reBa4pev9kyS5byLEBCaCj,excellent,gas,white,clean,automatic,van,,,Burnaby,,
2018 Ford transit T250 / Medium Roof / With Shelving / Ladder Rack,29800,"142,000",1,https://www.craigslist.org/view/d/burnaby-2018-ford-transit-t250-medium/7KYjU2oNo5TSfQbro1g1AA,excellent,gas,white,clean,automatic,van,6 cylinders,,Burnaby,,
2010 Toyota Alphard 350S 3.5 V6,15490,"92,286",1,https://www.craigslist.org/view/d/burnaby-2010-toyota-alphard-350s-35-v6/a8sCtYVr2vsN6S1gZ8GzFP,like new,gas,white,clean,automatic,minivan,6 cylinders,fwd,city of vancouver,,
Used/New Toyota Corolla Gas & Hybrid Call Jack 236*858*1182,-1,"99,999",1,https://www.craigslist.org/view/d/vancouver-used-new-toyota-corolla-gas/svDBFT1CdQDRUEz6e64kkb,excellent,other,,clean,automatic,sedan,4 cylinders,,Vancouver,,
2007 Lexus LS 600hL AWD Hybrid,18490,"59,666",1,https://www.craigslist.org/view/d/burnaby-2007-lexus-ls-600hl-awd-hybrid/9KXJFzSVkLUqQXgWJYrUrH,excellent,hybrid,black,clean,automatic,sedan,8 cylinders,4wd,city of vancouver,,
2024 Chrysler Pacifica Touring-L with Rear Entry Accessible Conversion,72900,"36,400",1,https://www.craigslist.org/view/d/chilliwack-2024-chrysler-pacifica/styTamxy9WBYodJZ3zkmrN,excellent,gas,white,clean,automatic,minivan,6 cylinders,fwd,CHILLIWACK,,
2020 Honda CR-V Touring AWD #0176,32800,"56,557",1,https://www.craigslist.org/view/d/coquitlam-2020-honda-cr-touring-awd-0176/sTmp7ZKqLGtPARrTX4ihBq,like new,gas,white,clean,automatic,SUV,,,CarMatch,,
2016 Nissan Rogue S AWD,17900,"54,000",1,https://www.craigslist.org/view/d/coquitlam-2016-nissan-rogue-awd/xtVyza9eNw4tUR9t8a9Re1,,gas,white,clean,automatic,SUV,,,CarMatch,,
"2023 Honda CR-V EXL AWD ** Local BC car, NO accident #9446",35800,"62,630",1,https://www.craigslist.org/view/d/coquitlam-2023-honda-cr-exl-awd-local/cjYzew3fr4fvktBXNyb8Wn,like new,gas,white,clean,automatic,SUV,4 cylinders,4wd,CarMatch,,
2020 Toyota Tacoma TRD Off Road | 4x4 | V6 | Clean Title,46800,"104,926",1,https://www.craigslist.org/view/d/burnaby-2020-toyota-tacoma-trd-off-road/jEW4ZB5NhaUVTtQCBMjhC5,excellent,gas,green,clean,automatic,pickup,6 cylinders,4wd,14713,5TFCZ5AN9LX244056,
2018 Honda CR-V Touring | AWD | Top Model | Clean Title,23800,"137,813",1,https://www.craigslist.org/view/d/burnaby-2018-honda-cr-touring-awd-top/9scXNVboxPrv5da9VXCH4C,excellent,gas,silver,clean,automatic,SUV,4 cylinders,4wd,14715,2HKRW2H98JH120198,
2024 TOYOTA RAV4 XLE | Clean Title | One Owner,31998,"44,997",1,https://www.craigslist.org/view/d/burnaby-2024-toyota-rav4-xle-clean/jw8pvqJFDR5qBE9VscemrE,excellent,gas,white,clean,automatic,SUV,4 cylinders,4wd,PSL270A,2T3R1RFV6RW424433,
No Accidents | 2018 Toyota Corolla LE Upgrade Package,19800,"116,883",1,https://www.craigslist.org/view/d/burnaby-no-accidents-toyota-corolla-le/v5QKUMcq8fkxKgGwoY4ijn,excellent,gas,blue,clean,automatic,sedan,4 cylinders,fwd,14722,2T1BURHE5JC065242,
2025 Honda CR-V Hybrid EX-L AWD - WELL EQUIPPED - FUEL EFFICIENT!,41999,"50,040",1,https://www.craigslist.org/view/d/burnaby-2025-honda-cr-hybrid-ex-awd/eif31RXbworN185twnJ1u7,excellent,hybrid,white,clean,automatic,SUV,4 cylinders,4wd,Burnaby,2HKRS6H7XSH230706,
2023 Lexus UX UX 250h - LUXURIOUS - HYBRID FUEL SAVINGS!,39995,"34,897",1,https://www.craigslist.org/view/d/burnaby-2023-lexus-ux-ux-250h-luxurious/iT1Ya9zJstZ7vzG69xGpJy,excellent,hybrid,white,clean,automatic,wagon,4 cylinders,4wd,Burnaby,JTHR9JBH0P2063862,
2020 Honda Accord Sedan Sport CVT - CERTIFIED - FEATURE PACKED!,22995,"136,949",1,https://www.craigslist.org/view/d/burnaby-2020-honda-accord-sedan-sport/awZQdUBQqzRsW35uo2KvpA,excellent,gas,black,clean,automatic,sedan,4 cylinders,fwd,Burnaby,1HGCV1F3XLA803436,
2021 BMW 3 Series 330i xDrive - AWD - NAVI - LUXURIOUS!,32995,"71,349",1,https://www.craigslist.org/view/d/burnaby-2021-bmw-series-330i-xdrive-awd/bju12sqbJGdSE1TptRSqXi,excellent,gas,black,clean,automatic,sedan,4 cylinders,4wd,Burnaby,3MW5R7J09M8C06722,
2018 Honda CR-V Touring AWD - FULLY LOADED - TECH LOADED,22495,"165,046",1,https://www.craigslist.org/view/d/burnaby-2018-honda-cr-touring-awd-fully/gEww2W9RpKqHYyGA8abqdZ,excellent,gas,black,clean,automatic,SUV,4 cylinders,4wd,Burnaby,2HKRW2H94JH124751,
2024 Honda Odyssey Black Edition - STYLISH - FULLY LOADED!,50995,"38,556",1,https://www.craigslist.org/view/d/burnaby-2024-honda-odyssey-black/pK9BFdohCUN2SvGXEitcJT,excellent,gas,white,clean,automatic,minivan,6 cylinders,fwd,Burnaby,5FNRL6H0XRB501854,
2019 Mitsubishi RVR ES FWD - PRACTICAL CITY SIZE - VERSATILE!,16995,"64,747",1,https://www.craigslist.org/view/d/burnaby-2019-mitsubishi-rvr-es-fwd/sWCvropY5bDFZFjYVZ5tFN,excellent,gas,silver,clean,automatic,SUV,4 cylinders,fwd,burnaby/newwest,JA4AH3AU4KU601563,
2022 Honda Accord Sedan Sport 2.0 - CERTIFIED - SPORTY - SPACIOUS!,32995,"57,130",1,https://www.craigslist.org/view/d/burnaby-2022-honda-accord-sedan-sport/bwELtSQDS4WDzbqSkiGCrL,excellent,gas,black,clean,automatic,sedan,4 cylinders,fwd,burnaby/newwest,1HGCV2F33NA800743,
2014 Honda Civic Sedan 4dr CVT LX - LOW MILEAGE - PRACTICAL!,18995,"48,327",1,https://www.craigslist.org/view/d/burnaby-2014-honda-civic-sedan-4dr-cvt/24Bk2mD6vhKBkBiJEkjaNj,excellent,gas,white,clean,automatic,sedan,4 cylinders,fwd,burnaby/newwest,2HGFB2F42EH030714,
"2013 Audi A4 Premium Plus 2.0T Quattro Automatic Clean Title 64,800KM",14900,"64,800",1,https://www.craigslist.org/view/d/2013-audi-a4-premium-plus-20t-quattro/9cEUsjNje3eaddjXS1aVxQ,excellent,gas,grey,clean,automatic,sedan,4 cylinders,4wd,"7845,Kingsway,Burnaby",WAUKFCFL0DN021964,
"2020 Hyundai Tucson Essential AWD Local Clean Title 29,300KM",22900,"29,300",1,https://www.craigslist.org/view/d/2020-hyundai-tucson-essential-awd-local/n6ESRDGwfpGkrqRGE98bBN,excellent,gas,white,clean,automatic,SUV,4 cylinders,4wd,7845 Kingsway Burnaby,KM8J2CA4XLU249903,
* 2025 HONDA CIVIC HYBRID SPORT *****,25500,"59,000",1,https://www.craigslist.org/view/d/new-westminster-northeast-honda-civic/qVrLg4GuoUg9RAUw3h1mQT,,hybrid,black,rebuilt,automatic,sedan,4 cylinders,,burnaby/newwest,2HGFE4F82SH002333,
* 2018 FORD EDGE SEL AWD *****,12800,"120,000",1,https://www.craigslist.org/view/d/new-westminster-northeast-ford-edge-sel/deCHwDP4dbVPcQnx1vrMym,,gas,white,rebuilt,automatic,SUV,6 cylinders,4wd,burnaby/newwest,2FMPK4J86JBC03068,
* 2024 HONDA CIVIC EX *****,21500,"57,000",1,https://www.craigslist.org/view/d/new-westminster-northeast-honda-civic/vMYmHVsSXyEzGhAhAA1412,,gas,white,rebuilt,automatic,sedan,4 cylinders,,burnaby/newwest,2HGFE2F35RH111419,
* 2019 HONDA ODYSSEY EX *****,18800,"140,000",1,https://www.craigslist.org/view/d/honda-odyssey-ex/i3uH9rAQfTJrpkYL3xr8gN,,gas,grey,rebuilt,automatic,van,6 cylinders,,"Brunette  Ave, New Westminster",5FNRL6H45KB500037,
2021 Lexus UX UX 250h CVT - HYBRID EFFICIENCY - LUXURIOUS!,31995,"98,303",1,https://www.craigslist.org/view/d/burnaby-2021-lexus-ux-ux-250h-cvt/2Z5Mhn9BvvfJz7S2UXrZxm,excellent,hybrid,black,clean,automatic,wagon,4 cylinders,4wd,Burnaby,JTHR9JBH4M2042363,
2024 Mitsubishi Outlander LE S-AWC - 7 PASSENGER COMFORT!,33495,"14,219",1,https://www.craigslist.org/view/d/burnaby-2024-mitsubishi-outlander-le/7hcvSMr7yC8xNctvcSMYUt,excellent,gas,silver,clean,automatic,SUV,4 cylinders,4wd,Burnaby,JA4J4VA80RZ632994,
2026 Nissan Kicks SV AWD - LIKE NEW - PRACTICAL!,29495,"5,475",1,https://www.craigslist.org/view/d/burnaby-2026-nissan-kicks-sv-awd-like/ucLond5yXD1kHLzbcZeSMe,like new,gas,white,clean,automatic,hatchback,4 cylinders,4wd,Burnaby,3N8AP6CB7TL382717,
2026 Honda Civic Sedan Sport Touring eCVT - FULLY LOADED - FUEL EFFICI,34995,"40,499",1,https://www.craigslist.org/view/d/burnaby-2026-honda-civic-sedan-sport/p7E4KadgvZSfCKuMXzks2m,excellent,hybrid,silver,clean,automatic,sedan,4 cylinders,fwd,Burnaby,2HGFE4F80TH000808,
2025 Honda CR-V LX AWD - LOW MILEAGE - PRACTICAL!,36995,"15,725",1,https://www.craigslist.org/view/d/burnaby-2025-honda-cr-lx-awd-low/44yC8AE92FtpAzGSQjFDe8,excellent,gas,red,clean,automatic,SUV,4 cylinders,4wd,Burnaby,2HKRS4H23SH112134,
2025 Honda CR-V LX AWD - PRACTICAL - WELL EQUIPPED!,36995,"21,457",1,https://www.craigslist.org/view/d/burnaby-2025-honda-cr-lx-awd-practical/nkgN71bbcaemBDX4yzguYV,excellent,gas,black,clean,automatic,SUV,4 cylinders,4wd,Burnaby,2HKRS4H26SH102388,
2017 Honda Civic Sedan Touring CVT - FULLY LOADED!,23995,"58,161",1,https://www.craigslist.org/view/d/burnaby-2017-honda-civic-sedan-touring/k7KiEbd2bgLutDoEtDQz1t,excellent,gas,white,clean,automatic,sedan,4 cylinders,fwd,Burnaby,2HGFC1F94HH103234,
2017 Chevrolet Sonic RS 1LT - SPORTY - PRACTICAL!,12995,"62,480",1,https://www.craigslist.org/view/d/burnaby-2017-chevrolet-sonic-rs-1lt/6XXuKGGJTxHGF2ttt75qNm,excellent,gas,red,clean,automatic,hatchback,4 cylinders,fwd,Burnaby,1G1JD6SB6H4160472,
2021 Honda CR-V Touring AWD - FULLY LOADED - CERTIFIED!,34495,"50,621",1,https://www.craigslist.org/view/d/burnaby-2021-honda-cr-touring-awd-fully/mfeov7rCARzAJoe2ZCbrd7,excellent,gas,red,clean,automatic,SUV,4 cylinders,4wd,Burnaby,2HKRW2H95MH227164,
2014 Honda Accord Sedan Touring - FULLY LOADED - WELL MAINTAINED!,18995,"80,123",1,https://www.craigslist.org/view/d/burnaby-2014-honda-accord-sedan-touring/uyqME8N5QvcyX5cfPGqQAD,excellent,gas,white,clean,automatic,sedan,4 cylinders,fwd,burnaby/newwest,1HGCR2F90EA808355,
2015 Honda Civic Sedan LX - MANUAL - GREAT ENGAGING COMMUTER!,13995,"140,721",1,https://www.craigslist.org/view/d/burnaby-2015-honda-civic-sedan-lx/tggzcuimCCEPFJLN1CVZCq,good,gas,black,clean,manual,sedan,4 cylinders,fwd,burnaby/newwest,2HGFB2E48FH032115,
2024 Honda CR-V Hybrid Touring AWD - FULLY LOADED - TECH LOADED,43995,"20,519",1,https://www.craigslist.org/view/d/burnaby-2024-honda-cr-hybrid-touring/xtx8sY69Po5PhE4K1YLCsq,excellent,hybrid,grey,clean,automatic,SUV,4 cylinders,4wd,burnaby/newwest,2HKRS6H98RH215858,
2023 Honda CR-V Sport AWD - CERTIFIED - VERSATILE SIZE!,34995,"56,050",1,https://www.craigslist.org/view/d/burnaby-2023-honda-cr-sport-awd/29rMQjy32Thx21y8ivrRjJ,excellent,gas,grey,clean,automatic,SUV,4 cylinders,4wd,burnaby/newwest,2HKRS4H55PH109057,
2022 Hyundai Santa Fe Hybrid Luxury AWD - HYBRID EFFICIENCY - SPACIOUS,24499,"150,808",1,https://www.craigslist.org/view/d/burnaby-2022-hyundai-santa-fe-hybrid/nSAg3yTJpSqtk3C9mq499B,excellent,hybrid,black,clean,automatic,SUV,4 cylinders,4wd,burnaby/newwest,KM8S5DA14NU029523,
2012 Acura RDX SH-AWD,15937,"158,000",1,https://www.craigslist.org/view/d/burnaby-2012-acura-rdx-sh-awd/wW1jv9VXhghgJBz7zCxJNn,excellent,gas,grey,clean,automatic,SUV,4 cylinders,4wd,Burnaby,,
* 2024 FORD MUSTANG MACH-E PREMIUM AWD *****,32500,"15,000",1,https://www.craigslist.org/view/d/new-westminster-northeast-ford-mustang/mEesNnAPeFX3g6pt2xx4Xz,,electric,white,rebuilt,automatic,SUV,,4wd,burnaby/newwest,3FMTK3SU5RMA50617,
* 2023 VOLKSWAGEN ID.4 S PLUS AWD *****,26800,"70,000",1,https://www.craigslist.org/view/d/new-westminster-northeast-volkswagen/3ZEs5chwuUiy7FtuWvx7Rd,,electric,blue,rebuilt,automatic,SUV,,4wd,burnaby/newwest,1V2JNPE86PC029068,
2024 Honda HR-V Sport-B AWD CVT - PRACTICAL - CERTIFIED!,31995,"25,897",1,https://www.craigslist.org/view/d/burnaby-2024-honda-hr-sport-awd-cvt/wVopcFrhYekCDEdUtqCmG4,excellent,gas,grey,clean,automatic,SUV,4 cylinders,4wd,burnaby/newwest,3CZRZ2H57RM104952,
2016 BMW X5 xDrive40e - PLUG IN HYBRID LUXURY!,23995,"111,568",1,https://www.craigslist.org/view/d/burnaby-2016-bmw-x5-xdrive40e-plug-in/bmob3xjGjTgrcD9DMEyt3p,excellent,hybrid,black,clean,automatic,SUV,4 cylinders,4wd,Burnaby,5UXKT0C53G0S78410,
2025 Honda Civic Sedan Sport CVT - PRACTICAL - SPORTY!,31495,"24,612",1,https://www.craigslist.org/view/d/burnaby-2025-honda-civic-sedan-sport/aJko6ELXm8qPhbGL4dYPXL,excellent,gas,black,clean,automatic,sedan,4 cylinders,fwd,Burnaby,2HGFE2F54SH100435,
2018 Mitsubishi Outlander PHEV GT | 360° Camera  | Clean Title,16800,"140,124",1,https://www.craigslist.org/view/d/burnaby-2018-mitsubishi-outlander-phev/nPLY8cGgDKHGAf3LWfxbsy,,gas,,clean,automatic,SUV,,,Burnaby,,
2022 Tesla Model 3 Long Range - ZERO EMISSION - 576KM EST. RANGE!,32995,"123,084",1,https://www.craigslist.org/view/d/burnaby-2022-tesla-model-long-range/i8mmn7FgBL4mx1puTkq1Xm,excellent,electric,white,clean,automatic,sedan,other,4wd,burnaby/newwest,5YJ3E1EB0NF208130,
2019 Toyota Prius Technology FWD - TECH LOADED - SUPER EFFICIENT!,23995,"85,714",1,https://www.craigslist.org/view/d/burnaby-2019-toyota-prius-technology/wJ6GeMDmQ4WeSFGmMuHM2j,excellent,hybrid,grey,clean,automatic,hatchback,4 cylinders,fwd,burnaby/newwest,JTDKARFU2K3089592,
2021 Lexus IS IS 350 AWD - F SPORT - STYLISH - V6 POWER!,45995,"75,730",1,https://www.craigslist.org/view/d/burnaby-2021-lexus-is-is-350-awd-sport/3Bx7nRusJHWmC6oPQ69sM7,excellent,gas,silver,clean,automatic,sedan,6 cylinders,4wd,"Burnaby, BC",JTHGZ1E2XM5019070,
2019 Acura RDX Technology AWD - FEATURE PACKED - LUXURIOUS!,31995,"51,176",1,https://www.craigslist.org/view/d/burnaby-2019-acura-rdx-technology-awd/nbJRvoaWVjjgPt1LnycmQE,excellent,gas,black,clean,automatic,SUV,4 cylinders,4wd,Burnaby,5J8TC2H32KL800641,
2021 Nissan Sentra SR - SPORTY DESIGN - SPACIOUS INTERIOR!,17995,"98,474",1,https://www.craigslist.org/view/d/burnaby-2021-nissan-sentra-sr-sporty/2NH69umLmR8hU8w8nqUpGU,excellent,gas,grey,clean,automatic,sedan,4 cylinders,fwd,Burnaby,3N1AB8DV6MY323504,
2023 Tesla Model Y Performance - DUAL MOTOR - ZERO EMISSION!,51995,"60,726",1,https://www.craigslist.org/view/d/burnaby-2023-tesla-model-performance/rUSmpbpcnytV2f4vcFv6r3,excellent,electric,blue,clean,automatic,SUV,other,4wd,Burnaby,7SAYGDEF5PF696372,
"2016 CHRYSLER 300 S SPORT EDITION- $16,000-123,000 KMS-778-773-0572",16000,"123,000",1,https://www.craigslist.org/view/d/new-westminster-southwest-2016-chrysler/txYhEsrW5dwLF43H3CAk9G,like new,gas,red,clean,automatic,sedan,6 cylinders,fwd,New WESTMINISTER,,
2023 Mitsubishi Eclipse Cross Carbon Ed | One Owner,25499,"18,922",1,https://www.craigslist.org/view/d/burnaby-2023-mitsubishi-eclipse-cross/eakEN4W9tmrTm9mFpuNqaS,,gas,,clean,automatic,SUV,,,Burnaby,,
2020 Mitsubishi RVR SE | Rearview | One Owner,18800,"109,981",1,https://www.craigslist.org/view/d/burnaby-2020-mitsubishi-rvr-se-rearview/jJpZ8zjHuMHngiTA1ku7t6,,gas,,clean,automatic,,,,Burnaby,,
2021 Mitsubishi Outlander PHEV LE | One Owner | No accidents |,27800,"97,455",1,https://www.craigslist.org/view/d/burnaby-2021-mitsubishi-outlander-phev/trUxEMZzd1G3wG8hRtLi7g,,gas,,clean,automatic,SUV,,,Burnaby,,
2020 Mitsubishi Outlander PHEV SEL | One Owner | Low km,25999,"71,788",1,https://www.craigslist.org/view/d/burnaby-2020-mitsubishi-outlander-phev/8q6xMuqht1WVDKQFJy2DZG,,gas,,clean,automatic,SUV,,,Burnaby,,
2024 Mitsubishi eclipse cross GT | No accidents | Dealer Serviced,27999,"33,366",1,https://www.craigslist.org/view/d/burnaby-2024-mitsubishi-eclipse-cross/rKPBAzTjKpLG2NhX5wSu46,,gas,,clean,automatic,SUV,,,Burnaby,,
2020 Honda HR-V LX 2WD - GREAT CITY CROSSOVER!,23995,"88,822",1,https://www.craigslist.org/view/d/burnaby-2020-honda-hr-lx-2wd-great-city/9SiRrjGJSNgDmcRww5xjbr,excellent,gas,white,clean,automatic,SUV,4 cylinders,fwd,Burnaby,3CZRU5H35LM100663,
2021 Mazda CX-3 GT Auto AWD - FULLY LOADED - COMPACT FOOTPRINT!,23995,"82,885",1,https://www.craigslist.org/view/d/burnaby-2021-mazda-cx-gt-auto-awd-fully/sQrLuQ5WssDcXJDKpzyQTk,excellent,gas,black,clean,automatic,wagon,4 cylinders,4wd,Burnaby,JM1DKFD73M1512079,
2019 BMW 4 Series Coupe 430i xDrive Coupe - LUXURIOUS - STYLISH!,25995,"71,281",1,https://www.craigslist.org/view/d/burnaby-2019-bmw-series-coupe-430i/fSTGqZL7vYrMzmsnSGcxm2,excellent,gas,grey,clean,automatic,coupe,4 cylinders,4wd,Burnaby,WBA4W5C58KAE49766,
2018 Toyota Corolla Sedan LE - WELL MAINTAINED - PRACTICAL DAILY DRIVE,18995,"92,994",1,https://www.craigslist.org/view/d/burnaby-2018-toyota-corolla-sedan-le/4zft65994ZWGCYDTQp4zkb,excellent,gas,white,clean,automatic,sedan,4 cylinders,fwd,Burnaby,2T1BURHE0JC023187,
2021 Mercedes-Benz GLC 4MATIC SUV - LUXURIOUS - COMFORTABLE!,30995,"91,305",1,https://www.craigslist.org/view/d/burnaby-2021-mercedes-benz-glc-4matic/dV1aTsoYJcXvMgmvLVew9D,excellent,gas,white,clean,automatic,SUV,4 cylinders,4wd,Burnaby,W1N0G8EB9MV273895,
2024 Honda CR-V Hybrid Touring AWD - CPO - FUEL SAVING - PRACTICAL!,43995,"33,801",1,https://www.craigslist.org/view/d/burnaby-2024-honda-cr-hybrid-touring/2YoW2mqeyCkKLCXDmLUDRL,excellent,hybrid,black,clean,automatic,SUV,4 cylinders,4wd,Burnaby,2HKRS6H9XRH215943,
* 2018 HONDA CIVIC SI COUPE *****,12800,"103,000",1,https://www.craigslist.org/view/d/honda-civic-si-coupe/63qZWnSvmsU5iSXxLS8s8X,,gas,black,rebuilt,manual,coupe,4 cylinders,,"Brunette  Ave, New Westminster",2HGFC3A56JH220545,
* 2019 MERCEDES BENZ SPRINTER 3500 HIGH ROOF *****,31800,"111,000",1,https://www.craigslist.org/view/d/mercedes-benz-sprinter-3500-high-roof/tsyfnHbm3DUkPRzqsQ9q6Q,,diesel,white,rebuilt,automatic,van,6 cylinders,,"Brunette  Ave, New Westminster",WD3BF0CD5KP105658,
* 2019 FORD TRANSIT T-150 T150 CARGO LOW ROOF *****,23800,"71,000",1,https://www.craigslist.org/view/d/ford-transit-150-t150-cargo-low-roof/n7r2D5Gz7RPbQriZ9n7i5y,,gas,white,rebuilt,automatic,van,6 cylinders,,"Brunette  Ave, New Westminster",1FTYE1YM0KKA90341,
* 2017 TOYOTA CAMRY XLE HYBRID (FULLY LOADED) *****,17800,"114,000",1,https://www.craigslist.org/view/d/new-westminster-northeast-toyota-camry/6Y1ngW9ASNR83YscPVE7TB,,hybrid,red,rebuilt,automatic,sedan,4 cylinders,,burnaby/newwest,4T1BD1FK7HU228587,
* 2020 NISSAN NV200 CARGO *****,18800,"71,000",1,https://www.craigslist.org/view/d/new-westminster-northeast-nissan-nv200/uPjAinHW6idSe5CG3Y5CNU,,gas,white,rebuilt,automatic,van,,,burnaby/newwest,3N6CM0KN3LK691545,
2025 Honda CR-V Sport AWD - PRACTICAL SIZE - LIKE NEW!,40888,"12,751",1,https://www.craigslist.org/view/d/burnaby-2025-honda-cr-sport-awd/hr9q3YxrB2RLTRJ7NdW2PD,excellent,gas,silver,clean,automatic,SUV,4 cylinders,4wd,Burnaby,2HKRS4H54SH122763,
2025 Honda CR-V LX 2WD - PRACTICAL - VERSATILE!,32495,"29,160",1,https://www.craigslist.org/view/d/burnaby-2025-honda-cr-lx-2wd-practical/5mdCEkqDWQThji6sFSnhaP,excellent,gas,black,clean,automatic,SUV,4 cylinders,fwd,Burnaby,2HKRS3H27SH000768,
2023 Honda HR-V EX-L AWD CVT - NAVIGATION - LIKE NEW!,32495,"16,239",1,https://www.craigslist.org/view/d/burnaby-2023-honda-hr-ex-awd-cvt/vr9yPYQybq9hpjJnBi6eh2,like new,gas,white,clean,automatic,SUV,4 cylinders,4wd,burnaby/newwest,3CZRZ2H74PM104826,
"2018 Ford Explorer XLT | Dealer serviced | Over $2,500 Invested",14999,"146,670",1,https://www.craigslist.org/view/d/burnaby-2018-ford-explorer-xlt-dealer/mTT9qDjCKD6WJRL6wZacgQ,,gas,,clean,automatic,SUV,,,Burnaby,,
2019 Nissan Rogue S | Low KM | Rearview Camera,19900,"63,729",1,https://www.craigslist.org/view/d/burnaby-2019-nissan-rogue-low-km/8e94TG8VDyscZpwgUjvnqa,,gas,,clean,automatic,SUV,,,Burnaby,,
2022 Nissan Leaf SV | One Owner | No Accidents | Dealer Serviced,23200,"87,856",1,https://www.craigslist.org/view/d/burnaby-2022-nissan-leaf-sv-one-owner/6XXfF7jqZsD4F45JnxBURH,,electric,,clean,automatic,hatchback,,,Burnaby,,
2020 Tesla Model 3 Standard Range Plus,27999,"79,614",1,https://www.craigslist.org/view/d/burnaby-2020-tesla-model-standard-range/u2BH7wfKAc5XP55wP4mQ7T,,electric,,clean,automatic,sedan,,,Burnaby,,
2025 Hyundai Tucson Hybrid Ultimate | One Owner | AWC | 360° Camera,38199,"66,568",1,https://www.craigslist.org/view/d/burnaby-2025-hyundai-tucson-hybrid/w8oa19xvdyoKsMrXAKHoCg,,gas,,clean,automatic,SUV,,,Burnaby,,
2017 Volkswagen Touareg AWD Execline R-design,15900,"147,000",1,https://www.craigslist.org/view/d/new-westminster-northeast-2017/p6v6KDYNXyufKEwmZr3CDz,like new,gas,,clean,automatic,SUV,6 cylinders,,New Westerminster,,$320
"2016 CHRYSLER 300 S SPORT EDITION- $16,000-123,000 KMS-778-773-0572",16000,"123,000",1,https://www.craigslist.org/view/d/new-westminster-southwest-2016-chrysler/tN9yxADkwv7dPT7YzChbe6,like new,gas,red,clean,automatic,sedan,6 cylinders,fwd,New WESTMINISTER,,
2018 Chevrolet Equinox LT AWD / No Accident / BC Local,12800,"98,500",1,https://www.craigslist.org/view/d/new-westminster-northeast-2018/moAB7dCtusQhKKfy9ueXsK,,gas,black,clean,automatic,SUV,,,New Westerminster,,$290
2019 BMW 4 Series | Backup Camera | Head-Up Display,39999,"57,609",1,https://www.craigslist.org/view/d/burnaby-2019-bmw-series-backup-camera/6LsC5stxXHBsKViCriKdas,,gas,,clean,automatic,coupe,,,Burnaby,,
2018 VOLKSWAGEN GOLF SPORTWAGEN 4 MOTION TSI,13900,"170,000",1,https://www.craigslist.org/view/d/burnaby-2018-volkswagen-golf-sportwagen/esFkH2NDct5MrMpCG8vGxZ,excellent,gas,grey,clean,automatic,wagon,4 cylinders,4wd,Burnaby (Parkcrest-Aubrey / Ardingley-Sprott),,
2011 TOYOTA FJ-CRUISER C- PACKAGE,28800,"219,000",1,https://www.craigslist.org/view/d/burnaby-2011-toyota-fj-cruiser-package/v9YWj5rDCHZdmVYkRkVsou,excellent,gas,grey,clean,automatic,SUV,6 cylinders,4wd,Burnaby,,
2020 GMC CANYON CREW CAB SLE 4X4,24900,"184,000",1,https://www.craigslist.org/view/d/burnaby-2020-gmc-canyon-crew-cab-sle-4x4/a2qyBHe7RooB2uokwToyV1,excellent,gas,black,clean,automatic,pickup,6 cylinders,4wd,Burnaby (Parkcrest-Aubrey / Ardingley-Sprott),,
2018 TACOMA X-CAB 4X4 LONG BOX LOCAL ONE OWNER WITH MATCHING CANOPY,28850,"212,000",1,https://www.craigslist.org/view/d/burnaby-2018-tacoma-cab-4x4-long-box/6b8CdCSy9s1RaocGrzR2V2,like new,gas,white,clean,automatic,truck,6 cylinders,4wd,Burnaby,,
2019 JEEP CHEROKEE TRAILHAWK,16800,"165,000",1,https://www.craigslist.org/view/d/burnaby-2019-jeep-cherokee-trailhawk/tEzotRNqhDt8Z8Wxk7wgzC,excellent,gas,red,clean,automatic,SUV,6 cylinders,4wd,Burnaby (Parkcrest-Aubrey / Ardingley-Sprott),,
2018 JAGUAR F- PACE PREMIUM 2.0 LITER TURBO DIESEL,17900,"176,000",1,https://www.craigslist.org/view/d/burnaby-2018-jaguar-pace-premium-20/3rZMc1xkPt1MEePJu5ibrM,excellent,diesel,black,clean,automatic,SUV,4 cylinders,4wd,Burnaby,,
2006 JEEP TJ SPORT TRAIL RATED AUTOMATIC ONLY 72000 KM,20800,"72,000",1,https://www.craigslist.org/view/d/burnaby-2006-jeep-tj-sport-trail-rated/nWFBsGJnzH8Ey8qxkb1u8Y,like new,gas,green,clean,automatic,SUV,6 cylinders,4wd,Burnaby,,
2019 Ford F-150 XLT | 2.7l Ecoboost | 4x4 | Rear Cam | Trailer Tow,33800,"97,746",1,https://www.craigslist.org/view/d/burnaby-2019-ford-150-xlt-27l-ecoboost/vzC7BLjKuiiQPAo5edUh8o,,gas,,clean,automatic,pickup,,,Burnaby,,
2018 GMC Terrain SLT Diesel | AWD | Leather Interior | Back Camera,21800,"105,921",1,https://www.craigslist.org/view/d/burnaby-2018-gmc-terrain-slt-diesel-awd/i78wEHxLifeFYhEL8xgu4H,,diesel,,clean,automatic,SUV,,,Burnaby,,
2025 Honda Odyssey Touring - LIKE NEW - FAMILY HAULER!,56995,"5,166",1,https://www.craigslist.org/view/d/burnaby-2025-honda-odyssey-touring-like/qCubXXEtL6TY5NvF7v3Mtc,like new,gas,silver,clean,automatic,minivan,6 cylinders,fwd,Burnaby,5FNRL6H8XSB502370,
2022 Honda HR-V Touring AWD CVT - CERTIFIED - FULLY LOADED!,29995,"25,898",1,https://www.craigslist.org/view/d/burnaby-2022-honda-hr-touring-awd-cvt/6TN53dTe14MfVhPAMruZVR,excellent,gas,black,clean,automatic,SUV,4 cylinders,4wd,Burnaby,3CZRU6H93NM105292,
2024 Honda CR-V Hybrid Touring AWD - FULLY LOADED - ROOMY - LIKE NEW,43995,"18,906",1,https://www.craigslist.org/view/d/burnaby-2024-honda-cr-hybrid-touring/dvATeEUxYaZG7utAxbwZQc,excellent,hybrid,red,clean,automatic,SUV,4 cylinders,4wd,Burnaby,2HKRS6H94RH212178,
2025 Honda CR-V LX AWD - LIKE NEW - PRACTICAL!,36995,"12,509",1,https://www.craigslist.org/view/d/burnaby-2025-honda-cr-lx-awd-like-new/nip1Bawmzu7UmiB2iX6dBB,excellent,gas,black,clean,automatic,SUV,4 cylinders,4wd,Burnaby,2HKRS4H2XSH106718,
2025 Honda Civic Sedan LX CVT - SPACIOUS - GREAT FAMILY CAR!,28995,"26,836",1,https://www.craigslist.org/view/d/burnaby-2025-honda-civic-sedan-lx-cvt/fh1Yfd2RLbvbgqvS6jW6Hf,excellent,gas,black,clean,automatic,sedan,4 cylinders,fwd,Burnaby,2HGFE2F2XSH103071,
2022 Honda Civic Sedan Touring CVT - FULLY LOADED - CERTIFIED!,24995,"95,041",1,https://www.craigslist.org/view/d/burnaby-2022-honda-civic-sedan-touring/nYJLUdF76Ng1PD3sVA2Vi5,excellent,gas,blue,clean,automatic,sedan,4 cylinders,fwd,Burnaby,2HGFE1F95NH003214,
2025 Honda CR-V Hybrid Touring AWD - FULLY LOADED - FUEL EFFICIENT!,46495,"18,129",1,https://www.craigslist.org/view/d/burnaby-2025-honda-cr-hybrid-touring/mL77EkWdh9Lub6a3PbcnNj,excellent,hybrid,silver,clean,automatic,SUV,4 cylinders,4wd,burnaby/newwest,2HKRS6H98SH226736,
2017 Honda Fit EX CVT - FUEL EFFICIENT - SPACIOUS!,18995,"114,446",1,https://www.craigslist.org/view/d/burnaby-2017-honda-fit-ex-cvt-fuel/5txJXufFr6tF39xnfEyKTC,excellent,gas,blue,clean,automatic,hatchback,4 cylinders,fwd,burnaby/newwest,3HGGK5H70HM103534,
2022 Honda Civic Sedan EX CVT - CERTIFIED - PRACTICAL CITY CAR!,26995,"19,338",1,https://www.craigslist.org/view/d/burnaby-2022-honda-civic-sedan-ex-cvt/ruVSQRano4brnK6H9dsAQd,excellent,gas,white,clean,automatic,sedan,4 cylinders,fwd,burnaby/newwest,2HGFE2F37NH106927,
2019 Volvo XC40 T5 AWD R-Design - SPORTY - STYLISH!,26495,"87,371",1,https://www.craigslist.org/view/d/burnaby-2019-volvo-xc40-t5-awd-design/qeMmYarP59z7PwBbv2c45T,excellent,gas,white,clean,automatic,SUV,4 cylinders,4wd,burnaby/newwest,YV4162UM4K2137362,
2018 Honda Accord Sedan EX-L CVT - WELL EQUIPPED - HONDA SENSING!,25995,"60,636",1,https://www.craigslist.org/view/d/burnaby-2018-honda-accord-sedan-ex-cvt/cW4ZcFoaUDqyYoGrN2Vkhx,excellent,gas,blue,clean,automatic,sedan,4 cylinders,fwd,Burnaby,1HGCV1F53JA800215,
2020 Toyota Corolla Sedan SE CVT - SPORTY - WELL EQUIPPED!,24495,"68,456",1,https://www.craigslist.org/view/d/burnaby-2020-toyota-corolla-sedan-se/sz6uZj5NayCpHwC29G7CKY,excellent,gas,white,clean,automatic,sedan,4 cylinders,fwd,Burnaby,5YFB4RBE1LP006104,
2019 Ford F-150 Lariat,37900,"114,949",1,https://www.craigslist.org/view/d/burnaby-2019-ford-150-lariat/nidqTMGSo6CafNQcFReCfW,like new,gas,grey,clean,automatic,pickup,6 cylinders,4wd,Burnaby,,
2016 Volkswagen GTI DSG Autobahn Edition,21776,"115,000",1,https://www.craigslist.org/view/d/burnaby-2016-volkswagen-gti-dsg/oV4GHJkfbx3WdhBynfzdW7,excellent,gas,grey,clean,automatic,hatchback,4 cylinders,fwd,Burnaby,,
2016 Mazda Cx-3 GS | FREE 3000 KM WARRANTY,16480,"56,802",1,https://www.craigslist.org/view/d/vancouver-2016-mazda-cx-gs-free-3000-km/3qwDu5WHBqS8TbkJS6abCv,excellent,gas,red,clean,automatic,wagon,4 cylinders,fwd,Vancouver BC,JM1DKBC77G0110019,
2023 Honda CR-V Hybrid Touring AWD - FULLY LOADED - ROOMY - CERTIFIED!,43995,"42,450",1,https://www.craigslist.org/view/d/burnaby-2023-honda-cr-hybrid-touring/1au7xu3eHey2Js7nR5mUTX,excellent,hybrid,grey,clean,automatic,SUV,4 cylinders,4wd,Burnaby,2HKRS6H94PH202313,
2018 International 4300 (26-058),34800,"346,008",1,https://www.craigslist.org/view/d/surrey-2018-international/q9Bn9X1PAdudvheiMkNJv7,,diesel,,clean,automatic,truck,,,Surrey,,$835
2015 Honda Civic Sedan Touring - FULLY LOADED - NAVIGATION!,17995,"77,172",1,https://www.craigslist.org/view/d/burnaby-2015-honda-civic-sedan-touring/t3WiqhRTZVtkXaW1Eexu61,excellent,gas,red,clean,automatic,sedan,4 cylinders,fwd,Burnaby,2HGFB2F71FH008747,
2014 Honda Civic Sedan EX CVT - WELL MAINTAINED!,15995,"99,453",1,https://www.craigslist.org/view/d/burnaby-2014-honda-civic-sedan-ex-cvt/dcSyNStQ4DChUfhRiv3yBb,excellent,gas,white,clean,automatic,sedan,4 cylinders,fwd,Burnaby,2HGFB2F59EH022540,
"2016 CHRYSLER 300 S SPORT EDITION- $16,000-123,000 KMS-778-773-0572",16000,"123,000",1,https://www.craigslist.org/view/d/new-westminster-southwest-2016-chrysler/uGCB48RKJMuoiBVF3dxBTa,like new,gas,red,clean,automatic,sedan,6 cylinders,fwd,New WESTMINISTER,,
2025 Honda CR-V Hybrid Touring AWD - FULLY LOADED - TECH LOADED,42995,"57,993",1,https://www.craigslist.org/view/d/burnaby-2025-honda-cr-hybrid-touring/eFjAiUWEBZwQ3PvXujqaZp,excellent,hybrid,black,clean,automatic,SUV,4 cylinders,4wd,Burnaby,2HKRS6H96SH217047,
2023 Kia Seltos EX AWD - PRACTICAL SIZE AND USABILITY!,24995,"56,500",1,https://www.craigslist.org/view/d/burnaby-2023-kia-seltos-ex-awd/6GxkURdfF7qycvr7AXmGhE,excellent,gas,white,clean,automatic,SUV,4 cylinders,4wd,Burnaby,KNDEUCAA9P7461959,
2018 Honda Civic Sedan Touring CVT - FULLY LOADED!,18495,"149,573",1,https://www.craigslist.org/view/d/burnaby-2018-honda-civic-sedan-touring/8yipBmNfTbkKFfiFbsMffH,excellent,gas,red,clean,automatic,sedan,4 cylinders,fwd,Burnaby,2HGFC1F90JH102975,
2024 Honda CR-V Hybrid Touring AWD - CERTIFIED - HYBRID EFFICIENCY,43995,"37,998",1,https://www.craigslist.org/view/d/burnaby-2024-honda-cr-hybrid-touring/aivu8cituCHJoVD41Gxix4,excellent,hybrid,blue,clean,automatic,SUV,4 cylinders,4wd,Burnaby,2HKRS6H96RH222386,
2023 Nissan Rogue AWD Platinum - FULLY LOADED - COMFORTABLE!,29995,"30,137",1,https://www.craigslist.org/view/d/burnaby-2023-nissan-rogue-awd-platinum/xg7Qrnx2HKWduDwtj35PUk,excellent,gas,black,clean,automatic,SUV,3 cylinders,4wd,Burnaby,JN8BT3DD1PW321507,
2015 Honda Odyssey Touring Res & Navi | 8 seating | Blind Spot Warning,21800,"168,161",1,https://www.craigslist.org/view/d/burnaby-2015-honda-odyssey-touring-res/d1JH7Ca6KRDZ2Tyf31bGTx,,gas,,clean,automatic,minivan,,,Burnaby,,
2024 Mitsubishi Outlander ES | One Owner | Low KMs,32800,"20,254",1,https://www.craigslist.org/view/d/burnaby-2024-mitsubishi-outlander-es/sGXiR9NyHuqTt7frLiDc9p,,gas,,clean,automatic,SUV,,,Burnaby,,
2023 Mitsubishi RVR ES|Low KMs|Excellent Fuel Economy|Backup Camera,20800,"43,442",1,https://www.craigslist.org/view/d/burnaby-2023-mitsubishi-rvr-eslow/n5zF84cEaWnQotsZDtye1K,,gas,,clean,automatic,,,,Burnaby,,
2017 VOLVO XC60 T6,16995,"150,000",1,https://www.craigslist.org/view/d/burnaby-2017-volvo-xc60-t6/c95GvPqeNHbUcFSEETKMTE,excellent,gas,black,clean,automatic,SUV,4 cylinders,4wd,Burnaby,,
2023 Mitsubishi RVR LE | No Accident | Low KMs | Back Camera,26800,"34,718",1,https://www.craigslist.org/view/d/burnaby-2023-mitsubishi-rvr-le-no/hEjp1rLzDYS8eYTHR9g3bS,,gas,,clean,automatic,,,,Burnaby,,
2019 Nissan Rogue S | Fuel-Efficient Performance | Spacious Cargo,19900,"63,729",1,https://www.craigslist.org/view/d/burnaby-2019-nissan-rogue-fuel/4U49oom6CSN35BZuG1RepL,,gas,,clean,automatic,SUV,,,Burnaby,,
2017 Porsche Cayenne Platinum Edition | All-Wheel Drive,26999,"153,000",1,https://www.craigslist.org/view/d/burnaby-2017-porsche-cayenne-platinum/viMuTtLYNwga7uHSXnvrrv,,gas,,clean,automatic,SUV,,,Burnaby,,
2023 Volkswagen Golf R 20th Anniversary | Dealer Serviced,39999,"72,837",1,https://www.craigslist.org/view/d/burnaby-2023-volkswagen-golf-20th/m4Qttm5FvWeGZbb5SR9RPu,,gas,,clean,automatic,,,,Burnaby,,
* 2025 FORD MUSTANG MACH-E PREMIUM AWD *****,26800,"70,000",1,https://www.craigslist.org/view/d/new-westminster-northeast-ford-mustang/17Px8cZEF5x3EbWxmzwe3U,,electric,red,rebuilt,automatic,SUV,,4wd,burnaby/newwest,3FMTK3S58SMA01846,
* 2022 HONDA CIVIC SPORT *****,19800,"42,000",1,https://www.craigslist.org/view/d/new-westminster-northeast-honda-civic/cpfhqSquuwRfo7qSVrc3g3,,gas,blue,rebuilt,automatic,sedan,4 cylinders,,burnaby/newwest,2HGFE2F52NH108022,
* 2019 DODGE GRAND CARAVAN SXT *****,14800,"94,000",1,https://www.craigslist.org/view/d/new-westminster-northeast-dodge-grand/wXGhitB1cqdeEJ2ufcm9b9,,gas,grey,rebuilt,automatic,van,6 cylinders,,burnaby/newwest,2C4RDGBG0KR602064,
* 2019 NISSAN QASHQAI SL AWD (FULLY LOADED) *****,13500,"90,000",1,https://www.craigslist.org/view/d/new-westminster-northeast-nissan/7CZhWqV1yM3K4UfVKntcEb,,gas,green,rebuilt,automatic,SUV,4 cylinders,4wd,burnaby/newwest,JN1BJ1CR6KW325647,
* 2018 HONDA HR-V HRV EX AWD *****,16500,"80,000",1,https://www.craigslist.org/view/d/new-westminster-northeast-honda-hr-hrv/cE5nZzngara9LfVoUdZYb3,,gas,white,rebuilt,automatic,SUV,4 cylinders,4wd,burnaby/newwest,3CZRU6H58JM105442,
* 2021 VOLKSWAGEN ATLAS COMFORTLINE 4MOTION *****,22800,"69,000",1,https://www.craigslist.org/view/d/new-westminster-volkswagen-atlas/iMenupNERXVVJxcbk2gqVo,,gas,white,rebuilt,automatic,SUV,6 cylinders,4wd,"Brunette  Ave, New Westminster",1V2LR2CAXMC543913,
* 2025 FORD TRANSIT T-250 T250 MED ROOF AWD *****,42500,"17,000",1,https://www.craigslist.org/view/d/ford-transit-250-t250-med-roof-awd/9q4qdWoKRMf65vMxoxrLY6,,gas,white,rebuilt,automatic,van,6 cylinders,4wd,"Brunette  Ave, New Westminster",1FTBR2C8XSKA08500,
* 2023 HYUNDAI ELANTRA PREFERRED *****,14500,"64,000",1,https://www.craigslist.org/view/d/hyundai-elantra-preferred/vHsxQkokmDZ86SMKFpovLw,,gas,white,rebuilt,automatic,sedan,4 cylinders,,"Brunette  Ave, New Westminster",KMHLM4AG3PU385122,
* 2022 FORD ESCAPE SE PLUG-IN HYBRID *****,17800,"47,000",1,https://www.craigslist.org/view/d/ford-escape-se-plug-in-hybrid/84DWDEUmS6TZKTEQ8yqPsV,,hybrid,black,rebuilt,automatic,SUV,4 cylinders,,"Brunette  Ave, New Westminster",1FMCU0EZXNUA18669,
* 2020 DODGE CHALLENGER GT AWD *****,21800,"77,000",1,https://www.craigslist.org/view/d/dodge-challenger-gt-awd/8W1GaeVvQwVKUTyVTVnXC4,,gas,,rebuilt,automatic,coupe,6 cylinders,4wd,"Brunette  Ave, New Westminster",2C3CDZKG0LH173117,
"2018 Ford Explorer XLT | Dealer serviced | Over $2,500 invested",14999,"146,670",1,https://www.craigslist.org/view/d/burnaby-2018-ford-explorer-xlt-dealer/cBv3Sfaryj3XtD9wMb4VPN,,gas,white,clean,automatic,SUV,,4wd,Burnaby,,
2024 Mitsubishi RVR ES FWD - PRACTICAL CITY CROSSOVER!,22995,"47,571",1,https://www.craigslist.org/view/d/burnaby-2024-mitsubishi-rvr-es-fwd/4tnSYRmrJbMzB3tXQEMPtR,excellent,gas,silver,clean,automatic,SUV,4 cylinders,fwd,burnaby/newwest,JA4AHUAU2RU604770,
2018 TACOMA X-CAB 4X4 LONG BOX LOCAL ONE OWNER WITH MATCHING CANOPY,28850,"212,000",1,https://www.craigslist.org/view/d/burnaby-2018-tacoma-cab-4x4-long-box/mvKrTsRmicytpKSkntKhs1,like new,gas,white,clean,automatic,truck,6 cylinders,4wd,Burnaby,,
2015 MERCEDES-BENZ GLK 250 BLUETEC DIESELWITH ONE YEAR POWER TRAIN WAR,12900,"198,000",1,https://www.craigslist.org/view/d/burnaby-2015-mercedes-benz-glk-250/kqTdfFzKCg1RxKrkhRp6wz,excellent,diesel,black,clean,automatic,SUV,4 cylinders,4wd,Burnaby (Parkcrest-Aubrey / Ardingley-Sprott),,
2003 JEEP TJ SAHARA EDITION NO ACCIDEND RUST FREE LOW KM,14900,"144,000",1,https://www.craigslist.org/view/d/burnaby-2003-jeep-tj-sahara-edition-no/qgMmDbumdz3i2YR4DHwgds,excellent,gas,brown,clean,automatic,SUV,6 cylinders,4wd,Burnaby (Parkcrest-Aubrey / Ardingley-Sprott),,
* 2019 NISSAN ROGUE SL AWD (FULLY LOADED) *****,16500,"84,000",1,https://www.craigslist.org/view/d/nissan-rogue-sl-awd-fully-loaded/wAEdhyPZQ4S1zSWQJDgWLX,,gas,white,rebuilt,automatic,SUV,4 cylinders,4wd,"Brunette  Ave, New Westminster",JN8AT2MV7JW319377,
"2014 Mercedes-Benz GL350 4 Matic Bluetec 7 Passenger 148,100KM",16900,"148,100",1,https://www.craigslist.org/view/d/2014-mercedes-benz-gl350-matic-bluetec/a8NpwmAR2KajU1nnoXgVJn,excellent,diesel,grey,clean,automatic,SUV,6 cylinders,4wd,7845 Kingsway Burnaby,4JGDF2EE4EA312125,
2016 Mazda Cx-3 GS | FREE 3000 KM WARRANTY,16480,"56,802",1,https://www.craigslist.org/view/d/vancouver-2016-mazda-cx-gs-free-3000-km/xfBDHiFgCRKbfHyw9gNXXc,excellent,gas,red,clean,automatic,wagon,4 cylinders,fwd,Vancouver BC,JM1DKBC77G0110019,
2018 Audi Q7 Technik Quattro,24999,"124,913",1,https://www.craigslist.org/view/d/burnaby-2018-audi-q7-technik-quattro/iW8ws7LHERNdfdzULa3wJD,excellent,gas,black,clean,automatic,SUV,6 cylinders,4wd,Burnaby,,
2026 Mitsubishi Outlander PHEV - ALL TRIM MODEL AVAILABLE,52460,300,1,https://www.craigslist.org/view/d/burnaby-2026-mitsubishi-outlander-phev/jLRoHLphtoXtf43PwDeyFR,new,hybrid,black,clean,automatic,SUV,4 cylinders,4wd,Burnaby,,
2026 Mitsubishi Outlander - ALL TRIM MODEL AVAILABLE,38823,300,1,https://www.craigslist.org/view/d/burnaby-2026-mitsubishi-outlander-all/9A6J6w5juPpfbjid1xPaVb,new,gas,black,clean,automatic,SUV,4 cylinders,4wd,Burnaby,,
2019 Lexus IS 300 F Sport - NO ACCIDENT,35900,"89,252",1,https://www.craigslist.org/view/d/burnaby-2019-lexus-is-300-sport-no/sRCnsMPhc2mCK9CSaeGVdD,excellent,gas,white,clean,automatic,sedan,6 cylinders,4wd,Burnaby,,
2019 Ford F-150 XLT,33800,"98,454",1,https://www.craigslist.org/view/d/burnaby-2019-ford-150-xlt/bnAwjXTmC3Bxem6pHuBT6c,good,gas,black,clean,automatic,pickup,6 cylinders,4wd,Burnaby,,
2017 Lexus NX 200T F Sport,25400,"116,325",1,https://www.craigslist.org/view/d/burnaby-2017-lexus-nx-200t-sport/bejEZBCZzbFMbHJCnywhEr,excellent,gas,grey,clean,automatic,SUV,4 cylinders,4wd,Burnaby,,
2016 Mazda CX-5 GT - ONE PREVIOUS OWNER,18998,"137,186",1,https://www.craigslist.org/view/d/burnaby-2016-mazda-cx-gt-one-previous/uopESjSipYFnyQVBfArZGz,good,gas,blue,clean,automatic,SUV,4 cylinders,4wd,Burnaby,,
2024 Mitsubishi Outlander ES - ONE PREVIOUS OWNER,32800,"20,257",1,https://www.craigslist.org/view/d/burnaby-2024-mitsubishi-outlander-es/pwWrRq7SAXWtc2aeA6jdsF,excellent,gas,red,clean,automatic,SUV,4 cylinders,4wd,Burnaby,,
2020 Mitsubishi Outlander PHEV SEL - ONE PREVIOUS OWNER,25999,"71,790",1,https://www.craigslist.org/view/d/burnaby-2020-mitsubishi-outlander-phev/iAhAFtyi8rE1rSupamWs3o,excellent,hybrid,silver,clean,automatic,SUV,4 cylinders,4wd,Burnaby,,
2023 Mitsubishi RVR LE - NO ACCIDENT,23999,"34,724",1,https://www.craigslist.org/view/d/burnaby-2023-mitsubishi-rvr-le-no/9uk6P2Jbgz6XSWzVhwXp5u,excellent,gas,white,clean,automatic,SUV,4 cylinders,4wd,Burnaby,,
2018 Mitsubishi Outlander PHEV GT,16800,"145,141",1,https://www.craigslist.org/view/d/burnaby-2018-mitsubishi-outlander-phev/7d152qr6HNKq1piXRLAw92,good,hybrid,black,clean,automatic,SUV,4 cylinders,4wd,Burnaby,,
2016 Dodge Grand Caravan Crew Plus - NO ACCIDENT,12800,"167,996",1,https://www.craigslist.org/view/d/burnaby-2016-dodge-grand-caravan-crew/7j72bVzdS3FV6xX9JHTqe2,good,gas,black,clean,automatic,minivan,6 cylinders,fwd,Burnaby,,
2021 Honda Passport Sport - NO ACCIDENT,29900,"148,458",1,https://www.craigslist.org/view/d/burnaby-2021-honda-passport-sport-no/6AoEu78oKjs7tR9rbxSLXA,good,gas,black,clean,automatic,SUV,6 cylinders,4wd,Burnaby,,
2020 Lexus RX 350,37999,"51,767",1,https://www.craigslist.org/view/d/burnaby-2020-lexus-rx-350/vnYi1fTKYxLmdsfwLLWcQ6,excellent,gas,grey,clean,automatic,SUV,6 cylinders,4wd,Burnaby,,
2020 Tesla Model 3 Standard Range Plus,27999,"79,660",1,https://www.craigslist.org/view/d/burnaby-2020-tesla-model-standard-range/48QuEVHY9wZS3DMDHqL5y9,good,electric,white,clean,other,sedan,other,rwd,Burnaby,,
2020 Mitsubishi RVR Noir,18800,"109,995",1,https://www.craigslist.org/view/d/burnaby-2020-mitsubishi-rvr-noir/xkBPYyAqdiCUfjZR85sXkd,good,gas,black,clean,automatic,SUV,4 cylinders,4wd,Burnaby,,
2025 Honda Civic Si - NO ACCIDENT,34999,"22,413",1,https://www.craigslist.org/view/d/burnaby-2025-honda-civic-si-no-accident/eUovqntxGu3e78LAewaf3g,like new,gas,black,clean,manual,sedan,4 cylinders,fwd,Burnaby,,
2024 Mitsubishi Outlander PHEV LE,37999,"53,438",1,https://www.craigslist.org/view/d/burnaby-2024-mitsubishi-outlander-phev/rs48vKyA4wtHYF8Zv9YchV,excellent,hybrid,red,clean,automatic,SUV,4 cylinders,4wd,Burnaby,,
2025 Hyundai Tucson Hybrid Ultimate,37999,"66,578",1,https://www.craigslist.org/view/d/burnaby-2025-hyundai-tucson-hybrid/5V7MZqwAC5VNaeMBLPf3iQ,like new,hybrid,grey,clean,automatic,SUV,4 cylinders,4wd,Burnaby,,
2015 Honda Odyssey Touring - REAR ENTERTAINMENT,21800,"168,234",1,https://www.craigslist.org/view/d/burnaby-2015-honda-odyssey-touring-rear/aWxfo7qqrhtp4fAMNrPQzN,good,gas,grey,clean,automatic,minivan,6 cylinders,fwd,Burnaby,,
2023 Mitsubishi RVR ES,20800,"43,448",1,https://www.craigslist.org/view/d/burnaby-2023-mitsubishi-rvr-es/5yLo4f9UjWP4vNEkeaV23X,excellent,gas,silver,clean,automatic,SUV,4 cylinders,4wd,Burnaby,,
2018 Mitsubishi Mirage GT,13800,"125,169",1,https://www.craigslist.org/view/d/burnaby-2018-mitsubishi-mirage-gt/bdZP15WidPWSgxvxjqWYcJ,good,gas,blue,clean,automatic,sedan,3 cylinders,fwd,Burnaby,,
2025 Toyota Corolla Cross LE - EXTREME LOW MILEAGE,32999,"9,558",1,https://www.craigslist.org/view/d/burnaby-2025-toyota-corolla-cross-le/dncbNjedyrdfHcwmfgSMWM,like new,gas,white,clean,automatic,sedan,4 cylinders,4wd,Burnaby,,
2021 Toyota Corolla Hybrid,19800,"177,911",1,https://www.craigslist.org/view/d/burnaby-2021-toyota-corolla-hybrid/rXY91XoNsiNKEjo3PFe5Xf,good,hybrid,blue,clean,automatic,sedan,4 cylinders,fwd,Burnaby,,
2023 Volkswagen Golf R 20th Anniversary,41998,"72,837",1,https://www.craigslist.org/view/d/burnaby-2023-volkswagen-golf-20th/b4eDrAuF2dV9pw3ffPGaUr,like new,gas,blue,clean,automatic,hatchback,,4wd,Burnaby,,$372
2018 Toyota Prius Prime with Technology Package,18999,"121,016",1,https://www.craigslist.org/view/d/burnaby-2018-toyota-prius-prime-with/khxt9xW8mZmm2iduAajXNi,good,hybrid,grey,clean,automatic,hatchback,4 cylinders,fwd,Burnaby,,
2017 Porsche Cayenne Platinum Edition,25999,"153,075",1,https://www.craigslist.org/view/d/burnaby-2017-porsche-cayenne-platinum/1i31uwo67ueuDRLgYvJ1xW,excellent,gas,silver,clean,automatic,SUV,6 cylinders,4wd,Burnaby,,
2019 Nissan Rogue S,19900,"63,732",1,https://www.craigslist.org/view/d/burnaby-2019-nissan-rogue/aL4m9S26xTGmPPcZQShsiF,excellent,gas,white,clean,automatic,SUV,4 cylinders,fwd,Burnaby,,
2024 Mitsubishi Mirage GT - EXTREME LOW MILEAGE,22800,"1,633",1,https://www.craigslist.org/view/d/burnaby-2024-mitsubishi-mirage-gt/dZCFpuX7DGexUZNXeBZEmC,like new,gas,white,clean,automatic,sedan,3 cylinders,fwd,Burnaby,,
2026 Mitsubishi Eclipse Cross SE DEMO,40071,"5,945",1,https://www.craigslist.org/view/d/burnaby-2026-mitsubishi-eclipse-cross/uBRF65LfinkzJ6TumKhXzs,like new,gas,white,clean,automatic,SUV,4 cylinders,4wd,Burnaby,,
2024 Mitsubishi Eclipse Cross GT,27999,"33,373",1,https://www.craigslist.org/view/d/burnaby-2024-mitsubishi-eclipse-cross-gt/mMY8jxrTdJsbnTUpT5RNRt,excellent,gas,white,clean,automatic,SUV,4 cylinders,4wd,Burnaby,,
2020 Toyota Sienna Limited - NEW WATER PUMP,35999,"101,280",1,https://www.craigslist.org/view/d/burnaby-2020-toyota-sienna-limited-new/98hJtynUmZbEg72q24XAx2,excellent,gas,white,clean,automatic,minivan,6 cylinders,4wd,Burnaby,,
2023 Mitsubishi Eclipse Cross Carbon Edition,25499,"18,919",1,https://www.craigslist.org/view/d/burnaby-2023-mitsubishi-eclipse-cross/siGUprEs2SaNWRY6C77wuL,excellent,gas,white,clean,automatic,SUV,4 cylinders,4wd,Burnaby,,
2020 Toyota Camry XSE,29999,"68,148",1,https://www.craigslist.org/view/d/burnaby-2020-toyota-camry-xse/34FYvRGTycGnYvuYD13csT,good,gas,grey,clean,automatic,sedan,4 cylinders,fwd,Burnaby,,
2018 Ford Explorer XLT,14999,"146,704",1,https://www.craigslist.org/view/d/burnaby-2018-ford-explorer-xlt/wrfMB8Y8HnmzgPqqzGsLcK,good,gas,white,clean,automatic,SUV,6 cylinders,4wd,Burnaby,,
2021 Mitsubishi Outlander PHEV LE,27800,"97,466",1,https://www.craigslist.org/view/d/burnaby-2021-mitsubishi-outlander-phev/eF2aVfbRbwwt9XH5WLRf92,excellent,hybrid,red,clean,automatic,SUV,4 cylinders,4wd,Burnaby,,
2014 Toyota Tacoma SR5| FREE 3000 KM COMPREHENSIVE LUBRICO WARRANTY!!,22480,"222,345",1,https://www.craigslist.org/view/d/vancouver-2014-toyota-tacoma-sr5-free/qyNZ3h4qrXyAjpZCS3BR2j,excellent,gas,silver,clean,automatic,pickup,6 cylinders,4wd,Vancouver BC,5TFMU4FN6EX026343,
2023 Volkswagen Golf R 20th Anniversary,38888,"72,950",1,https://www.craigslist.org/view/d/burnaby-2023-volkswagen-golf-20th/sphA2DC8oCi3hX4aiMkfCq,like new,gas,blue,clean,automatic,hatchback,4 cylinders,4wd,Burnaby,,
2019 BMW 440i xDrive,39999,"57,816",1,https://www.craigslist.org/view/d/burnaby-2019-bmw-440i-xdrive/sBsyR9v8QpHk1kSkFVWThs,excellent,gas,white,clean,automatic,coupe,6 cylinders,4wd,Burnaby,,
2018 VOLVO XC90 T6 MOMENTUM,15995,"200,000",1,https://www.craigslist.org/view/d/burnaby-2018-volvo-xc90-t6-momentum/tUpfbAQq9BcvrwaEG2E37v,excellent,gas,grey,clean,automatic,SUV,4 cylinders,4wd,Burnaby,,
* 2023 FORD TRANSIT T-350 T350 MED ROOF 12-PASSENGERS ALL WHEEL DRIVE,55800,"2,800",1,https://www.craigslist.org/view/d/ford-transit-350-t350-med-roof-12/iAX9GvuLsokfkT9188ygKQ,,gas,white,rebuilt,automatic,van,6 cylinders,4wd,"Brunette  Ave, New Westminster",1FBAX9CG7PKB87852,
2019 volvo xc60 t6 inscriotion,22000,"160,000",1,https://www.craigslist.org/view/d/burnaby-2019-volvo-xc60-t6-inscriotion/d2fvPnssH7QdKaBWKEdY5p,like new,gas,white,clean,automatic,SUV,4 cylinders,4wd,Burnaby,,
2018 Hyundai Santa Fe Limited(t98964a) - Destination Mazda Vancouver,17495,"129,735",1,https://www.craigslist.org/view/d/vancouver-2018-hyundai-santa-fe/oDTiLPQBxf3ZZZHXbiKQku,excellent,gas,white,clean,automatic,SUV,6 cylinders,4wd,Vancouver,KM8SNDHF5JU267778,
2019 MINI Cooper JC works(mp4223) - Destination Mazda Vancouver,28995,"37,570",1,https://www.craigslist.org/view/d/vancouver-2019-mini-cooper-jc-worksmp/biWaFkm2V97yjVq4eKtoAs,excellent,gas,black,clean,automatic,hatchback,4 cylinders,fwd,Vancouver,WMWXM9C53K2H38834,
2024 Mazda CX5 GS(t11603a) - Destination Mazda Vancouver,33995,"28,065",1,https://www.craigslist.org/view/d/vancouver-2024-mazda-cx5-gst11603a/tpZ6SpTmaSXXa9dbJfRC4P,excellent,gas,grey,clean,automatic,SUV,4 cylinders,4wd,Vancouver,JM3KFBCL0R0520129,
2022 Mazda 3 Sport GT(mp4225) - Destination Mazda Vancouver,27995,"73,009",1,https://www.craigslist.org/view/d/vancouver-2022-mazda-sport-gtmp/fDUrRoHK5vw5ALAQTx4P3m,excellent,gas,silver,clean,automatic,hatchback,4 cylinders,4wd,Vancouver,JM1BPBMY5N1517988,
2018 TOYOTA PRIUS V ONE OWNER LOCAL NO ACCIDENT,17900,"291,000",1,https://www.craigslist.org/view/d/burnaby-2018-toyota-prius-one-owner/pzqpsWQk432akqKod6Xrhy,excellent,hybrid,white,clean,automatic,hatchback,4 cylinders,fwd,Burnaby (Parkcrest-Aubrey / Ardingley-Sprott),,
2017 VOLVO V90 CROSS COUNTRY T6 INSCRIPTION,18000,"185,000",1,https://www.craigslist.org/view/d/burnaby-2017-volvo-v90-cross-country-t6/7uCdsERE3Dnq2nzrpv8KGU,excellent,gas,grey,clean,automatic,wagon,4 cylinders,4wd,Burnaby,,
2022 Mazda 3 GS(mp4212) - Destination Mazda Vancouver,22495,"41,420",1,https://www.craigslist.org/view/d/vancouver-2022-mazda-gsmp-destination/7XdenbAZXRTTr7wtTMwEJR,excellent,gas,white,clean,automatic,sedan,4 cylinders,fwd,Vancouver,3MZBPACL9NM313209,
2019 Mazda CX5 Signature(mp4202) - Destination Mazda Vancouver,23995,"132,795",1,https://www.craigslist.org/view/d/vancouver-2019-mazda-cx5-signaturemp/gPy8sJvoeso9Bdwfssg4Fp,excellent,gas,grey,clean,automatic,SUV,4 cylinders,4wd,Vancouver,JM3KFBEY6K0515192,
2023 Mazda 3 GS(t81198a) - Destination Mazda Vancouver,23495,"30,326",1,https://www.craigslist.org/view/d/vancouver-2023-mazda-gst81198a/vQYTtbWN4qSHRdf9YNUhA8,excellent,gas,black,clean,automatic,sedan,4 cylinders,4wd,Vancouver,3MZBPBCM6PM362305,
2024 Nissan Versa SV(t81669a) - Destination Mazda Vancouver,18295,"43,050",1,https://www.craigslist.org/view/d/vancouver-2024-nissan-versa-svt81669a/gm1jb6QFkRFXKiMJ91TFyL,excellent,gas,white,clean,automatic,sedan,4 cylinders,fwd,Vancouver,3N1CN8EVXRL828304,
2023 Mazda MX-5 GT(mp4210) - Destination Mazda Vancouver,35295,"16,957",1,https://www.craigslist.org/view/d/vancouver-2023-mazda-mx-gtmp/q6rPzNy8M8eGiqsd7SHooF,excellent,gas,white,clean,automatic,convertible,4 cylinders,rwd,Vancouver,JM1NDAD7XP0553353,
2023 BMW iX xDrive40 - ZERO EMISSION - FUTURISTIC LUXURY!,46995,"94,545",1,https://www.craigslist.org/view/d/burnaby-2023-bmw-ix-xdrive40-zero/2XPSaa1ndtw4X6Yt8KP8Ui,excellent,electric,black,clean,automatic,SUV,other,4wd,Burnaby,WB513CF07PCK53731,
2023 BMW X1 XDrive28i Sports Activity  | FREE 3000 KM LUBRICO WARRANTY,32980,"53,856",1,https://www.craigslist.org/view/d/vancouver-2023-bmw-x1-xdrive28i-sports/wqw8wEsdM1651A9X3fU9Dk,excellent,gas,black,clean,automatic,SUV,4 cylinders,4wd,Vancouver BC,WBX73EF08P5X85801,
2017 Ram 3500 Laramie | FREE 3000 KM LUBRICO WARRANTY!!,36980,"244,568",1,https://www.craigslist.org/view/d/vancouver-2017-ram-3500-laramie-free/vBRJQSfTwJ8ZAvjSvsRAun,excellent,diesel,white,clean,automatic,pickup,6 cylinders,4wd,Vancouver BC,3C63R3MLXHG530516,
"2013 Honda Pilot Ex-l |Free 3,000 KM Comprehensive Lubrico Warranty!!",12980,"226,172",1,https://www.craigslist.org/view/d/vancouver-2013-honda-pilot-ex-free-3000/7DZfZLHC7ZsiC3ToCQyZ5B,excellent,gas,grey,clean,automatic,SUV,6 cylinders,4wd,Vancouver BC,5FNYF4H51DB502435,
* 2026 HONDA CIVIC HYBRID SPORT *****,28500,"3,000",1,https://www.craigslist.org/view/d/new-westminster-northeast-honda-civic/eZHpGAuMPb2wU7QYAvMLJ7,,hybrid,white,rebuilt,automatic,sedan,4 cylinders,,burnaby/newwest,2HGFE4F83TH006389,
2012 Toyota Tacoma 4x4 Clean Title Leather All Terrain Tires Low KMs,26923,"190,000",1,https://www.craigslist.org/view/d/coquitlam-2012-toyota-tacoma-4x4-clean/o6xdMP7pxJSnNTZRbt5pz9,excellent,gas,silver,clean,automatic,pickup,6 cylinders,4wd,Coquitlam,,
"2017 Chrysler Pacifica 4dr Wgn Platinum, FREE 3,000 KM WARRANTY",26980,"129,891",1,https://www.craigslist.org/view/d/vancouver-2017-chrysler-pacifica-4dr/xxFVYyrFEkzsCd4NrC5XXN,excellent,hybrid,black,clean,automatic,minivan,6 cylinders,fwd,Vancouver BC,2C4RC1N74HR764266,
"2000 Mazda MX-5 Miata 2dr Conv Manual, FREE 5,000 KM WARRANTY",13980,"115,200",1,https://www.craigslist.org/view/d/vancouver-2000-mazda-mx-miata-2dr-conv/toMarEVXxEjRzmjiajRtBD,excellent,gas,purple,clean,manual,convertible,,rwd,Vancouver BC,JM1NB3537Y0145536,
"Mint 2015 Jeep Wrangler Sport One Owner, BC Local, No Accidents!",19499,"90,432",1,https://www.craigslist.org/view/d/surrey-south-mint-2015-jeep-wrangler/xv8MVEWHSqLdajeiLdcCqT,like new,gas,red,clean,automatic,SUV,6 cylinders,4wd,South Surrey/White Rock,,$449
"2024 Ford Bronco Big Bend 4x4 SUV: 18K KMS ONLY,  NO ACCIDENTS",48699,"18,252",1,https://www.craigslist.org/view/d/surrey-east-2024-ford-bronco-big-bend/6mLo2GaDQ7tZtUi2tHmXPZ,excellent,gas,blue,clean,automatic,SUV,4 cylinders,4wd,FINANCE: $349 B/W+Tax *OAC!,,
"2024 Acura RDX A-Spec AWD SUV: LOCAL, LOW 24K KMS ONLY!",41999,"24,185",1,https://www.craigslist.org/view/d/surrey-east-2024-acura-rdx-spec-awd-suv/7HEZ45VEiSEvjZ5W7PFLxF,excellent,gas,black,clean,automatic,SUV,4 cylinders,4wd,FINANCE: $302 B/W+Tax *OAC!,,
"2023 Ford Escape PHEV: BLIS W/CROSS TRAFFIC, LOCAL, 1-OWNER",23799,"79,460",1,https://www.craigslist.org/view/d/surrey-east-2023-ford-escape-phev-blis/gFyXk222wXyB6xSzPcd9jX,excellent,hybrid,grey,clean,automatic,SUV,4 cylinders,fwd,FINANCE: $192 B/W+Tax *OAC!,,
"2023 Ford Escape ST-Line Select: TECH PACKAGE, 29K KMS ONLY",30399,"29,934",1,https://www.craigslist.org/view/d/surrey-east-2023-ford-escape-st-line/9jmQ6qzfK46yvP3MCApSP5,excellent,gas,white,clean,automatic,SUV,4 cylinders,4wd,FINANCE: $245 B/W+Tax *OAC!,,
"2023 Lexus RZ 450e AWD SUV: NO ACCIDENTS, LOW KMS",40899,"42,991",1,https://www.craigslist.org/view/d/surrey-east-2023-lexus-rz-450e-awd-suv/fzBSXHYJfGRJs5i2uGUeaZ,excellent,gas,white,clean,automatic,SUV,,4wd,FINANCE: $330 B/W+Tax *OAC!,,
"2025 Ford Mustang Mach-E Premium SUV:  EXT RANGE, ACCIDENT-FREE",49699,"5,783",1,https://www.craigslist.org/view/d/surrey-east-2025-ford-mustang-mach/919V9KTMf62yZDfNH25zJG,excellent,electric,red,clean,automatic,SUV,,4wd,FINANCE: $357 B/W+Tax *OAC!,,
"2023 Lincoln Aviator Reserve AWD SUV: LINCOLN CO-PILOT360, LOW KMS",51199,"43,416",1,https://www.craigslist.org/view/d/surrey-east-2023-lincoln-aviator/9gKrHu5RVNRExRVCnKLreg,excellent,gas,black,clean,automatic,SUV,6 cylinders,4wd,FINANCE: 416 B/W+Tax *OAC!,,
"2022 Lincoln Aviator Reserve AWD SUV: HUV, CLASS IV TRAILER TOW PKG",44999,"87,162",1,https://www.craigslist.org/view/d/surrey-east-2022-lincoln-aviator/6hd4vDCvnhgp8JhGDGNNhH,excellent,gas,black,clean,automatic,SUV,6 cylinders,4wd,FINANCE: $420 B/W+Tax *OAC!,,
"2022 Ford T-350 E-Transit RWD Cargo Van 148"" Med Rf 9500 GVWR",37699,"89,878",1,https://www.craigslist.org/view/d/surrey-east-2022-ford-350-transit-rwd/eN5XvwS6pN3P7WfVmZP5WD,excellent,electric,white,clean,automatic,van,,rwd,FINANCE: $352 B/W+Tax *OAC!,,
"2024 GMC Sierra 3500HD Denali: HEATED/COOLED SEATS, NO ACCIDENTS",79998,"93,902",1,https://www.craigslist.org/view/d/surrey-east-2024-gmc-sierra-3500hd/xc82LE4D7JUFHchvvrnWdq,excellent,gas,black,clean,automatic,SUV,8 cylinders,4wd,FINANCE: $574 B/W+Tax *OAC!,,
1990 Mercedes-Benz 300SL Hardtop Convertible,18999,"94,052",1,https://www.craigslist.org/view/d/surrey-south-1990-mercedes-benz-300sl/3VLvWaD25MYNdYKFnnERgW,like new,gas,,clean,automatic,convertible,6 cylinders,rwd,South Surrey/White Rock,,
"2022 Chrysler Pacifica Limited: NAPPA LEATHER SEATS, NO ACCIDENTS",41499,"44,700",1,https://www.craigslist.org/view/d/surrey-east-2022-chrysler-pacifica/xqEAru7BPDFgERWL1gpAUA,excellent,gas,grey,clean,automatic,minivan,6 cylinders,4wd,FINANCE: $389 B/W+Tax *OAC!,,
"2023 Ford F-150 Lightning  LARIAT: MAX TRAILER TOW PKG, LOCAL",67499,"30,590",1,https://www.craigslist.org/view/d/surrey-east-2023-ford-150-lightning/rsb3itpPTqKCFoJ1gJKCcG,excellent,electric,white,clean,automatic,pickup,,4wd,FINANCE: $545 B/W+Tax *OAC!,,
"2026 Kia Seltos EX AWD SUV: 17K KMS ONLY, NO ACCIDENTS",29999,"17,670",1,https://www.craigslist.org/view/d/surrey-east-2026-kia-seltos-ex-awd-suv/dbKgcVFoHM3U76W7xK91i2,excellent,gas,blue,clean,automatic,SUV,4 cylinders,4wd,FINANCE: $195 B/W+Tax *OAC!,,
"2024 Mitsubishi Eclipse Cross ES 4WD SUV: HEATED SEATS, 1-OWNER",23399,"57,158",1,https://www.craigslist.org/view/d/surrey-east-2024-mitsubishi-eclipse/eZm5VgQj7hY3K86rzfbYdK,excellent,gas,blue,clean,automatic,SUV,4 cylinders,4wd,FINANCE: $169 B/W+Tax *OAC!,,
"2022 Ford F-150 XLT Pickup: MAX TRAILER TOW PACKAGE, LOCAL",33999,"109,420",1,https://www.craigslist.org/view/d/surrey-east-2022-ford-150-xlt-pickup/2UQweJ2musJJuggXxhbSRd,excellent,gas,white,clean,automatic,pickup,6 cylinders,4wd,FINANCE: $317 B/W+Tax *OAC!,,
"2023 Ford Escape ST-Line Elite SUV: FORDPASS CONNECT, NO ACCIDENTS",26899,"80,389",1,https://www.craigslist.org/view/d/surrey-east-2023-ford-escape-st-line/9yNujw4MXwQSfzAitWBiRt,excellent,gas,grey,clean,automatic,SUV,4 cylinders,4wd,FINANCE: $218 B/W+Tax *OAC!,,
"2021 Ram 1500 Rebel Crew Cab 5'7"" Box • TOP CONDITION • CLEAN TITLE",-1,"144,669",1,https://www.craigslist.org/view/d/abbotsford-southwest-2021-ram-1500/ejy341KVyMGHYpemvGVwST,excellent,diesel,grey,clean,automatic,pickup,6 cylinders,4wd,Ft. Langley / Fraser Valley,,
2024 Lexus RX 350h SUV • ACCIDENT-FREE • LOW LOW KMS,64998,"14,164",1,https://www.craigslist.org/view/d/abbotsford-southwest-2024-lexus-rx-350h/6CLo18aWB2bnaiQQb9Vacx,excellent,hybrid,grey,clean,automatic,SUV,4 cylinders,4wd,From $224+/ Weekly OAC💠NO DOWN REQUIRED!,,
2024 Kia Carnival SX Minivan • NO ACCIDENTS • 15K KMS ONLY,51998,"15,648",1,https://www.craigslist.org/view/d/abbotsford-southwest-2024-kia-carnival/fjxt2v8hCKhw6o18PM9Nfc,excellent,gas,blue,clean,automatic,minivan,6 cylinders,fwd,From $180+/ Weekly OAC💠NO DOWN REQUIRED!,,
2025 Chevrolet Equinox EV RS • ULTRA LOW KMS • NO ACCIDENTS,46998,"3,964",1,https://www.craigslist.org/view/d/abbotsford-southwest-2025-chevrolet/vofxNYHNxisLdAY8HAEwcY,excellent,electric,white,clean,automatic,SUV,,fwd,From $162+/ Weekly OAC💠NO DOWN REQUIRED!,,
2021 Jeep Grand Cherokee High Altitude • ACCIDENT-FREE • 25K KMS ONLY,39998,"24,755",1,https://www.craigslist.org/view/d/abbotsford-southwest-2021-jeep-grand/nrC7GnZXDXuSvFUUpG2ADD,excellent,gas,black,clean,automatic,SUV,6 cylinders,4wd,From $153+/ Weekly OAC💠NO DOWN REQUIRED!,,
2023 Jeep Wrangler Sport S 4×4 SUV • LOW LOW KMS • CLEAN CARFAX,38998,"19,770",1,https://www.craigslist.org/view/d/abbotsford-southwest-2023-jeep-wrangler/dSjsMJNT9dhotLsmCxDCFZ,excellent,gas,grey,clean,automatic,SUV,4 cylinders,4wd,From $135+/ Weekly OAC💠NO DOWN REQUIRED!,,
2022 Jeep Compass Trailhawk Elite • LOW KMS • NO ACCIDENTS,26798,"58,398",1,https://www.craigslist.org/view/d/abbotsford-southwest-2022-jeep-compass/qrJhejCgAjZ3AXaak96FXy,excellent,gas,black,clean,automatic,SUV,4 cylinders,4wd,From $103+/ Weekly OAC💠NO DOWN REQUIRED!,,
2017 Ram 1500 Sport Crew Cab 4X4 Pickup • LOCAL • NO ACCIDENTS,21998,"228,323",1,https://www.craigslist.org/view/d/abbotsford-southwest-2017-ram-1500/dV6uu2ECBZ3N1qBMYb8oEw,excellent,gas,red,clean,automatic,pickup,8 cylinders,4wd,Ft. Langley / Fraser Valley,,
2020 Kia Sorento LX AWD SUV • BC LOCAL • NO ACCIDENTS,20998,"94,967",1,https://www.craigslist.org/view/d/abbotsford-southwest-2020-kia-sorento/e8dFgJnUEbpJyo757isbaD,excellent,gas,grey,clean,automatic,SUV,4 cylinders,4wd,From $106+/ Weekly OAC💠NO DOWN REQUIRED!,,
2025 Jeep Grand Cherokee L Overland AWD SUV: LIKE BRAND NEW!,74998,"6,454",1,https://www.craigslist.org/view/d/abbotsford-southwest-2025-jeep-grand/rNRj3BGr9WVqaNfCLQtFSf,excellent,gas,grey,clean,automatic,SUV,6 cylinders,4wd,From $259+ / Weekly OAC💠NO DOWN REQUIRED!,,
2019 Ram 3500 Laramie Longhorn 4×4 Crew Cab • BC Truck • 1‑Owner,62998,"130,500",1,https://www.craigslist.org/view/d/abbotsford-southwest-2019-ram-3500/ravCNCNoUSQWhBdVpxR9uZ,excellent,diesel,white,clean,automatic,pickup,6 cylinders,4wd,From $318+/ Weekly OAC💠NO DOWN REQUIRED!,,
2026 Jeep Wrangler Sahara SUV: LOW 20K KMS! CLEAN CARFAX,54998,"20,362",1,https://www.craigslist.org/view/d/abbotsford-southwest-2026-jeep-wrangler/sLZKQiowkB2Swzub6Y2woq,excellent,gas,grey,clean,automatic,SUV,4 cylinders,4wd,From $190+/ Weekly OAC💠NO DOWN REQUIRED!,,
"2021 Ram 3500 Big Horn 4WD Pickup: BC LOCAL, CLEAN TITLE",51998,"179,000",1,https://www.craigslist.org/view/d/abbotsford-southwest-2021-ram-3500-big/obFYHi6mJp4MBhkRxXyQY3,excellent,diesel,grey,clean,automatic,pickup,6 cylinders,4wd,From $199+/ Weekly OAC💠NO DOWN REQUIRED!,,
2014 Chevrolet Camaro ZL1 Coupe • Sporty 6spd Manual • Low Mileage,51998,"41,600",1,https://www.craigslist.org/view/d/abbotsford-southwest-2014-chevrolet/1f5xrSXYinFYd4ne5hHAEZ,excellent,gas,grey,clean,manual,coupe,8 cylinders,rwd,From $318+/ Weekly OAC💠NO DOWN REQUIRED!,,
2025 Mercedes-Benz Sprinter 2500 High Roof Cargo Van: NO ACCIDENTS,49998,"45,716",1,https://www.craigslist.org/view/d/abbotsford-southwest-2025-mercedes-benz/ipdgDCqxHLw7TeTCYi4fkK,excellent,diesel,white,clean,automatic,minivan,4 cylinders,rwd,From $173+ / Weekly OAC💠NO DOWN REQUIRED!,,
2023 Ford F-150 XLT 4WD SuperCrew 6.5' Box • BC Pickup • No Accidents,48998,"49,280",1,https://www.craigslist.org/view/d/abbotsford-southwest-2023-ford-150-xlt/n1dCJ4JXf8S2wiK9oGFE3x,excellent,gas,white,clean,automatic,pickup,6 cylinders,4wd,From $169+/ Weekly OAC💠NO DOWN REQUIRED!,,
"2025 MINI Countryman Cooper S ALL4 SUV: CLEAN CARFAX, LOW KMS",36997,"14,310",1,https://www.craigslist.org/view/d/abbotsford-southwest-2025-mini/u2YLr4cEpubjnn7X8MBYSW,excellent,gas,blue,clean,automatic,SUV,4 cylinders,4wd,From $128+/ Weekly OAC💠NO DOWN REQUIRED!,,
"2026 Chevrolet Equinox AWD LT SUV: CLEAN CARFAX, LOW LOW KMS",33998,"13,534",1,https://www.craigslist.org/view/d/abbotsford-southwest-2026-chevrolet/r2u6NgtDvvgW9WBQCemLfy,excellent,gas,grey,clean,automatic,SUV,4 cylinders,4wd,From $117+ /Weekly OAC💠NO DOWN REQUIRED!,,
2024 Ford Escape ST-Line SUV: LOW LOW KMS! NO ACCIDENTS!,31998,"23,924",1,https://www.craigslist.org/view/d/abbotsford-southwest-2024-ford-escape/u571YMjzgXvKr5yt7LHTao,excellent,gas,blue,clean,automatic,SUV,4 cylinders,4wd,From $110+ /Weekly OAC💠NO DOWN REQUIRED!,,
2019 Nissan Pathfinder S 4×4 SUV: LOW KMS! BC VEHICLE,22997,"85,801",1,https://www.craigslist.org/view/d/abbotsford-southwest-2019-nissan/ky1j7oPgYBsrXHqbKYzAca,excellent,gas,white,clean,automatic,SUV,6 cylinders,4wd,From $116+ /Weekly OAC💠NO DOWN REQUIRED!,,
2024 Hyundai Venue Essential • Low 32K km • Off‑Road Suspension,20998,"32,114",1,https://www.craigslist.org/view/d/abbotsford-southwest-2024-hyundai-venue/2YpLuR4bUzwjpzQeLEps4s,excellent,gas,white,clean,automatic,hatchback,4 cylinders,fwd,From $73+ /Weekly OAC💠NO DOWN REQUIRED!,,
"2015 Dodge Challenger R/T 2dr Coupe: HEMI, LOCAL, TOP CONDITION",28999,"109,782",1,https://www.craigslist.org/view/d/surrey-lower-west-2015-dodge-challenger/ns4DPrpcECxdqW69W78fMZ,excellent,gas,red,clean,automatic,coupe,8 cylinders,rwd,QUICK APPROVAL FOR ALL CREDIT TYPES!,,
"2024 Dodge Hornet R/T PHEV EAWD SUV: FULLY LOADED, NEAR NEW!",34688,1,1,https://www.craigslist.org/view/d/surrey-lower-west-2024-dodge-hornet-t/qet38eFNjUqtWxWTsPSEFj,excellent,hybrid,black,clean,automatic,SUV,4 cylinders,4wd,QUICK APPROVAL FOR ALL CREDIT TYPES!,,
"2023 Jeep Wrangler Willys Sport 2Dr 4x4 SUV: LOW KMS, NO ACCIDENTS",34999,"54,085",1,https://www.craigslist.org/view/d/surrey-lower-west-2023-jeep-wrangler/591qRqWuouv4UdHc8cEkJm,excellent,gas,white,clean,automatic,SUV,4 cylinders,4wd,QUICK APPROVAL FOR ALL CREDIT TYPES!,,
"2023 Ford F-150 XLT 4WD SuperCrew 5.5' Box • 42K KMS, BC TRUCK",49799,"41,865",1,https://www.craigslist.org/view/d/surrey-lower-west-2023-ford-150-xlt-4wd/jpaUjUrtgwsRxsHRbPMvox,excellent,gas,white,clean,automatic,pickup,6 cylinders,4wd,QUICK APPROVAL FOR ALL CREDIT TYPES!,,
2023 Toyota RAV4 Prime XSE AWD SUV: LOCAL NO ACCIDENTS,42999,"89,264",1,https://www.craigslist.org/view/d/surrey-lower-west-2023-toyota-rav4/aeJ5TuxKhYUebJ7b7fGzmp,excellent,hybrid,silver,clean,automatic,SUV,4 cylinders,4wd,QUICK APPROVAL FOR ALL CREDIT TYPES!,,
"2026 Acura Integra Type S M/T Hatchback: CLEAN CARFAX, LIKE NEW!",66599,"5,380",1,https://www.craigslist.org/view/d/surrey-lower-west-2026-acura-integra/ckSSAyMpfcHpVx6nTQcr3b,excellent,gas,grey,clean,manual,hatchback,4 cylinders,fwd,QUICK APPROVAL FOR ALL CREDIT TYPES!,,
2014 Ford Edge - LOW KMS !,14900,"72,000",1,https://www.craigslist.org/view/d/surrey-2014-ford-edge-low-kms/tD9B1DsaVEJC3uyjJJTEFh,like new,gas,silver,clean,automatic,SUV,6 cylinders,4wd,surrey,,
SOLD |2023 Rivian R1T Launch Edition Quad Motor Large Pack | New Tires,98500,"36,764",1,https://www.craigslist.org/view/d/langley-sold-2023-rivian-r1t-launch/qjpMxhMvmbyDHpWfwTHdCx,excellent,electric,green,clean,automatic,pickup,,4wd,Call or Text Austin @DealerShift,7FCTGAAL2PN024394,
"2024 Mitsubishi Outlander SEL AWD SUV: 1-OWNER, ONLY 15K KMS!",45872,"15,484",1,https://www.craigslist.org/view/d/surrey-east-2024-mitsubishi-outlander/5pp2pzVjkobvgmoqKTC7cP,excellent,hybrid,grey,clean,automatic,SUV,4 cylinders,4wd,LANGLEY | $343+ Bi-Weekly Financing OAC,,
2019 Mitsubishi Eclipse Cross GT S-AWC SUV: BC LOCAL | SUNROOF,13999,"162,250",1,https://www.craigslist.org/view/d/surrey-east-2019-mitsubishi-eclipse/cLpLpGoVGBegQruVEBGQdi,excellent,gas,white,clean,automatic,SUV,4 cylinders,4wd,LANGLEY | $133+ Bi-Weekly Financing OAC,,
"2024 Mitsubishi Outlander GT NOIR | S-AWC SUV: NO ACCIDENTS, LOW KMS!",47999,"261,278",1,https://www.craigslist.org/view/d/surrey-east-2024-mitsubishi-outlander/9j4K3igAiT1kzq4RndqPQG,excellent,gas,black,clean,automatic,SUV,4 cylinders,4wd,LANGLEY | $363+ Bi-Weekly Financing OAC,,
2023 Mitsubishi RVR SE | CLEAN CARFAX | ANDROID AUTO & APPLE CARPLAY,19987,"73,467",1,https://www.craigslist.org/view/d/surrey-east-2023-mitsubishi-rvr-se/8uPR9LuWZXSypgv8SmFEji,excellent,gas,black,clean,automatic,SUV,4 cylinders,4wd,LANGLEY | $161+ Bi-Weekly Financing OAC,,
"2021 Mercedes-Benz GLA 250 | BC LOCAL | NAVIGATION | 19"" AMG WHEELS",27387,"73,208",1,https://www.craigslist.org/view/d/surrey-east-2021-mercedes-benz-gla-250/pQtJjw93sXrPtFDSHTzraF,excellent,gas,black,clean,automatic,SUV,4 cylinders,4wd,LANGLEY | $XXX+ Bi-Weekly Financing OAC,,
2015 Volkswagen Tiguan COMFORTLINE | 4MOTION | GLASS CARFAX |  LOCAL,12871,"144,217",1,https://www.craigslist.org/view/d/surrey-east-2015-volkswagen-tiguan/d6iao36hF6v5huri2VfPt8,excellent,gas,white,clean,automatic,SUV,4 cylinders,4wd,NO/BAD/NEW CREDIT: ALL WELCOME!,,
2022 Ford Escape PHEV TITANIUM | CLEAN CARFAX | 1 OWNER |  LOCAL,25399,"101,264",1,https://www.craigslist.org/view/d/surrey-east-2022-ford-escape-phev/asoeLRiSccuqmcVeByCTn6,excellent,hybrid,white,clean,automatic,SUV,4 cylinders,4wd,LANGLEY | $199+ Bi-Weekly Financing OAC,,
"2017 Mazda CX-3 AWD GS SUV: LOCAL, LOW LOW KMS!",16249,"97,474",1,https://www.craigslist.org/view/d/surrey-east-2017-mazda-cx-awd-gs-suv/sTyHjP8pV8yUtfPKXLgBAB,excellent,gas,white,clean,automatic,SUV,4 cylinders,4wd,LANGLEY | $132+ Bi-Weekly Financing OAC,,
"2023 Nissan Kicks SV FWD SUV: $0 CLAIM CARFAX, ONLY 14K KMS!",21872,"14,143",1,https://www.craigslist.org/view/d/surrey-east-2023-nissan-kicks-sv-fwd/i7GrXRZ5fvq32mAJK7ZSSu,excellent,gas,blue,clean,automatic,SUV,4 cylinders,fwd,LANGLEY | $175+ Bi-Weekly Financing OAC,,
2024 Volkswagen Golf GTI 380 Autobahn Hatchback: CLEAN RECORDS!,32397,"50,940",1,https://www.craigslist.org/view/d/surrey-east-2024-volkswagen-golf-gti/uEX7Zn2fbUChhzFYUNP8x2,excellent,gas,grey,clean,manual,hatchback,4 cylinders,fwd,LANGLEY | $273+ Bi-Weekly Financing OAC,,
2020 Honda Civic Sedan LX | LOCAL | ADAPTIVE CRUISE | LANE KEEP ASSIST,20597,"123,666",1,https://www.craigslist.org/view/d/surrey-east-2020-honda-civic-sedan-lx/oXPaxPW4KQaKAAcwaeCz8r,excellent,gas,grey,clean,automatic,sedan,4 cylinders,fwd,LANGLEY | $175+ Bi-Weekly Financing OAC,,
"2019 Chevrolet Bolt EV LT Hatchback: LOCAL, 621K KMS ONLY!",18597,"61,358",1,https://www.craigslist.org/view/d/surrey-east-2019-chevrolet-bolt-ev-lt/e3vQjGgfyzZ1XWoP6w2uYN,excellent,electric,grey,clean,automatic,hatchback,4 cylinders,fwd,LANGLEY | $175+ Bi-Weekly Financing OAC,,
"2021 Mazda Mazda3 Sport GS Hatchback: LOCAL, 42K KMS ONLY!",22588,"42,869",1,https://www.craigslist.org/view/d/surrey-east-2021-mazda-mazda3-sport-gs/2jo66yymQaq9dHpEZxiZP3,excellent,gas,red,clean,automatic,hatchback,4 cylinders,fwd,LANGLEY | $196+ Bi-Weekly Financing OAC,,
"2023 Ford Bronco Sport Big Bend 4x4 SUV: LOW KMS, CLEAN TITLE",25299,"67,789",1,https://www.craigslist.org/view/d/surrey-east-2023-ford-bronco-sport-big/pKetpMux4jDS3dJGiaV2g2,excellent,gas,black,clean,automatic,SUV,3 cylinders,4wd,LANGLEY | $203+ Bi-Weekly Financing OAC,,
"2020 Chevrolet Trax AWD Premier SUV: LOCAL, LOW KMS",17597,"44,427",1,https://www.craigslist.org/view/d/surrey-east-2020-chevrolet-trax-awd/r7QSY7YqFxuGykUFoT3668,excellent,gas,white,clean,automatic,SUV,4 cylinders,4wd,LANGLEY | $175+ Bi-Weekly Financing OAC,,
"2021 Tesla Model 3 Sedan: PANOROOF, LOCAL, NO ACCIDENTS",23892,"131,240",1,https://www.craigslist.org/view/d/surrey-east-2021-tesla-model-sedan/dTSbj345CCmbiPHdrWPyGw,excellent,electric,grey,clean,automatic,sedan,,,LANGLEY | $203+ Bi-Weekly Financing OAC,,
"2019 Acura RDX AWD SUV: CLEAN, LOCAL, ONLY 87K KMS!",29672,"87,016",1,https://www.craigslist.org/view/d/surrey-east-2019-acura-rdx-awd-suv/1msvYKMrmTbfdaPjoftP3u,excellent,gas,grey,clean,automatic,SUV,4 cylinders,4wd,LANGLEY | $266+ Bi-Weekly Financing OAC,,
"2022 Honda Pilot Black Edition AWD SUV: NAVI, LOW KMS!",42999,"62,793",1,https://www.craigslist.org/view/d/surrey-east-2022-honda-pilot-black/vUMiySNB8MhnUG51qD8FUN,excellent,gas,white,clean,automatic,SUV,6 cylinders,4wd,LANGLEY | $350+ Bi-Weekly Financing OAC,,
"2021 Kia Seltos LX AWD SUV: 1-OWNER, LOCAL",14497,"128,281",1,https://www.craigslist.org/view/d/surrey-east-2021-kia-seltos-lx-awd-suv/4yLafW7TSo7ASXEihTPJPZ,excellent,gas,yellow,clean,automatic,SUV,4 cylinders,4wd,LANGLEY | $140+ Bi-Weekly Financing OAC,,
"2020 Volkswagen Tiguan Trendline 4MOTION SUV: CLEAN CARFAX, LOW KMS",18998,"35,027",1,https://www.craigslist.org/view/d/surrey-east-2020-volkswagen-tiguan/4v2cGN6GZpSZMvcUgoBeyT,excellent,gas,black,clean,automatic,SUV,4 cylinders,4wd,LANGLEY | $182+ Bi-Weekly Financing OAC,,
"2023 Toyota RAV4 XLE AWD SUV: NO ACCIDENTS, 39K KMS ONLY!",37321,"37,148",1,https://www.craigslist.org/view/d/surrey-east-2023-toyota-rav4-xle-awd/4jrQyywKzvZv4w1FBLNcWU,excellent,gas,white,clean,automatic,SUV,4 cylinders,4wd,LANGLEY | $322+ Bi-Weekly Financing OAC,,
"2018 Mazda Mazda3 Sport Hatchback: HEADS UP DISPLAY, LOCAL",18672,"70,694",1,https://www.craigslist.org/view/d/surrey-east-2018-mazda-mazda3-sport/dynk5oUpkVCi5mBYvW2T6o,excellent,gas,grey,clean,automatic,hatchback,4 cylinders,fwd,LANGLEY | $161+ Bi-Weekly Financing OAC,,
2021 Mitsubishi RVR SE AWC SUV • Backup Camera • CLEAN CARFAX,15999,"93,425",1,https://www.craigslist.org/view/d/surrey-east-2021-mitsubishi-rvr-se-awc/u6ryZyBKd6RoYhPXcZoRUJ,excellent,gas,blue,clean,automatic,SUV,4 cylinders,4wd,LANGLEY | $140+ Bi-Weekly Financing OAC,,
2024 Mitsubishi Outlander GT NOIR S-AWC SUV • LOW KMS • 1-Owner,43999,"40,338",1,https://www.craigslist.org/view/d/surrey-east-2024-mitsubishi-outlander/2DAXd1yTPCP3eHz6ZTqLii,excellent,electric,grey,clean,automatic,SUV,,4wd,LANGLEY | $343+ Bi-Weekly Financing OAC,,
2025 Mitsubishi Outlander PHEV ES | S-AWC SUV • LOW KMS • Clean Carfax,37999,"55,447",1,https://www.craigslist.org/view/d/surrey-east-2025-mitsubishi-outlander/piL44FDDo6rDG3PtHrBzoP,excellent,hybrid,white,clean,automatic,SUV,4 cylinders,4wd,LANGLEY | $291+ Bi-Weekly Financing OAC,,
"2023 Mitsubishi Eclipse Cross SEL AWD SUV: NO ACCIDENTS, LOW KMS",24999,"37,463",1,https://www.craigslist.org/view/d/surrey-east-2023-mitsubishi-eclipse/jGecNybZw3gE9dHiZLSu7Q,excellent,gas,white,clean,automatic,SUV,4 cylinders,4wd,LANGLEY | $210+ Bi-Weekly Financing OAC,,
"2025 Mitsubishi Outlander PHEV AWD SUV: LOW KMS, ACCIDENT-FREE",41297,"39,208",1,https://www.craigslist.org/view/d/surrey-east-2025-mitsubishi-outlander/p7GnGEcv6qjFNXh2in15zv,excellent,hybrid,grey,clean,automatic,SUV,4 cylinders,4wd,LANGLEY | $350+ Bi-Weekly Financing OAC,,
"2023 Mitsubishi RVR ES AWC SUV: LOW KMX, CLEAN CARFAX",18782,"58,117",1,https://www.craigslist.org/view/d/surrey-east-2023-mitsubishi-rvr-es-awc/sKvhjfCUq1EpYJzEwv76rP,excellent,gas,black,clean,automatic,SUV,4 cylinders,4wd,LANGLEY | $189+ Bi-Weekly Financing OAC,,
"2026 Mitsubishi RVR SE AWD SUV: NO ACCIDENTS, LOW KMS",21999,"61,101",1,https://www.craigslist.org/view/d/surrey-east-2026-mitsubishi-rvr-se-awd/2Hrt8Sr1AjynRBTSZd7omN,excellent,gas,red,clean,automatic,SUV,4 cylinders,4wd,LANGLEY | $189+ Bi-Weekly Financing OAC,,
"2024 Mitsubishi RVR AWD SUV: BACKUP CAMERA, NO ACCIDENTS",21397,"56,626",1,https://www.craigslist.org/view/d/surrey-east-2024-mitsubishi-rvr-awd-suv/hhbMdGUkzibFpAquqMcwqD,excellent,gas,white,clean,automatic,SUV,4 cylinders,4wd,LANGLEY | $196+ Bi-Weekly Financing OAC,,
"2024 Mitsubishi RVR SE AWD SUV: LOW KMS, NO ACCIDENTS",20999,"62,795",1,https://www.craigslist.org/view/d/surrey-east-2024-mitsubishi-rvr-se-awd/5RTsVvuPE9syLjEfQB2Rfm,excellent,gas,white,clean,automatic,SUV,4 cylinders,4wd,LANGLEY | $196+ Bi-Weekly Financing OAC,,
2023 Mitsubishi RVR ES AWC SUV • LOW KMS • Clean Carfax,22127,"48,421",1,https://www.craigslist.org/view/d/surrey-east-2023-mitsubishi-rvr-es-awc/gjox3YaXx84wsW7K5Yr42E,excellent,gas,silver,clean,automatic,SUV,4 cylinders,4wd,LANGLEY | $196+ Bi-Weekly Financing OAC,,
2023 Mitsubishi Eclipse Cross SEL | S-AWC | ADAPTIVE CRUISE | LOCAL,20999,"42,207",1,https://www.craigslist.org/view/d/surrey-east-2023-mitsubishi-eclipse/rtCTf43UrJncgYCabnLKJJ,excellent,gas,red,clean,automatic,SUV,4 cylinders,4wd,LANGLEY | $196+ Bi-Weekly Financing OAC,,
"2025 Mitsubishi Outlander SE PHEV AWD SUV: 7-SEATER, NO ACCIDENTS",42197,"21,517",1,https://www.craigslist.org/view/d/surrey-east-2025-mitsubishi-outlander/vK8NobRJ1bAmwrNHGoVrxy,excellent,hybrid,white,clean,automatic,SUV,4 cylinders,4wd,LANGLEY | $364+ Bi-Weekly Financing OAC,,
2021 GMC Sierra 1500 4WD Crew Cab AT4 Duramax Diesel 4x4,39888,"167,930",1,https://www.craigslist.org/view/d/abbotsford-southwest-2021-gmc-sierra-wd/936YVJNyiuqfzRwGNYoYQj,excellent,diesel,grey,clean,automatic,pickup,6 cylinders,4wd,Abbotsford,,
2024 Mazda CX-50  GT w/Turbo SUV • 20 INCH WHEELS • LOW KMS,35999,"56,232",1,https://www.craigslist.org/view/d/surrey-east-2024-mazda-cx-50-gt-turbo/e9Q8UwF7ickyrHjsjpnhum,excellent,gas,grey,clean,automatic,SUV,4 cylinders,4wd,FINANCE: $258 B/W+Tax *OAC!,,
2023 Ford F-150 XLT 4WD Pickup • TAILGATE STEP • NO ACCIDENTS,46999,"27,200",1,https://www.craigslist.org/view/d/surrey-east-2023-ford-150-xlt-4wd/gXsE4N41P5VMHVnS3crf8P,excellent,gas,black,clean,automatic,pickup,6 cylinders,4wd,FINANCE: $379 B/W+Tax *OAC!,,
"2023 Lincoln Aviator Reserve AWD SUV: LOCAL, 1-OWNER",44999,"94,971",1,https://www.craigslist.org/view/d/surrey-east-2023-lincoln-aviator/pzbq7uLhR4fDmnZyqq1oBd,excellent,gas,black,clean,automatic,SUV,6 cylinders,4wd,FINANCE: $363 B/W+Tax *OAC!,,
"2023 Ford Super Duty F-350 SRW Platinum: FX4 OFF-ROAD, NO ACCIDENTS",94499,"29,369",1,https://www.craigslist.org/view/d/surrey-east-2023-ford-super-duty-350/7UArKKDDhfoJpG1XsBWzDt,excellent,diesel,grey,clean,automatic,pickup,8 cylinders,4wd,FINANCE: $762 B/W+Tax *OAC!,,
"2025 Ford Mustang Mach-E Premium: SPORT PACKAGE, 16K KMS ONLY!",48999,"16,185",1,https://www.craigslist.org/view/d/surrey-east-2025-ford-mustang-mach/5C72BbsCaFJp91tK9tX5tz,excellent,electric,black,clean,automatic,SUV,,4wd,FINANCE: $352 B/W+Tax *OAC!,,
2024 Ford F-150 XLT 4WD SuperCrew 5.5' box: BLACK APPEARANCE PKG,46999,"64,343",1,https://www.craigslist.org/view/d/surrey-east-2024-ford-150-xlt-4wd/wtYYkNvLZogPe3PxwAnLNW,excellent,gas,silver,clean,automatic,pickup,6 cylinders,4wd,FINANCE: $337 B/W+Tax *OAC!,,
2023 Ford F-150 Lightning Platinum • FORDPASS CONNECT • NO ACCIDENTS,73499,"57,757",1,https://www.craigslist.org/view/d/surrey-east-2023-ford-150-lightning/nTaM4BP4cxSkxakkoSiGsz,excellent,electric,black,clean,automatic,pickup,,4wd,FINANCE: $592 B/W+Tax *OAC!,,
2011 DAIHATSU HIJET JUMBO AUTOMATIC KEI TRUCK,-1,"42,600",1,https://www.craigslist.org/view/d/langley-2011-daihatsu-hijet-jumbo/uJkpfzhxHccFYnajVqdBfG,excellent,gas,white,clean,automatic,truck,3 cylinders,4wd,LANGLEY,,
2009 DAIHATSU HIJET 4WD HIGH DUMP KEI TRUCK,13000,"37,200",1,https://www.craigslist.org/view/d/langley-2009-daihatsu-hijet-4wd-high/wHyCVEnrfHTgbp6shwfXwd,excellent,gas,blue,clean,manual,truck,3 cylinders,4wd,LANGLEY,,
2005 DAIHATSU HIJET JUMBO 4WD KEI TRUCK w DIFF LOCK,12800,"69,100",1,https://www.craigslist.org/view/d/langley-2005-daihatsu-hijet-jumbo-4wd/sTadVDE9eXANMW3ogU2NZj,excellent,gas,blue,clean,manual,truck,3 cylinders,4wd,LANGLEY,,
Mint 2007 Mercedes-Benz CL600 V12 Bi Turbo! Only 93kms!,36999,"93,432",1,https://www.craigslist.org/view/d/surrey-south-mint-2007-mercedes-benz/ivuj4G2ayxYoH4Sr7ZQzfZ,like new,gas,silver,clean,automatic,coupe,12 cylinders,rwd,South Surrey/White Rock,,$849
CORVETTE ZR1 AVAILABLE NOW!!,450000,10,1,https://www.craigslist.org/view/d/vancouver-corvette-zr1-available-now/wyPCB1iGiz7PeXSCydLVAq,new,gas,,clean,automatic,coupe,,,VANCOUVER,,
"2025 Ford F-150 Lightning Flash 4x4 Pickup: 26K KMS ONLY, NO ACCIDENTS",81799,"26,092",1,https://www.craigslist.org/view/d/surrey-east-2025-ford-150-lightning/6NbvHr9t1A4amY9gPDeq8k,excellent,electric,black,clean,automatic,pickup,,4wd,FINANCE: $587 B/W+Tax *OAC!,,
"2024 Ford F-150 STX SuperCrew 4x4 Pickup:15K KMS, ACCIDENT-FREE",49499,"15,495",1,https://www.craigslist.org/view/d/surrey-east-2024-ford-150-stx-supercrew/vnEkScBHS7V9AbPSKkTHeH,excellent,gas,white,clean,automatic,pickup,6 cylinders,4wd,FINANCE: $355 B/W+Tax *OAC!,,
2018 BMW 440i xDrive Gran Coupe,35888,"106,127",1,https://www.craigslist.org/view/d/langley-city-2018-bmw-440i-xdrive-gran/6pJkb2YmfyawsibC7552ob,,gas,,clean,automatic,coupe,,,ALL CREDIT TYPES APPROVED!💠$0 DOWN AVAILABLE!,,
2022 Ford F-150 Lariat 502A SuperCrew 4x4 Pickup: SPOTLESS CARFAX,47499,"92,494",1,https://www.craigslist.org/view/d/surrey-east-2022-ford-150-lariat-502a/oAhjmgTboG4CjtDtNTp37q,excellent,gas,grey,clean,automatic,pickup,6 cylinders,4wd,FINANCE: $444 B/W+Tax *OAC!,,
2024 Ford F-150 Lightning XLT 4x4 SuperCrew Pickup: ACCIDENT-FREE!,65999,"62,704",1,https://www.craigslist.org/view/d/surrey-east-2024-ford-150-lightning-xlt/ikDD1GJEHz2btyw6Med52C,excellent,electric,white,clean,automatic,pickup,,4wd,FINANCE: $474 B/W+Tax *OAC!,,
"2025 Ford F-150 Lightning Flash 4x4 Pickup: EXT. RANGE, CLEAN CARFAX!",80799,"29,031",1,https://www.craigslist.org/view/d/surrey-east-2025-ford-150-lightning/kc8w5U1uMTJqqhKyFE9kGW,excellent,electric,blue,clean,automatic,pickup,,4wd,FINANCE: $581 B/W+Tax *OAC!,,
2016 MERCEDES-BENZ GLC 300 4MATIC: FULLY LOADED WITH LEATHER & SUNROOF,21888,"132,545",1,https://www.craigslist.org/view/d/langley-city-2016-mercedes-benz-glc-300/e1yE1h7nBcMHdSfeEU5Qgs,,gas,,clean,automatic,SUV,,,ALL CREDIT TYPES APPROVED!💠$0 DOWN AVAILABLE!,,
"2022 Lincoln Corsair Grand Touring AWD SUV: 41K KMS, CLEAN CARFAX",35599,"40,954",1,https://www.craigslist.org/view/d/surrey-east-2022-lincoln-corsair-grand/fZY4c66rb9WStQfGyrfqhW,excellent,gas,blue,clean,automatic,SUV,4 cylinders,4wd,FINANCE: $332 B/W+Tax *OAC!,,
2022 HYUNDAI VENUE SEL — GREAT ON GAS! LOW KMS! COMPACT SUV!,19888,"66,470",1,https://www.craigslist.org/view/d/langley-city-2022-hyundai-venue-sel/emp5sUuHd18dE3LkYGm5s9,,gas,,clean,automatic,,,,ALL CREDIT TYPES APPROVED!💠$0 DOWN AVAILABLE!,,
"2023 Toyota Corolla LE Sedan: ONLY 49K KMS, LOCAL",23699,"49,092",1,https://www.craigslist.org/view/d/surrey-east-2023-toyota-corolla-le/nRXRMFKboGoR1ngQFexWtM,excellent,gas,white,clean,automatic,sedan,4 cylinders,fwd,FINANCE: $192 B/W+Tax *OAC!,,
"2023 Honda Civic LX Sedan: HEATED SEATS, LOCAL",22899,"97,328",1,https://www.craigslist.org/view/d/surrey-east-2023-honda-civic-lx-sedan/uq4oPpok2MUzrWKbiGPeLs,excellent,gas,grey,clean,automatic,sedan,4 cylinders,fwd,FINANCE: $186 B/W+Tax *OAC!,,
"2021 Lincoln Corsair Reserve AWD SUV: PANO VISTA ROOF, LOCAL",27099,"78,117",1,https://www.craigslist.org/view/d/surrey-east-2021-lincoln-corsair/jyP3tx9V7oyhSBoVMSnWKr,excellent,gas,black,clean,automatic,SUV,4 cylinders,4wd,FINANCE: $253 B/W+Tax *OAC!,,
"2024 Kia Forte EX Sedan: HEATED/VENTED SEATS, 1-OWNER",21999,"60,878",1,https://www.craigslist.org/view/d/surrey-east-2024-kia-forte-ex-sedan/qxtNsoWq2kBUEKWnxtWEo1,excellent,gas,grey,clean,automatic,sedan,4 cylinders,fwd,FINANCE: $158 B/W+Tax *OAC!,,
"2025 KIA K4 LX: NO ACCIDENTS, FULL WARRANTY!",24888,"20,095",1,https://www.craigslist.org/view/d/langley-city-2025-kia-k4-lx-no/4Dht7s5m5TYpxG4xmUsMfR,,gas,,clean,automatic,sedan,,,ALL CREDIT TYPES APPROVED!💠$0 DOWN AVAILABLE!,,
2017 HONDA Odyssey EXL | Low KM | 7-Passengers | Fully Loaded,24000,"67,406",1,https://www.craigslist.org/view/d/langley-city-2017-honda-odyssey-exl-low/8cYdXgzScPCaeWuDSt2CDQ,,gas,,clean,automatic,minivan,,,ALL CREDIT TYPES APPROVED!💠$0 DOWN AVAILABLE!,,
2019 Ford Mustang Ecoboost Convertible • LOCAL • MINT CONDITION,21888,"164,975",1,https://www.craigslist.org/view/d/langley-city-2019-ford-mustang-ecoboost/3kkbjg2krQPmRNsejVwTDZ,,gas,,clean,automatic,convertible,,,ALL CREDIT TYPES APPROVED!💠$0 DOWN AVAILABLE!,,
2016 LAND ROVER RANGE ROVER SC AUTOBIOGRAPHY 4WD — SUPERCHARGED V8!,24888,"170,381",1,https://www.craigslist.org/view/d/langley-city-2016-land-rover-range/9WF5uV321Ew6sUSNRKkeCW,,gas,,clean,automatic,SUV,,,ALL CREDIT TYPES APPROVED!💠$0 DOWN AVAILABLE!,,
SOLD | 2021 Lexus RX450h | Accident Free | Locally Owned | Tan Leather,49500,"54,128",1,https://www.craigslist.org/view/d/langley-sold-lexus-rx450h-accident-free/8GkQWp3o6uLYCWQC8QFU7p,,hybrid,,clean,automatic,,6 cylinders,4wd,Call or Text Austin @DealerShift,2T2HGMDA3MC062606,
2023 Lexus RX500h F Sport Performance 2 | 1-Owner | No Accidents,64500,"18,605",1,https://www.craigslist.org/view/d/langley-2023-lexus-rx500h-sport/aJ3uE8SXw1vYWy4P9Cvn1n,excellent,hybrid,white,clean,automatic,SUV,4 cylinders,4wd,Call or Text Austin @DealerShift,2T2BCMEA1PC001212,
"2023 Ford F-150 Lariat SuperCrew 4x4 Pickup: SPORT PKG, ONLY 59K KMS!",54599,"58,939",1,https://www.craigslist.org/view/d/surrey-east-2023-ford-150-lariat/2527cfuvithvE3L9mp6iYe,excellent,gas,blue,clean,automatic,pickup,6 cylinders,4wd,FINANCE: $441 B/W+Tax *OAC!,,
"2024 Ford F-150 STX SuperCrew 4x4: Black Appearance Package, LOW KMS!",49499,"15,495",1,https://www.craigslist.org/view/d/surrey-east-2024-ford-150-stx-supercrew/b3ZKKpuDLo84aUbKS742Ro,excellent,gas,white,clean,automatic,pickup,6 cylinders,4wd,FINANCE: $355 B/W+Tax *OAC!,,
"2024 Ford Bronco Big Bend 4WD SUV: NO ACCIDENTS, 32K KMS ONLY",48799,"31,974",1,https://www.craigslist.org/view/d/surrey-east-2024-ford-bronco-big-bend/pdcZbfyz39RJHM6iEVNaVH,excellent,gas,black,clean,automatic,SUV,4 cylinders,4wd,FINANCE: $350 B/W+Tax *OAC!,,
2020 CADILLAC XT4 AWD LUXURY• LOCAL • MINT CONDITION,24888,"107,944",1,https://www.craigslist.org/view/d/langley-city-2020-cadillac-xt4-awd/rKh7QainBNtaoinuJD8y6J,,gas,,clean,automatic,SUV,,,ALL CREDIT TYPES APPROVED!💠$0 DOWN AVAILABLE!,,
2021 KIA SPORTAGE LX AWD SUV | LOW KM! | ON SALE!,18888,"85,149",1,https://www.craigslist.org/view/d/langley-city-2021-kia-sportage-lx-awd/dSkkcTCtiFfdCmxUNcbM11,,gas,,clean,automatic,SUV,,,ALL CREDIT TYPES APPROVED!💠$0 DOWN AVAILABLE!,,
2018 TOYOTA Highlander SE/XLE | Fully Loaded | Sunroof,25888,"150,063",1,https://www.craigslist.org/view/d/langley-city-2018-toyota-highlander-se/seYGXUdT3Uj6dF25GKTAXa,,gas,,clean,automatic,SUV,,,ALL CREDIT TYPES APPROVED!💠$0 DOWN AVAILABLE!,,
2015 Jeep Wrangler Unlimited Freedom Edition,24888,"90,643",1,https://www.craigslist.org/view/d/langley-city-2015-jeep-wrangler/aBe149qwHiRPPZPZT2oL7J,,gas,,clean,automatic,SUV,,,ALL CREDIT TYPES APPROVED!💠$0 DOWN AVAILABLE!,,
"2026 Ram 3500 Big Horn Crew Cab 6'4"" Box: LOW LOW KMS, CLEAN CARFAX",79499,"6,831",1,https://www.craigslist.org/view/d/surrey-lower-west-2026-ram-3500-big/jNg4dq9mzGxVe8rmLvhd2U,excellent,gas,black,clean,automatic,pickup,6 cylinders,4wd,QUICK APPROVAL FOR ALL CREDIT TYPES!,,
"2021 Audi Q5 S-line Technik 45 TFSI quattro SUV: LOCAL, LOW KMS",32599,"61,890",1,https://www.craigslist.org/view/d/surrey-lower-west-2021-audi-q5-line/hosfKFEzpK8stDP9Ug7P4L,excellent,gas,white,clean,automatic,SUV,4 cylinders,4wd,QUICK APPROVAL FOR ALL CREDIT TYPES!,,
"2024 Hyundai Santa Fe Luxury AWD SUV: LOCAL, LOW LOW KMS",36999,"22,315",1,https://www.craigslist.org/view/d/surrey-lower-west-2024-hyundai-santa-fe/4vhb3e2ypFCQLfLW7PXjrt,excellent,gas,green,clean,automatic,SUV,4 cylinders,4wd,QUICK APPROVAL FOR ALL CREDIT TYPES!,,
"2025 Honda Pilot Touring AWD SUV: NO ACCIDENTS, WARRANTY",49999,"51,320",1,https://www.craigslist.org/view/d/surrey-lower-west-2025-honda-pilot/7ThC1Ewaf2Ha7oCCKNj5k6,excellent,gas,red,clean,automatic,SUV,6 cylinders,4wd,QUICK APPROVAL FOR ALL CREDIT TYPES!,,
"2023 Mazda CX-5 Signature AWD SUV: LOCAL, LOW KMS!",34999,"36,941",1,https://www.craigslist.org/view/d/surrey-lower-west-2023-mazda-cx/i7oXiRaHakfpH2sbq5DEMt,excellent,gas,red,clean,automatic,SUV,4 cylinders,4wd,QUICK APPROVAL FOR ALL CREDIT TYPES!,,
"2025 Mitsubishi Outlander ES S-AWC SUV: 1-OWNER, CLEAN CARFAX",27888,"46,029",1,https://www.craigslist.org/view/d/surrey-lower-west-2025-mitsubishi/ozXvEXbR4R6zAWJTzLSZVB,excellent,gas,white,clean,automatic,SUV,4 cylinders,4wd,QUICK APPROVAL FOR ALL CREDIT TYPES!,,
"2026 Jeep Wrangler Willys 2-Dr 4x4 SUV: TONS OF WARRANTY, LIKE NEW",44499,"2,178",1,https://www.craigslist.org/view/d/surrey-lower-west-2026-jeep-wrangler/udSwG9GKhPYd7zdFa3qfpP,new,gas,purple,clean,automatic,SUV,4 cylinders,4wd,QUICK APPROVAL FOR ALL CREDIT TYPES!,,
"2026 Subaru Crosstrek Hybrid Limited AWD SUV: LIKE NEW, SAVE $4,500!",40499,50,1,https://www.craigslist.org/view/d/surrey-lower-west-2026-subaru-crosstrek/muWSE1sain3nEmk424CsTj,like new,hybrid,green,clean,automatic,SUV,4 cylinders,4wd,QUICK APPROVAL FOR ALL CREDIT TYPES!,,
"2022 Ram 3500 Limited Longhorn 4x4 Mega Cab 6'4"" Box: ACCIDENT-FREE",79999,"41,980",1,https://www.craigslist.org/view/d/surrey-lower-west-2022-ram-3500-limited/pPSnDonP9tZKaNAvcUHLDC,excellent,gas,black,clean,automatic,pickup,6 cylinders,4wd,QUICK APPROVAL FOR ALL CREDIT TYPES!,,
"2021 Toyota Corolla SE Sedan: SUNROOF, BLIND-SPOT, LOCAL",21666,"93,960",1,https://www.craigslist.org/view/d/surrey-lower-west-2021-toyota-corolla/oYWBHUu4xitGsjmnVVxAb3,excellent,gas,black,clean,automatic,sedan,4 cylinders,fwd,QUICK APPROVAL FOR ALL CREDIT TYPES!,,
"2020 Ford Explorer ST 4WD SUV: HEATED/VENTED LEATHER SEATS, LOCAL",28499,"123,950",1,https://www.craigslist.org/view/d/surrey-lower-west-2020-ford-explorer-st/56G9XnFJWq1SEZz3edAPVc,excellent,gas,white,clean,automatic,SUV,6 cylinders,4wd,QUICK APPROVAL FOR ALL CREDIT TYPES!,,
"2022 Ram 3500 Laramie 4x4 Crew Cab 6'4"" Box: NO ACCIDENTS, LOW KMS",67999,"67,395",1,https://www.craigslist.org/view/d/surrey-lower-west-2022-ram-3500-laramie/fbarMmrnYLFeSSUQURtbMJ,excellent,gas,grey,clean,automatic,pickup,6 cylinders,4wd,QUICK APPROVAL FOR ALL CREDIT TYPES!,,
"2018 Dodge Challenger SRT 392 RWD Coupe: LOCAL, LOW KMS!",49499,"60,735",1,https://www.craigslist.org/view/d/surrey-lower-west-2018-dodge-challenger/5243w58ZneukX8b5c2Yg6r,excellent,gas,white,clean,automatic,coupe,8 cylinders,rwd,QUICK APPROVAL FOR ALL CREDIT TYPES!,,
"2026 Jeep Cherokee  Limited 4x4 SUV: LOW LOW KMS, CLEAN CARFAX",41777,"5,448",1,https://www.craigslist.org/view/d/surrey-lower-west-2026-jeep-cherokee/7EgknnjdFaTd1ksQMbZu6m,excellent,hybrid,white,clean,automatic,SUV,4 cylinders,4wd,QUICK APPROVAL FOR ALL CREDIT TYPES!,,
"2023 Honda HR-V EX-L Navi AWD SUV: 19K KMS ONLY, NO ACCIDENTS",31999,"19,549",1,https://www.craigslist.org/view/d/surrey-lower-west-2023-honda-hr-ex-navi/ong9tJjcpAcAfdjo8JGMUC,excellent,gas,grey,clean,automatic,SUV,4 cylinders,4wd,QUICK APPROVAL FOR ALL CREDIT TYPES!,,
"2024 Ford F-150 STX 4WD SuperCrew 5.5' Box Pickup: CARPLAY, LOW KMS",42999,"57,015",1,https://www.craigslist.org/view/d/surrey-lower-west-2024-ford-150-stx-4wd/26QbqAxxNzV7SHmR177dep,excellent,gas,black,clean,automatic,pickup,6 cylinders,4wd,QUICK APPROVAL FOR ALL CREDIT TYPES!,,
2020 Toyota RAV4 LE AWD SUV • LOCAL • LOW KMS,27999,"68,285",1,https://www.craigslist.org/view/d/surrey-lower-west-2020-toyota-rav4-le/2iTJHFnyQPcVJ4S4k26pQ4,excellent,gas,white,clean,automatic,SUV,4 cylinders,4wd,SURREY | Financing Avail for ALL Credit Types!,,
"2024 Ford Escape ST-Line AWD SUV: LOW LOW KMS, NO ACCIDENTS!",24999,"29,160",1,https://www.craigslist.org/view/d/surrey-lower-west-2024-ford-escape-st/g5QX9z1DSM2VzFUi3hyUYn,excellent,gas,grey,clean,automatic,SUV,4 cylinders,4wd,QUICK APPROVAL FOR ALL CREDIT TYPES!,,
"2022 GMC Sierra 1500 Elevation 4WD Crew Cab 147"": CLEAN, LOCAL",37999,"97,840",1,https://www.craigslist.org/view/d/surrey-lower-west-2022-gmc-sierra-1500/8NxUc9LGRPohRMWaFeSW7k,excellent,gas,white,clean,automatic,pickup,4 cylinders,4wd,QUICK APPROVAL FOR ALL CREDIT TYPES!,,
"2022 Tesla Model Y Long Range AWD SUV: NAVI, CLEAN CARFAX!",42888,"71,426",1,https://www.craigslist.org/view/d/surrey-lower-west-2022-tesla-model-long/jqtZBngBxFJCKJc4VK2Nu9,excellent,electric,blue,clean,automatic,SUV,,4wd,QUICK APPROVAL FOR ALL CREDIT TYPES!,,
"2022 Tesla Model 3 AWD Sedan: LEATHER/HEATED SEATS, LOW KMS!",35799,"72,142",1,https://www.craigslist.org/view/d/surrey-lower-west-2022-tesla-model-awd/3NKAJSXDsTVJA3pRpfZVEP,excellent,electric,white,clean,automatic,sedan,,4wd,QUICK APPROVAL FOR ALL CREDIT TYPES!,,
"2022 Ram 1500 Sport 4x4 Crew Cab 5'7"" Box: LOCAL •  NO ACCIDENTS",42699,"78,345",1,https://www.craigslist.org/view/d/surrey-lower-west-2022-ram-1500-sport/gYCofYs3ndM9QrdqxBYx8w,excellent,gas,white,clean,automatic,pickup,8 cylinders,4wd,QUICK APPROVAL FOR ALL CREDIT TYPES!,,
"2019 Jeep Compass Altitude 4WD SUV: NAVIGATION, BACK-UP CAMERA",19888,"51,860",1,https://www.craigslist.org/view/d/surrey-lower-west-2019-jeep-compass/cxy2KuvfQWchZfugC5mdaM,excellent,gas,blue,clean,automatic,SUV,4 cylinders,4wd,QUICK APPROVAL FOR ALL CREDIT TYPES!,,
"2022 Jeep Grand Cherokee 4xe Overland 4x4 SUV: LOW KMS, CLEAN CARFAX",-1,"79,815",1,https://www.craigslist.org/view/d/surrey-lower-west-2022-jeep-grand/8Ry7WXKKHFCSG2ehyrpYb2,excellent,hybrid,black,clean,automatic,SUV,4 cylinders,4wd,QUICK APPROVAL FOR ALL CREDIT TYPES!,,
"2019 Porsche Cayenne AWD SUV: LOCAL, LOW KMS, MINT!",43499,"71,615",1,https://www.craigslist.org/view/d/surrey-lower-west-2019-porsche-cayenne/v1REicVtQ2H4UvMrgc7ywk,excellent,gas,black,clean,automatic,SUV,6 cylinders,4wd,QUICK APPROVAL FOR ALL CREDIT TYPES!,,
"2022 Jeep Grand Wagoneer Series III 4x4 SUV: 1-OWNER, LOCAL",59799,"74,586",1,https://www.craigslist.org/view/d/surrey-lower-west-2022-jeep-grand/npwMTHrMwMTyNCdAFrVSJB,excellent,gas,black,clean,automatic,SUV,8 cylinders,4wd,QUICK APPROVAL FOR ALL CREDIT TYPES!,,
"2023 Jeep Grand Cherokee Overland 4x4 SUV: LOCAL, NAPPA LEATHER",-1,"82,476",1,https://www.craigslist.org/view/d/surrey-lower-west-2023-jeep-grand/97CfrLyg5TtxHzhXL8uufW,excellent,gas,black,clean,automatic,SUV,6 cylinders,4wd,QUICK APPROVAL FOR ALL CREDIT TYPES!,,
"2026 Ram 1500 Tungsten 4x4 Crew Cab 5'7"" Box: 1-OWNER, 20K KMS ONLY!",91799,"20,004",1,https://www.craigslist.org/view/d/surrey-lower-west-2026-ram-1500/741EdHbWbGNqE5ewC4FRmX,excellent,gas,black,clean,automatic,pickup,6 cylinders,4wd,QUICK APPROVAL FOR ALL CREDIT TYPES!,,
"2010 Honda Insight***Hybrid***43,000 Kilometers***No Accidents***",13950,"43,000",1,https://www.craigslist.org/view/d/surrey-inner-northwest-2010-honda/7dk9w2iMnzhitY3RiGnpna,like new,hybrid,,clean,automatic,,4 cylinders,,Surrey,,
2020 Honda Pilot EX-L w/NAV | Excellent Condition,35991,"103,000",1,https://www.craigslist.org/view/d/surrey-2020-honda-pilot-ex-w-nav/ioib1Db66QYda3DsbceSRR,excellent,gas,,clean,automatic,SUV,,4wd,delta/surrey/langley,,
2023 Ford F-150 XLT - 302a Package - Long Box | Excellent Condition,49991,"42,000",1,https://www.craigslist.org/view/d/surrey-2023-ford-150-xlt-302a-package/3VKLgpE81xbuhwtJiDGmHT,excellent,gas,,clean,automatic,pickup,,4wd,delta/surrey/langley,,
2017 Mercedes Benz CLA 250 4MATIC | Fully Loaded | Custom Exhaust,17888,"120,793",1,https://www.craigslist.org/view/d/langley-city-2017-mercedes-benz-cla-250/7mtkA83WrFfSSgntSpdY3P,,gas,,clean,automatic,sedan,,,ALL CREDIT TYPES APPROVED!💠$0 DOWN AVAILABLE!,,
"2026 Sienna Limited AWD 7-Pass,Platinum Please Call JOHN 7788783807",75321,50,1,https://www.craigslist.org/view/d/surrey-north-2026-sienna-limited-awd/ebkdMRKTpXiAmprxuW3mmU,excellent,hybrid,blue,clean,automatic,sedan,4 cylinders,4wd,Surrey,5TDGSKFC7TS277512,
2017 Lexus RX350 AWD Luxury Package | Accident Free | Locally Owned,34500,"80,804",1,https://www.craigslist.org/view/d/langley-2017-lexus-rx350-awd-luxury/gtzqLwDTu8TEjL2yPQ54bu,,gas,,clean,automatic,,6 cylinders,4wd,Call or Text Austin @DealerShift,2T2BZMCA1HC115522,
2022 Kia Sorento SX AWD | One Owner | Excellent Condition,35991,"53,461",1,https://www.craigslist.org/view/d/surrey-2022-kia-sorento-sx-awd-one/jPbDLqQT9s9PuFewn7WwnL,excellent,gas,,clean,automatic,SUV,,4wd,delta/surrey/langley,,
2022 Audi A5 Progressive S-Line Quattro | No Accidents,35991,"70,000",1,https://www.craigslist.org/view/d/surrey-2022-audi-a5-progressive-line/g9LL3JMUCkDrC64HwJRuPX,excellent,gas,,clean,automatic,coupe,4 cylinders,4wd,delta/surrey/langley,,
2022 Hyundai Sonata Sport Sedan • LOCAL • MINT CONDITION,19997,"108,200",1,https://www.craigslist.org/view/d/abbotsford-southwest-2022-hyundai/hcjZG2FfcAQvRFKRFafuHe,excellent,gas,grey,clean,automatic,sedan,4 cylinders,fwd,From $77+ /Weekly OAC💠NO DOWN REQUIRED!,,
2024 Dodge Hornet R/T Plus PHEV SUV • NO ACCIDENTS • LOW KMS,27997,"35,156",1,https://www.craigslist.org/view/d/abbotsford-southwest-2024-dodge-hornet/fVsyejT6R2VF8YEPHfU6Me,excellent,hybrid,black,clean,automatic,SUV,4 cylinders,4wd,From $97+ /Weekly OAC💠NO DOWN REQUIRED!,,
2012 Mercedes-Benz C63 AMG,29888,"120,345",1,https://www.craigslist.org/view/d/langley-city-2012-mercedes-benz-c63-amg/i4L5f8LLpkYAzdF44pEgfs,,diesel,,clean,automatic,coupe,,,ALL CREDIT TYPES APPROVED!💠$0 DOWN AVAILABLE!,,
2025 Chrysler Grand Caravan SXT Minivan • NO ACCIDENTS • 1-OWNER,36998,"63,425",1,https://www.craigslist.org/view/d/abbotsford-southwest-2025-chrysler/rHtCQbkkdRMRL1RmUfMYxC,excellent,gas,black,clean,automatic,minivan,6 cylinders,fwd,From $128+ /Weekly OAC💠NO DOWN REQUIRED!,,
2026 Ram 3500 Laramie 4x4 Crew Cab 8' Box • LOCAL • NO ACCIDENTS,97498,"24,393",1,https://www.craigslist.org/view/d/abbotsford-southwest-2026-ram-3500/nvrsstnKy7r7x5XrohBWNv,excellent,diesel,red,clean,automatic,pickup,6 cylinders,4wd,From $337+ /Weekly OAC💠NO DOWN REQUIRED!,,
"2025 Ford Mustang EcoBoost Convertible: LOCAL, LOW KMS",38998,"24,695",1,https://www.craigslist.org/view/d/abbotsford-southwest-2025-ford-mustang/iucdV1HtDbF8eEnERmc6SD,excellent,gas,grey,clean,automatic,convertible,4 cylinders,rwd,From $135+/ Weekly OAC💠NO DOWN REQUIRED!,,
"2026 Jeep Wrangler Rubicon 4×4 SUV: NO ACCIDENTS, WARRANTY!",57990,"32,045",1,https://www.craigslist.org/view/d/abbotsford-southwest-2026-jeep-wrangler/aQ996eQQFcVhA2pBwBtEVZ,excellent,gas,white,clean,automatic,SUV,4 cylinders,4wd,From $200+/ Weekly OAC💠NO DOWN REQUIRED!,,
2024 Jeep Wrangler 4xe Sport S 4×4 SUV: LOW 16K KMS ONLY!,46998,"16,579",1,https://www.craigslist.org/view/d/abbotsford-southwest-2024-jeep-wrangler/rh23HBimB2SnVyNy4bpUBV,excellent,hybrid,blue,clean,automatic,SUV,4 cylinders,4wd,From $162+/ Weekly OAC💠NO DOWN REQUIRED!,,
"2023 Ram 1500 Classic Express 4x4 Crew Cab 5'7"" Box: ACCIDENT-FREE",35998,"127,458",1,https://www.craigslist.org/view/d/abbotsford-southwest-2023-ram-1500/x6BdZVVuy35pdrd5sAvmmX,excellent,gas,red,clean,automatic,pickup,8 cylinders,4wd,From $124+ /Weekly OAC💠NO DOWN REQUIRED!,,
2025 Audi A3 Progressiv Sedan • 25k km • No Accidents • Clean Carfax,35998,"24,950",1,https://www.craigslist.org/view/d/abbotsford-southwest-2025-audi-a3/qWLZ2YzX5o3EdQcZMDiybT,excellent,gas,white,clean,automatic,sedan,4 cylinders,4wd,From $124+ Weekly OAC💠NO DOWN REQUIRED!,,
2022 Volkswagen Golf GTI Hatchback • Low km • Accident-Free,29995,"65,000",1,https://www.craigslist.org/view/d/abbotsford-southwest-2022-volkswagen/hwAWF5VKNypAx6TfkCpHQF,excellent,gas,grey,clean,manual,hatchback,4 cylinders,fwd,From $115+ /Weekly OAC💠NO DOWN REQUIRED!,,
2012 Isuzu NPR HD (26-077),16800,"370,000",1,https://www.craigslist.org/view/d/surrey-2012-isuzu-npr-hd/1aSrwBr1azEcrtjZr1FRq9,,diesel,,clean,automatic,truck,,,Surrey,,
2018 Freightliner M2 (26-084),34500,"211,700",1,https://www.craigslist.org/view/d/surrey-2018-freightliner/ci1MTp3wf97vz9uWTXa4qx,,diesel,,clean,automatic,truck,,,Surrey,,
2013 HINO 338 (26-085),28800,"320,000",1,https://www.craigslist.org/view/d/surrey-2013-hino/6ES7XQZBBHYg6q3XtjYxeT,,diesel,,clean,automatic,,,,Surrey,,
2020 Hino Model 155 (26-063),34500,"156,500",1,https://www.craigslist.org/view/d/surrey-2020-hino-model/7vxJLw6KuhXM99iwGmQ5Ed,excellent,diesel,,clean,automatic,,4 cylinders,rwd,Surrey,,
2022 Toyota RAV4 XLE Premium AWD ON SALE! Please Call John 7788783807,32995,"74,500",1,https://www.craigslist.org/view/d/surrey-north-2022-toyota-rav4-xle/dapHXx53aQAwCzW7C6wMY2,excellent,gas,grey,clean,automatic,SUV,4 cylinders,4wd,Surrey,2T3R1RFV6NC281530,
"2023 Nissan Sentra SR Sedan: LEATHER SEATS, LOW 39K KMS!",20597,"39,740",1,https://www.craigslist.org/view/d/surrey-east-2023-nissan-sentra-sr-sedan/4GBgg3KZRM2vxosAHHhU5L,excellent,gas,orange,clean,automatic,sedan,4 cylinders,fwd,LANGLEY | $182+ Bi-Weekly Financing OAC,,
"2020 Chrysler Pacifica L MInivan: LOCAL, CLEAN TITLE",17387,"146,498",1,https://www.craigslist.org/view/d/surrey-east-2020-chrysler-pacifica/2rxH8LRHCyKKZdhK3wHaDY,excellent,gas,silver,clean,automatic,minivan,6 cylinders,fwd,LANGLEY | $168+ Bi-Weekly Financing OAC,,
2025 Jeep Wrangler Willy's 4x4 | $15K in Options | Loaded | Like New,46500,"5,128",1,https://www.craigslist.org/view/d/langley-2025-jeep-wrangler-willys-4x4/q9nrYtNf5iNRfAKLz2WS5H,like new,gas,black,clean,automatic,SUV,4 cylinders,4wd,Call or Text Austin @DealerShift,1C4PJXANXSW505252,
2006 TOYOTA HIACE CAMPER VAN,22600,"96,000",1,https://www.craigslist.org/view/d/langley-2006-toyota-hiace-camper-van/7nM8Mo6GvdrRT2tRQnxwmk,excellent,gas,white,clean,automatic,van,4 cylinders,rwd,delta/surrey/langley,,
2004 DAIHATSU HIJET 4WD BUCKET KEI TRUCK,14500,"49,000",1,https://www.craigslist.org/view/d/langley-2004-daihatsu-hijet-4wd-bucket/2THTyGdgfbF2GUAN6jKF6S,excellent,gas,white,clean,manual,truck,3 cylinders,4wd,delta/surrey/langley,,
2004 MITSUBISHI MINICAB 4WD FIRE PUMP KEI TRUCK,13000,"2,600",1,https://www.craigslist.org/view/d/langley-2004-mitsubishi-minicab-4wd/4Ye4AAgeE1fA9pUwoSwkVq,excellent,gas,red,clean,manual,truck,3 cylinders,4wd,LANGLEY,,
"2026 Ford Explorer ST-Line 4WD SUV: NO ACCIDENTS, LOW LOW KMS",51899,"11,221",1,https://www.craigslist.org/view/d/surrey-east-2026-ford-explorer-st-line/1BzGHU1xULAUBT429k2CBT,excellent,gas,black,clean,automatic,SUV,4 cylinders,4wd,FINANCE: $338 B/W+Tax *OAC!,,
"2024 Ford F-350 Lariat 4x4 Crew Cab Pickup: BC TRUCK, 1-OWNER",89199,"37,697",1,https://www.craigslist.org/view/d/surrey-east-2024-ford-350-lariat-4x4/meZePwAoRqNNDq6KSLrKBy,excellent,diesel,grey,clean,automatic,pickup,8 cylinders,4wd,FINANCE: $640 B/W+Tax *OAC!,,
"2022 Hyundai Kona Electric Preferred FWD SUV: LOCAL, CLEAN TITLE",23999,"94,742",1,https://www.craigslist.org/view/d/surrey-east-2022-hyundai-kona-electric/spfRHuMsfdw5BhxCVnjTvW,excellent,electric,white,clean,automatic,SUV,,fwd,FINANCE: $224 B/W+Tax *OAC!,,
"2022 Ford Escape Titanium Plug-In Hybrid FWD SUV: LOCAL, 1-OWNER",27899,"61,713",1,https://www.craigslist.org/view/d/surrey-east-2022-ford-escape-titanium/o1o8bgD9HfcY3P23mdfARE,excellent,hybrid,black,clean,automatic,SUV,4 cylinders,fwd,FINANCE: $260 B/W+Tax *OAC!,,
"2024 Ford Bronco Sport Big Bend 4WD SUV: TRAILER TOW, NO ACCIDENTS",29299,"40,947",1,https://www.craigslist.org/view/d/surrey-east-2024-ford-bronco-sport-big/geSGZZ7nxZ1Mgcc21eXTsq,excellent,gas,white,clean,automatic,SUV,3 cylinders,4wd,FINANCE: $210 B/W+Tax *OAC!,,
"2024 Ford F-150 XL SuperCrew 4x4 Pickup: 6.5-FOOT BOX, NO ACCIDENTS",39999,"76,525",1,https://www.craigslist.org/view/d/surrey-east-2024-ford-150-xl-supercrew/fiUXmvPQRqnpCrqydxf9iN,excellent,gas,grey,clean,automatic,pickup,8 cylinders,4wd,FINANCE: $287 B/W+Tax *OAC!,,
2023 Mazda CX-5 Sport Designe  AWD 2.5 Turbo Tech PAKG Only 61K Kms,25850,"61,000",1,https://www.craigslist.org/view/d/surrey-2023-mazda-cx-sport-designe-awd/bh2aGnMVDrFod9BriLgeAo,excellent,gas,black,rebuilt,automatic,SUV,4 cylinders,4wd,surrey,,
Mint 1984 Mercedes-Benz 380 SE One Owner!,23888,"161,573",1,https://www.craigslist.org/view/d/surrey-south-mint-1984-mercedes-benz/oCNpyxRwpWgzFDehXjFwuS,like new,gas,,clean,automatic,,8 cylinders,rwd,South Surrey/White Rock,,
"2025 Ford Maverick XLT AWD Pickup: LOCAL, NO ACCIDENTS",38399,"39,235",1,https://www.craigslist.org/view/d/surrey-east-2025-ford-maverick-xlt-awd/hBB32xkQwQ1Einsbj4YvPz,excellent,gas,grey,clean,automatic,pickup,4 cylinders,4wd,FINANCE: $276 B/W+Tax *OAC!,,
"2023 Ford Mustang Mach-E Premium AWD SUV: NO ACCIDENTS, LOW KMS",36599,"64,971",1,https://www.craigslist.org/view/d/surrey-east-2023-ford-mustang-mach/6cyUYu93vMRJhYnj4Xuz5P,excellent,electric,blue,clean,automatic,SUV,,4wd,FINANCE: $295 B/W+Tax *OAC!,,
"2023 Ford Bronco Sport Big Bend 4x4 SUV: NAVIGATION, NO ACCIDENTS",28999,"45,804",1,https://www.craigslist.org/view/d/surrey-east-2023-ford-bronco-sport-big/2cm7bZAaHNsjGvxbV8tLhM,excellent,gas,grey,clean,automatic,SUV,3 cylinders,4wd,FINANCE: $208 B/W+Tax *OAC!,,
"2020 Volkswagen Passat Comfortline Sedan: BACKUP CAMERA, LOCAL",15399,"89,192",1,https://www.craigslist.org/view/d/surrey-east-2020-volkswagen-passat/7x4z8wFSRmsG26JdTuK6x2,excellent,gas,blue,clean,automatic,sedan,4 cylinders,fwd,NO/BAD/NEW CREDIT: ALL WELCOME!,,
2024 Ford Bronco Sport Big Bend 4x4 SUV • BC UNIT • LOW 15K KMS!,28999,"15,865",1,https://www.craigslist.org/view/d/surrey-east-2024-ford-bronco-sport-big/i2qZyL4npmzHS52EnMawum,excellent,gas,black,clean,automatic,SUV,3 cylinders,4wd,NO/BAD/NEW CREDIT: ALL WELCOME!,,
2021 Tesla Model 3 Standard Range Plus Sedan •  NO ACCIDENTS • LOW KMS,28899,"69,892",1,https://www.craigslist.org/view/d/surrey-east-2021-tesla-model-standard/r2wFhjzWbZT99VHq3H5JcF,excellent,electric,white,clean,automatic,sedan,,rwd,FINANCE: $270 B/W+Tax *OAC!,,
2022 Tesla Model 3 Long Range Sedan • NO ACCIDENTS • HEATED SEATS,35699,"83,432",1,https://www.craigslist.org/view/d/surrey-east-2022-tesla-model-long-range/aEbReMVd8EW6eptPPy1xzv,excellent,electric,white,clean,automatic,sedan,,4wd,NO/BAD/NEW CREDIT: ALL WELCOME!,,
"2022 Ford Explorer Limited Max 4WD SUV: LOW KMS, CLEAN CARFAX",37899,"58,000",1,https://www.craigslist.org/view/d/surrey-east-2022-ford-explorer-limited/9RzjZvNmCuSpQ3Qb8uDe4g,excellent,gas,black,clean,automatic,SUV,6 cylinders,4wd,FINANCE: $354 B/W+Tax *OAC!,,
"2022 Ford Maverick LARIAT Pickup: 56K KMS, CLEAN CARFAX",33499,"56,000",1,https://www.craigslist.org/view/d/surrey-east-2022-ford-maverick-lariat/bcBGubevAnKYaZMHdQHjk6,excellent,gas,black,clean,automatic,pickup,4 cylinders,4wd,FINANCE: $313 B/W+Tax *OAC!,,
"2022 Ford Escape SE AWD SUV: LOW KMS, NO ACCIDENTS",21899,"51,226",1,https://www.craigslist.org/view/d/surrey-east-2022-ford-escape-se-awd-suv/5YhHd9yNS2WMk5YrhuTcFy,excellent,gas,white,clean,automatic,SUV,4 cylinders,4wd,FINANCE: $205 B/W+Tax *OAC!,,
"2026 Mitsubishi Outlander PHEV SUV: ONLY 5,900 KMS, CLEAN CARFAX",57699,"5,982",1,https://www.craigslist.org/view/d/surrey-east-2026-mitsubishi-outlander/vN1D7UBWjprsuRxy6sS7wv,excellent,hybrid,black,clean,automatic,SUV,4 cylinders,4wd,FINANCE: $376 B/W+Tax *OAC!,,
2024 Ford F‑150 XL SuperCrew Pickup • BC TRUCK • NO ACCIDENTS,42499,"73,107",1,https://www.craigslist.org/view/d/surrey-east-2024-ford-f150-xl-supercrew/gn9a7Ma7dpY9CEVjNArGqZ,excellent,gas,white,clean,automatic,pickup,8 cylinders,4wd,FINANCE: $305 B/W+Tax *OAC!,,
2025 Ford Bronco Sport Outer Banks SUV • LOW LOW KMS • TECH PACKAGE,35999,"15,865",1,https://www.craigslist.org/view/d/surrey-east-2025-ford-bronco-sport/bW1p2Q3dTX6LB7euo9pVBw,excellent,gas,grey,clean,automatic,SUV,3 cylinders,4wd,FINANCE: $259 B/W+Tax *OAC!,,
"2025 Kia Sorento EX AWD SUV: 3RD ROW SEATS, NO ACCIDENTS",39999,"19,652",1,https://www.craigslist.org/view/d/surrey-east-2025-kia-sorento-ex-awd-suv/nodiYnduLMJH36EP2PGrdv,excellent,gas,black,clean,automatic,SUV,4 cylinders,4wd,FINANCE: $287 B/W+Tax *OAC!,,
2023 Ford F-150 Lightning LARIAT 4WD SuperCrew Pickup • NO ACCIDENTS,58199,"113,456",1,https://www.craigslist.org/view/d/surrey-east-2023-ford-150-lightning/88ZJvHBa4JGEE6n5MuzBeY,excellent,electric,grey,clean,automatic,pickup,,4wd,FINANCE: $470 B/W+Tax *OAC!,,
2019 Hyundai Santa Fe XL AWD Luxury SUV • NO ACCIDENTS • 6-SEATER!,22199,"44,824",1,https://www.craigslist.org/view/d/surrey-east-2019-hyundai-santa-fe-xl/sMZKQW33kkiPtboH8DgyJT,excellent,gas,grey,clean,automatic,SUV,6 cylinders,4wd,FINANCE: $207 B/W+Tax *OAC!,,
"2024 Honda CR-V Sport AWD SUV: 1-OWNER, LOW KMS, LOCAL!",34199,"47,591",1,https://www.craigslist.org/view/d/surrey-east-2024-honda-cr-sport-awd-suv/jTWMyJ8qUAYCSE2dByP1Zj,excellent,gas,grey,clean,automatic,SUV,4 cylinders,4wd,FINANCE: $245 B/W+Tax *OAC!,,
2026 Kia Sportage X-Line Limited SUV • NO ACCIDENTS • COOLED SEATS,43199,"11,048",1,https://www.craigslist.org/view/d/surrey-east-2026-kia-sportage-line/sFvLU1H7MXexVLh7N7DXAT,excellent,gas,green,clean,automatic,SUV,4 cylinders,4wd,FINANCE: $281 B/W+Tax *OAC!,,
"2023 Ford Bronco Sport Outer Banks 4WD SUV: 55K KMS, ACCIDENT-FREE!",28399,"55,277",1,https://www.craigslist.org/view/d/surrey-east-2023-ford-bronco-sport/ecriJ8p85r37xnbEXzBGyZ,excellent,gas,green,clean,automatic,SUV,3 cylinders,4wd,NO/BAD/NEW CREDIT: ALL WELCOME!,,
2011 Mercedes-Benz E63 Wagon (WINDING ROAD MOTORCARS),59900,"66,000",1,https://www.craigslist.org/view/d/langley-city-2011-mercedes-benz-e63/qpeJktZkLaRX3ja3YZrA1N,excellent,gas,silver,clean,automatic,wagon,8 cylinders,rwd,Langley,,
2012 McLaren MP4-12C (WINDING ROAD MOTORCARS),174900,"25,000",1,https://www.craigslist.org/view/d/langley-city-2012-mclaren-mp4-12c/gMiQvwpFw2SgjhQtqrgqAj,excellent,gas,blue,clean,automatic,coupe,8 cylinders,rwd,Langley,SBM11AAA9CW001591,
2005 Porsche 911 996 GT3 ROW (WINDING ROAD MOTORCARS),219900,"15,000",1,https://www.craigslist.org/view/d/langley-city-2005-porsche-gt3-row/rkPysiXzh8fPuF94gfif5P,excellent,gas,black,clean,manual,coupe,6 cylinders,rwd,Langley,WP0ZZZ99Z5S690109,
2003 Ferrari 575M FHP (WINDING ROAD MOTORCARS),169900,"53,000",1,https://www.craigslist.org/view/d/langley-city-2003-ferrari-575m-fhp/cpQHWzEBp5J5tfhQBY8KKb,good,gas,grey,clean,automatic,coupe,12 cylinders,rwd,Langley,ZFFBT55B000133913,
2016 Chevrolet Corvette Z06 Z07(WINDING ROAD MOTORCARS),129900,"1,350",1,https://www.craigslist.org/view/d/langley-city-2016-chevrolet-corvette/eiKt6o2uKPNS4hRWUgpE4L,like new,gas,white,clean,automatic,convertible,8 cylinders,rwd,Langley,1G1YU3D62G560XXXX,
2024 Ferrari 296 GTB (WINDING ROAD MOTORCARS),429900,700,1,https://www.craigslist.org/view/d/langley-city-2024-ferrari-296-gtb/fHchpfP1PsxGwYfyMDp8Aq,like new,hybrid,red,clean,automatic,coupe,6 cylinders,rwd,Langley,ZFF99SLA3R0310574,
2018 Mercedes-Benz SLC43 (WINDING ROAD MOTORCARS),53900,"26,000",1,https://www.craigslist.org/view/d/langley-city-2018-mercedes-benz-slc43/tvd1uxSSsQaKkzif3iXB8E,excellent,gas,white,clean,automatic,sedan,6 cylinders,rwd,Langley,WDDPK6GAXJF153046,
2007 International Roll Back (26-104),48800,"210,000",1,https://www.craigslist.org/view/d/surrey-2007-international-roll-back/8pj5QGN5Pm4WfRwT4D2f3F,,diesel,,clean,automatic,truck,,,Surrey,,
"2021 Ram 1500 Classic Warlock Pickup: ALL-TERRAIN PKG, BC TRUCK",33999,"107,542",1,https://www.craigslist.org/view/d/surrey-east-2021-ram-1500-classic/wxevpAMf2yhTvADgPytUMP,excellent,gas,black,clean,automatic,pickup,6 cylinders,4wd,FINANCE: $317 B/W+Tax *OAC!,,
"2022 Honda CR-V Sport AWD SUV: LOCAL, LOW 36K KMS ONLY",34499,"35,760",1,https://www.craigslist.org/view/d/surrey-east-2022-honda-cr-sport-awd-suv/q29k5CUqBmJh6Wuf724yQj,excellent,gas,silver,clean,automatic,SUV,4 cylinders,4wd,FINANCE: $322 B/W+Tax *OAC!,,
"2023 Chevrolet Equinox RS AWD SUV: LOCAL, LEATHER SEATS",25199,"72,932",1,https://www.craigslist.org/view/d/surrey-east-2023-chevrolet-equinox-rs/gi4UeBbCN8NCHjgxs1aCfy,excellent,gas,white,clean,automatic,SUV,6 cylinders,4wd,FINANCE: $203 B/W+Tax *OAC!,,
"2022 Ford Bronco Big Bend 4WD SUV: NO ACCIDENTS, ONLY 40K KMS!",39199,"39,732",1,https://www.craigslist.org/view/d/surrey-east-2022-ford-bronco-big-bend/8BsBEYGNowUAS2UcELEgdP,excellent,gas,green,clean,automatic,SUV,,4wd,FINANCE: $369 B/W+Tax *OAC!,,
"2024 Kia Carnival LX Minivan: LOCAL, NO ACCIDENTS!",35999,"94,250",1,https://www.craigslist.org/view/d/surrey-east-2024-kia-carnival-lx/tBT1fCpsBKLz6Rz1DRFjDt,excellent,gas,white,clean,automatic,minivan,6 cylinders,fwd,NO/BAD/NEW CREDIT: ALL WELCOME!,,
"2024 Ford Bronco Badlands 4WD SUV: NO ACCIDENTS, LOW LOW KMS",62199,"16,580",1,https://www.craigslist.org/view/d/surrey-east-2024-ford-bronco-badlands/uti4u5389K9eGeNYJsE8XR,excellent,gas,silver,clean,automatic,SUV,6 cylinders,4wd,FINANCE: $449 B/W+Tax *OAC!,,
"2026 Honda CR-V Hybrid EX-L AWD SUV: LIKE NEW, ACCIDENT-FREE!",48699,"16,497",1,https://www.craigslist.org/view/d/surrey-east-2026-honda-cr-hybrid-ex-awd/7LoYobZ9xS4EBrKw4YdjUF,excellent,hybrid,blue,clean,automatic,SUV,4 cylinders,4wd,FINANCE: $317 B/W+Tax *OAC!,,
"2023 Lexus IS 300 Sedan: HEATED/VENTED SEATS, LOCAL, CLEAN TITLE",41499,"78,464",1,https://www.craigslist.org/view/d/surrey-east-2023-lexus-is-300-sedan/rc9CnHT6PeDVGV2VVrkGA5,excellent,gas,white,clean,automatic,sedan,6 cylinders,4wd,FINANCE: $335 B/W+Tax *OAC!,,
"2022 Audi SQ5 Progressiv AWD SUV: CLEAN CARFAX, LOW KMS",44399,"65,511",1,https://www.craigslist.org/view/d/surrey-east-2022-audi-sq5-progressiv/a7LfSrGo9xg9DMevPpf3sU,excellent,gas,grey,clean,automatic,SUV,6 cylinders,4wd,FINANCE: $415 B/W+Tax *OAC!,,
SOLD | 2024 Ford Bronco Black Diamond 4 Door 4x4 | 20K in mods |,54500,"20,623",1,https://www.craigslist.org/view/d/langley-sold-ford-bronco-black-diamond/gqF8cLHQSMsXQMVkK4EddL,,gas,,clean,automatic,SUV,4 cylinders,4wd,Call or Text Austin @DealerShift,1FMDE1BH8RLB06280,
2015 GMC Savana 2500 Extended - LOW KMS !,22900,"95,000",1,https://www.craigslist.org/view/d/surrey-2015-gmc-savana-2500-extended/qjq8dPwFAtNF6h6aMHk6ex,like new,gas,white,clean,automatic,van,8 cylinders,rwd,Surrey,,
2016 Dodge Ram 1500,18900,"199,000",1,https://www.craigslist.org/view/d/surrey-2016-dodge-ram-1500/tNAN9JbNUDJ6Qux1LoXijh,like new,gas,grey,clean,automatic,pickup,8 cylinders,4wd,Surrey,,
"2021 Toyota Tacoma TRD-Sport Double Cab | ONLY 17,000KM!! | No Acciden",51991,"17,000",1,https://www.craigslist.org/view/d/surrey-2021-toyota-tacoma-trd-sport/iYKWAU6bCVdsrCcZfqyrhu,excellent,gas,,clean,automatic,pickup,,4wd,delta/surrey/langley,,
2003 Toyota MR2,12900,"144,000",1,https://www.craigslist.org/view/d/surrey-2003-toyota-mr2/2aaX4muNpquuBiAEusEchh,like new,gas,black,clean,manual,convertible,4 cylinders,rwd,Surrey,,
2023 Hyundai Santa Fe Urban AWD 2.5T - 29704KM - No collisions,32991,"29,704",1,https://www.craigslist.org/view/d/surrey-south-2023-hyundai-santa-fe/nm2hM7tZLNvPefhUYsU8Tw,like new,gas,grey,clean,automatic,SUV,4 cylinders,4wd,Call Nathan 604 330 2043,,
2024 Ford Mustang Mach-E Premium AWD SUV: LOW LOW KMS,32899,"27,585",1,https://www.craigslist.org/view/d/surrey-east-2024-ford-mustang-mach/grA6KsZziyvMKvfnyyYnym,excellent,electric,,clean,automatic,SUV,,4wd,FINANCE: $237 B/W+Tax *OAC!,,
2022 Audi A5 Sportback Quattro AWD S-Line - No accidents,35700,"68,989",1,https://www.craigslist.org/view/d/surrey-south-2022-audi-a5-sportback/pzRskvWfZFG4Y4ja4AERi8,like new,gas,grey,clean,automatic,hatchback,4 cylinders,4wd,Call Nathan 604 330 2043,,
2023 Ford F-150 Lightning LARIAT 4WD SuperCrew: NO ACCIDENTS!,56999,"84,586",1,https://www.craigslist.org/view/d/surrey-east-2023-ford-150-lightning/8uwzRU6DZ4VucFuuFwL25Z,excellent,electric,black,clean,automatic,pickup,,4wd,FINANCE: $460 B/W+Tax *OAC!,,
2016 Mazda 3 GX - 42528KM - FULL SERVICE HISTORY,17991,"42,528",1,https://www.craigslist.org/view/d/surrey-south-2016-mazda-gx-km-full/h6tHCmvteyFKUTSwvRRCF9,like new,gas,blue,clean,automatic,sedan,4 cylinders,fwd,Call Nathan 604 330 2043,,
2021 Hyundai Elantra Preferred Tech,18991,"87,447",1,https://www.craigslist.org/view/d/surrey-south-2021-hyundai-elantra/tatJMUrTNtXWAZC5x2Sucn,like new,gas,grey,clean,automatic,sedan,4 cylinders,fwd,Call Nathan 604 330 2043,,
2025 Hyundai Venue Ultimate 10828KM - No accidents - 1 Owner,24991,"10,828",1,https://www.craigslist.org/view/d/surrey-south-2025-hyundai-venue/jWivedygb7uL8sEdQav125,like new,gas,blue,clean,automatic,SUV,4 cylinders,fwd,Call Nathan 604 330 2043,,
2021 Toyota Tacoma TRD Sport 4x4 - 17032KM - No accidents,51991,"17,032",1,https://www.craigslist.org/view/d/surrey-south-2021-toyota-tacoma-trd/utuBW1t9KvbJqvqViq1EYi,like new,gas,grey,clean,automatic,pickup,6 cylinders,4wd,Call Nathan 604 330 2043,,
2022 Acura MDX A-spec SH-AWD - No accidents,43599,"83,296",1,https://www.craigslist.org/view/d/surrey-south-2022-acura-mdx-spec-sh-awd/hW6ogv5PcdQriZ4riY8ac1,like new,gas,white,clean,automatic,SUV,6 cylinders,4wd,Call Nathan 778 900 9102,,
2024 Mazda CX-5 Sport Design Turbo AWD - 7875KM - No accidents,38500,"7,875",1,https://www.craigslist.org/view/d/surrey-south-2024-mazda-cx-sport-design/b9hD75pdLPj8JeMdraRkjw,like new,gas,red,clean,automatic,SUV,4 cylinders,4wd,Call Nathan 778 900 9102,,
2025 Hyundai Kona Preferred Trend AWD - 31138KM - No accidents,28991,"31,138",1,https://www.craigslist.org/view/d/surrey-south-2025-hyundai-kona/tU98UT3WdrB8uT1fUjFws3,like new,gas,grey,clean,automatic,SUV,4 cylinders,4wd,Call Nathan 604 330 2043,,
"2019 Ram 3500 Big Horn 4x4 Crew Cab 8"" Box",52500,"126,166",1,https://www.craigslist.org/view/d/langley-2019-ram-3500-big-horn-4x4-crew/imRMptJszgRLwMLKbiF3bM,,diesel,,clean,automatic,pickup,6 cylinders,4wd,Call or Text Austin @DealerShift,3C63R3HL8KG532895,
2020 HINO MODEL 338 CAB AND CHASSIS (26-108),48800,"235,000",1,https://www.craigslist.org/view/d/surrey-2020-hino-model-338-cab-and/dnkpJ9yGDfMxj1sihM2kmH,,diesel,,clean,automatic,,,,Surrey,,
"2016 MAZDA3 GX | ONLY 42,500KM!! | Excellent Condition",17991,"42,500",1,https://www.craigslist.org/view/d/surrey-2016-mazda3-gx-only-42500km/nJpJd97fgu1c9sbe4EcAR1,excellent,gas,,clean,automatic,,4 cylinders,fwd,delta/surrey/langley,,
2024 Ford F-150 Lightning XLT 4WD Dual Motor Standard Range,61500,"33,322",1,https://www.craigslist.org/view/d/langley-2024-ford-150-lightning-xlt-4wd/m18mPb9ajFC6w1TtjuCmVp,,electric,,clean,automatic,pickup,,4wd,Call or Text Austin @DealerShift,1FTVW3LK3RWG15252,
2023 Mitsubishi Eclipse Cross SE S-AWC SUV • Low KMs • NO ACCIDENTS,23998,"51,165",1,https://www.craigslist.org/view/d/abbotsford-southwest-2023-mitsubishi/rrV3bc94xFxWLkpsJez1Vj,excellent,gas,grey,clean,automatic,SUV,4 cylinders,4wd,From $83+ /Weekly OAC💠NO DOWN REQUIRED!,,
2022 BMW X5 xDrive45e M-Sport | Accident Free |,57500,"43,017",1,https://www.craigslist.org/view/d/langley-2022-bmw-x5-xdrive45e-sport/n8RKUK9zzd6KYmPy4PSm6c,,hybrid,,clean,automatic,SUV,6 cylinders,4wd,Call or Text Austin @DealerShift,5UXTA6C08N9L63642,
2023 Toyota 4Runner 4WD SR5 40th Anniversary | 1-Owner | Like New,58500,"32,295",1,https://www.craigslist.org/view/d/langley-2023-toyota-4runner-4wd-sr5/pQZiz6JTgLfAMCU8YDSvLW,excellent,gas,white,clean,automatic,SUV,6 cylinders,4wd,Call or Text Austin @DealerShift,JTEUU5JR3P6125562,
2021 Tesla Model 3 Standard Range Plus RWD,28888,"85,900",1,https://www.craigslist.org/view/d/surrey-outer-northwest-2021-tesla-model/swHDQaYMDFuvy21FXYm9Mh,excellent,other,white,clean,automatic,sedan,,rwd,Surrey,5YJ3E1EA5MF867956,
2023 Mazda3 GT Hatchback | No Accidents | Excellent Condition,28991,"35,800",1,https://www.craigslist.org/view/d/surrey-2023-mazda3-gt-hatchback-no/822zk5NaYxPZv4t7PcYAsk,excellent,gas,,clean,automatic,hatchback,4 cylinders,fwd,delta/surrey/langley,,
2016 Ford Transit T-250 Clean Title 4 Years Full Warranty,14800,"300,550",1,https://www.craigslist.org/view/d/surrey-outer-northwest-2016-ford/s9yg3rR535tUdgchhsRb9v,excellent,gas,grey,clean,automatic,van,6 cylinders,rwd,Surrey,1FTYR1ZM7GKB43109,
2014 Chevrolet Express Cargo Van Work Van,12800,"181,156",1,https://www.craigslist.org/view/d/surrey-outer-northwest-2014-chevrolet/3L8fY8mEc9Xgum8rzarbu8,excellent,gas,white,rebuilt,automatic,minivan,8 cylinders,rwd,Surrey,1GCWGFBA9E1181017,
2016 GMC Savana RWD 2500,14800,"239,000",1,https://www.craigslist.org/view/d/surrey-outer-northwest-2016-gmc-savana/tvmqeW2Ltd6ozn1DoyZTFu,excellent,gas,white,clean,automatic,minivan,8 cylinders,rwd,Surrey,1GTW7AFF8G1163653,
2022 Hyundai Kona Electric Preferred | No Accidents,28991,"67,245",1,https://www.craigslist.org/view/d/surrey-2022-hyundai-kona-electric/41U4fXSHH2LdBf7hj2meju,excellent,electric,,clean,automatic,SUV,,fwd,delta/surrey/langley,,
2016 Toyota Prius C 5dr HB Technology,12800,"159,050",1,https://www.craigslist.org/view/d/surrey-outer-northwest-2016-toyota/vXkukTxHiWqKiugbMSZ68e,excellent,hybrid,black,clean,automatic,hatchback,4 cylinders,fwd,Surrey,JTDKDTB32G1138780,
2014 Nissan NV200 I4 S,13800,"155,284",1,https://www.craigslist.org/view/d/surrey-outer-northwest-2014-nissan/dYd1498soAtuGdTHAD74D6,excellent,gas,white,clean,automatic,van,4 cylinders,fwd,Surrey,3N6CM0KN0EK697161,
2005 Dodge Ram 3500 3500,13800,"169,200",1,https://www.craigslist.org/view/d/surrey-outer-northwest-2005-dodge-ram/mfJYdzfR1ibrjHoMX5XJVx,excellent,diesel,black,rebuilt,automatic,truck,8 cylinders,,Surrey,,
"2019 Ram 1500 Classic ST 4x4 Quad Cab 74"" Box",15999,"133,153",1,https://www.craigslist.org/view/d/surrey-outer-northwest-2019-ram-1500/oCNsUvfLEEF16eUtxzTzrs,,gas,grey,rebuilt,automatic,pickup,6 cylinders,,Surrey,1C6RR7FG5KS661743,
SOLD | 2024 Toyota Rav4 Prime XSE AWD | 1-Owner | Accident Free,53500,"15,805",1,https://www.craigslist.org/view/d/langley-sold-toyota-rav4-prime-xse-awd/3VAjpqUMrwcH12u1QxAR3m,excellent,hybrid,black,clean,automatic,SUV,4 cylinders,4wd,Call or Text Austin @DealerShift,JTMGB3FV4RD205095,
"2017 Chevrolet Express Cargo RWD 2500 135""",15800,"211,000",1,https://www.craigslist.org/view/d/surrey-outer-northwest-2017-chevrolet/4ZdkyDwAQNQDKCcT8qp5cr,,gas,white,clean,automatic,minivan,8 cylinders,rwd,Surrey,1GCWGAFF6H1141006,
2022 Hyundai Kona Electric Preferred -  No accidents,28991,"67,245",1,https://www.craigslist.org/view/d/surrey-south-2022-hyundai-kona-electric/77FEYs1YtXAzgFBE7FUB4j,like new,electric,blue,clean,automatic,SUV,,fwd,Call Nathan 604 330 2043,,
2019 Toyota Tundra Double Cab 4x4 Limited | Accident Free | Low Kms,51500,"72,051",1,https://www.craigslist.org/view/d/langley-2019-toyota-tundra-double-cab/v16jPoSNSHDHDSpdcBhkRe,,gas,,clean,automatic,pickup,8 cylinders,4wd,Call or Text Austin @DealerShift,5TFBY5F12KX782892,
2017 Toyota Sequoia 4WD SR5 | Accident Free | Bonus Winter Tires,43000,"141,010",1,https://www.craigslist.org/view/d/langley-2017-toyota-sequoia-4wd-sr5/o3YeJjU3uyGtpQa27MDLDi,,gas,,clean,automatic,SUV,8 cylinders,4wd,Call or Text Austin @DealerShift,5TDBY5G12HS151136,
2024 Ford F-150 XLT EcoBoost V6 | FX4 Off-Road | Black Appearance Pkg,39999,"140,947",1,https://www.craigslist.org/view/d/surrey-east-2024-ford-150-xlt-ecoboost/dQGgiqr4JwNR9aCS9ptJEi,excellent,gas,white,clean,automatic,pickup,6 cylinders,4wd,FINANCE: $287 B/W+Tax *OAC!,,
2022 Ford F-150 Platinum Pickup • CLEAN CARFAX • NO ACCIDENTS,48199,"130,805",1,https://www.craigslist.org/view/d/surrey-east-2022-ford-150-platinum/mTHd6AgJ9yCKgCgP5GoeME,excellent,gas,white,clean,automatic,pickup,6 cylinders,4wd,FINANCE: $450 B/W+Tax *OAC!,,
2025 Ford Escape Active AWD SUV • 13K KMS ONLY • NO ACCIDENTS,27199,"13,067",1,https://www.craigslist.org/view/d/surrey-east-2025-ford-escape-active-awd/mJ6XasopAYko2cXGW7EHVD,excellent,gas,black,clean,automatic,SUV,3 cylinders,4wd,FINANCE: $195 B/W+Tax *OAC!,,
2026 Hyundai Palisade Hybrid Ultimate Calligraphy | One Owner/No Accid,65991,"10,338",1,https://www.craigslist.org/view/d/surrey-2026-hyundai-palisade-hybrid/7Go67UT8dvFufCcdJtxMbT,like new,hybrid,,clean,automatic,SUV,4 cylinders,4wd,delta/surrey/langley,,
"2022 Ford F-150 XLT Supercrew Pickup FX4 OFF ROAD PACKAGE, LOCAL",40699,"90,751",1,https://www.craigslist.org/view/d/surrey-east-2022-ford-150-xlt-supercrew/fo4vrZiBHe9SraNwq9E3hx,excellent,gas,blue,clean,automatic,pickup,6 cylinders,4wd,FINANCE: $380 B/W+Tax *OAC!,,
"2023 Ford Bronco Sport Big Bend 4WD SUV: FORDPASS CONNECT, CLEAN TITLE",24499,"91,148",1,https://www.craigslist.org/view/d/surrey-east-2023-ford-bronco-sport-big/x9xf3sLo8Z7meBsk7NwzzL,excellent,gas,white,clean,automatic,SUV,3 cylinders,4wd,FINANCE: $197 B/W+Tax *OAC!,,
"2025 Ford Escape PHEV AWD SUV: 1-OWNER, NO ACCIDENTS",34699,"8,406",1,https://www.craigslist.org/view/d/surrey-east-2025-ford-escape-phev-awd/dMmq5fXxn4ersZUfJQZYMG,excellent,hybrid,grey,clean,automatic,SUV,4 cylinders,fwd,FINANCE: $249 B/W+Tax *OAC!,,
2026 Honda CR-V Hybrid  EX-L AWD SUV • 16K KMS ONLY • 1-OWNER,48599,"15,875",1,https://www.craigslist.org/view/d/surrey-east-2026-honda-cr-hybrid-ex-awd/uTvWmbGJZuE9RjRnQBRP6F,excellent,hybrid,silver,clean,automatic,SUV,4 cylinders,4wd,FINANCE: $317 B/W+Tax *OAC!,,
2026 Jeep Wrangler Sport AWD SUV • NO ACCIDENTS • 12K KMS ONLY!,39999,"12,080",1,https://www.craigslist.org/view/d/surrey-east-2026-jeep-wrangler-sport/p4VWEqcvanZhU4bUTY1Qpt,excellent,gas,grey,clean,automatic,SUV,4 cylinders,4wd,FINANCE: $261 B/W+Tax *OAC!,,
"2022 Honda Civic LX Sedan: NO ACCIDENTS, 1-OWNER!",22399,"95,187",1,https://www.craigslist.org/view/d/surrey-east-2022-honda-civic-lx-sedan/qfsJEUXf9KM4Z4SGqPhfXP,excellent,gas,white,clean,automatic,sedan,4 cylinders,fwd,NO/BAD/NEW CREDIT: ALL WELCOME!,,
2020 Ford Transit Connect XLT LWB Cargo Van • CAM/SSR/NAV/HD • LOCAL,27999,"95,271",1,https://www.craigslist.org/view/d/surrey-east-2020-ford-transit-connect/oJQyzWLXp9d4ykq8gVEQgc,excellent,gas,white,clean,automatic,van,4 cylinders,fwd,FINANCE: $261 B/W+Tax *OAC!,,
"2023 Ford F-150 XLT 6"" EXTND • RUNNING BRD, FX4 OFF ROAD • NO ACCIDENT",49499,"42,159",1,https://www.craigslist.org/view/d/surrey-east-2023-ford-150-xlt-extnd/j8s1Xsxs6Hgz5WqtQFuRmN,excellent,gas,black,clean,automatic,pickup,6 cylinders,4wd,FINANCE: $399 B/W+Tax *OAC!,,
2025 Hyundai Elantra Preferred Sedan • LOCAL • WARRANTY,22399,"42,481",1,https://www.craigslist.org/view/d/surrey-east-2025-hyundai-elantra/jALzgfZPiWnA7z4rpuoCtf,excellent,gas,white,clean,automatic,sedan,4 cylinders,fwd,FINANCE: $161 B/W+Tax *OAC!,,
2023 Ford F-150 XLT FX4 OFF ROAD • NO ACCIDENTS • 1-OWNER,40899,"102,277",1,https://www.craigslist.org/view/d/surrey-east-2023-ford-150-xlt-fx4-off/5jgeUjjUiJgcG5dFGU1hj9,excellent,gas,white,clean,automatic,pickup,6 cylinders,4wd,FINANCE: $330 B/W+Tax *OAC!,,
2022 Ford F-150 Platinum 4x4 PowerBoost Hybrid • FX4• CLEAN CARFAX,48199,"130,805",1,https://www.craigslist.org/view/d/surrey-east-2022-ford-150-platinum-4x4/tqquP55KGrn7hrqEJ2zPj6,excellent,hybrid,white,clean,automatic,pickup,6 cylinders,4wd,FINANCE: $450 B/W+Tax *OAC!,,
2023 Ford F-150 LARIAT • TWIN PANEL MOONROOF • CLEAN CARFAX,51999,"84,188",1,https://www.craigslist.org/view/d/surrey-east-2023-ford-150-lariat-twin/ufF8tjvB6GmwpSpFwxrqRx,excellent,gas,white,clean,automatic,pickup,6 cylinders,4wd,FINANCE: $420 B/W+Tax *OAC!,,
2022 Mitsubishi Mirage SE Hatchback • CLEAN CARFAX • 1 OWNER,15999,"30,659",1,https://www.craigslist.org/view/d/surrey-east-2022-mitsubishi-mirage-se/szwub8FH6pjuB3bCmE1UeX,excellent,gas,silver,clean,automatic,hatchback,3 cylinders,fwd,LANGLEY | $140+ Bi-Weekly Financing OAC,,
2025 Mitsubishi Outlander PHEV GT SAWC SUV • LOW KMS • CLEAN CARFAX,44397,"59,227",1,https://www.craigslist.org/view/d/surrey-east-2025-mitsubishi-outlander/f73vyNnjx4yYfFu7QfEcEp,excellent,gas,grey,clean,automatic,SUV,4 cylinders,4wd,LANGLEY | $350+ Bi-Weekly Financing OAC,,
2025 Mitsubishi RVR ES AWC SUV • LOW LOW KMS • LIKE NEW!,23597,"7,337",1,https://www.craigslist.org/view/d/surrey-east-2025-mitsubishi-rvr-es-awc/6ZN8Fpy61RV6JDD7URoHSE,like new,gas,white,clean,automatic,SUV,4 cylinders,4wd,LANGLEY | $189+ Bi-Weekly Financing OAC,,
2026 Mitsubishi Outlander PHEV ES S-AWC SUV • ONLY 15K KMS • 1-OWNER,43999,"14,906",1,https://www.craigslist.org/view/d/surrey-east-2026-mitsubishi-outlander/22g4gXWBjonEJwYoZnumCv,excellent,hybrid,black,clean,automatic,SUV,4 cylinders,4wd,LANGLEY | $364+ Bi-Weekly Financing OAC,,
2022 Mitsubishi Eclipse Cross ES S-AWC SUV • LOCAL • NO ACCIDENTS,16187,"111,207",1,https://www.craigslist.org/view/d/surrey-east-2022-mitsubishi-eclipse/hkjhaZvusJWpuzWE5482QH,excellent,gas,white,clean,automatic,SUV,4 cylinders,4wd,LANGLEY | $147+ Bi-Weekly Financing OAC,,
2025 Mitsubishi Outlander LE S-AWC SUV • LOW KMS • NO ACCIDENTS,33699,"31,234",1,https://www.craigslist.org/view/d/surrey-east-2025-mitsubishi-outlander/uwCkPmFffTQfPHo45mnqFM,excellent,gas,grey,clean,automatic,SUV,4 cylinders,4wd,LANGLEY | $258+ Bi-Weekly Financing OAC,,
2025 Mitsubishi Outlander PHEV SE S-AWC SUV • LOW KMS • 1-OWNER,41497,"38,512",1,https://www.craigslist.org/view/d/surrey-east-2025-mitsubishi-outlander/tr9UztS8y2Z5xkdXUSZPZU,excellent,gas,black,clean,automatic,SUV,4 cylinders,4wd,LANGLEY | $314+ Bi-Weekly Financing OAC,,
2022 Mitsubishi Outlander SE S-AWC SUV • 1-OWNER • NO ACCIDENTS,24199,"93,000",1,https://www.craigslist.org/view/d/surrey-east-2022-mitsubishi-outlander/oqFoWUhZ2u15MW53Nynti4,excellent,gas,grey,clean,automatic,SUV,4 cylinders,4wd,LANGLEY | $203+ Bi-Weekly Financing OAC,,
2024 Mitsubishi Eclipse Cross SE S-AWC SUV • LOW KMS • CLEAN CARFAX,26297,"28,020",1,https://www.craigslist.org/view/d/surrey-east-2024-mitsubishi-eclipse/5juWVJdCkcit3XrqDQzaCm,excellent,gas,blue,clean,automatic,SUV,4 cylinders,4wd,LANGLEY | $200+ Bi-Weekly Financing OAC,,
2023 Mitsubishi RVR ES AWD SUV • 45K KMS • ACCIDENT-FREE,19697,"44,782",1,https://www.craigslist.org/view/d/surrey-east-2023-mitsubishi-rvr-es-awd/g642S4YvCV2vfxh21BU6Vg,excellent,gas,silver,clean,automatic,SUV,4 cylinders,4wd,LANGLEY | $175+ Bi-Weekly Financing OAC,,
2015 Honda Pilot Touring AWD - No accidents,25491,"102,804",1,https://www.craigslist.org/view/d/surrey-south-2015-honda-pilot-touring/4D7NHVZpDTVMrUQAsGnwgV,like new,gas,white,clean,automatic,SUV,6 cylinders,4wd,Call Nathan 604 330 2043,,
2023 Hyundai IONIQ 5 Preferred Long Range AWD,36991,"68,720",1,https://www.craigslist.org/view/d/surrey-south-2023-hyundai-ioniq/4NzLX3gTjWrJqRSKuGY2ik,like new,electric,grey,clean,automatic,SUV,,4wd,Call Nathan 604 330 2043,,
"2025 Ford Mustang Mach-E Select SUV: NO ACCIDENTS, LOW LOW KMS",42672,"13,895",1,https://www.craigslist.org/view/d/surrey-east-2025-ford-mustang-mach/ksyGbaKHNKCX3bpVcG2XVo,excellent,electric,black,clean,automatic,SUV,,rwd,LANGLEY | $350+ Bi-Weekly Financing OAC,,
"2022 Honda Pilot TrailSport AWD SUV: LOCAL, LOW KMS",36672,"75,817",1,https://www.craigslist.org/view/d/surrey-east-2022-honda-pilot-trailsport/4JTi8zkP3DqXcuyJg9cLk3,excellent,gas,black,clean,automatic,SUV,6 cylinders,4wd,LANGLEY | $308+ Bi-Weekly Financing OAC,,
"2026 Ram 1500 Rebel 4x4 Crew Cab 5'7"" Box: LOW LOW KMS, CLEAN CARFAX",69998,"13,155",1,https://www.craigslist.org/view/d/abbotsford-southwest-2026-ram-1500/kigG9bXYFpgYAUPsfCRJAW,excellent,gas,white,clean,automatic,pickup,6 cylinders,4wd,From $242+ / Weekly OAC💠NO DOWN REQUIRED!,,
2023 Jeep Gladiator Willys 4×4 SUV • Low KMs • Accident-Free,39998,"45,225",1,https://www.craigslist.org/view/d/abbotsford-southwest-2023-jeep/quZfAS2HCEfvamXq2wiu2m,excellent,gas,yellow,clean,automatic,SUV,6 cylinders,4wd,From $138+ / Weekly OAC💠NO DOWN REQUIRED!),,
2024 Chrysler Pacifica Touring Minivan • Low KMs • Clean Carfax,39998,"33,490",1,https://www.craigslist.org/view/d/abbotsford-southwest-2024-chrysler/r7vXbsSnAwfCYr765BRqMX,excellent,gas,black,clean,automatic,minivan,6 cylinders,fwd,From $138+ / Weekly OAC💠NO DOWN REQUIRED!,,
2017 Ford Escape SE 4WD | Accident Free | Only 29K kms,16500,"29,597",1,https://www.craigslist.org/view/d/langley-2017-ford-escape-se-4wd/2ZwNUChkVtT3uJSHRNkn5T,,gas,,clean,automatic,SUV,4 cylinders,4wd,Call or Text Austin @DealerShift,1FMCU9G9XHUD62086,
2026 Hyundai Palisade Ultimate Calligraphy Hybrid (HEV) AWD,65991,"10,341",1,https://www.craigslist.org/view/d/surrey-south-2026-hyundai-palisade/n4cEMmCVfYwSgfqrryTF5h,like new,hybrid,green,clean,automatic,SUV,4 cylinders,4wd,Call Nathan 604 330 2043,,
2001 Mercedes-Benz E55 AMG Legendary V8!,18999,"163,111",1,https://www.craigslist.org/view/d/surrey-south-2001-mercedes-benz-e55-amg/rw3XcyLqj4NeBTbmkkxoLb,like new,gas,silver,clean,automatic,sedan,8 cylinders,rwd,South Surrey/White Rock,,
SOLD | 2017 Dodge Challenger SRT 392 | Accident Free | Low KM,44500,"66,732",1,https://www.craigslist.org/view/d/langley-sold-dodge-challenger-srt-392/t4njbUcZzSZWphnQX79Yju,good,gas,grey,clean,automatic,coupe,8 cylinders,rwd,Call or Text Austin @DealerShift,2C3CDZDJ1HH600921,
2024 Hyundai Kona Preferred Trend AWD - 1 owner,24500,"63,467",1,https://www.craigslist.org/view/d/surrey-south-2024-hyundai-kona/cjCUAVCKQGRY8SoQ1NX5fh,like new,gas,black,clean,automatic,SUV,4 cylinders,4wd,Call Nathan 778 900 9102,,
"2024 Kia Forte5 GT Hatchback: LOCAL, 1-OWNER, LOW LOW KMS",23899,"22,234",1,https://www.craigslist.org/view/d/surrey-east-2024-kia-forte5-gt/5iTe913idiuWBAf6dVfMzV,excellent,gas,red,clean,automatic,hatchback,4 cylinders,fwd,FINANCE: $171 B/W+Tax *OAC!,,
"2020 Honda Civic EX CVT Sedan: LOCAL, LOW KMS",21699,"58,453",1,https://www.craigslist.org/view/d/surrey-east-2020-honda-civic-ex-cvt/e1ThdtUVAGHWxrEbc5skZj,excellent,gas,white,clean,automatic,sedan,4 cylinders,fwd,FINANCE: $203 B/W+Tax *OAC!,,
2024 Ford Super Duty F-350 SRW Limited 4WD Crew Cab 6.75' Box: NO DECS,102999,"26,123",1,https://www.craigslist.org/view/d/surrey-east-2024-ford-super-duty-350/baXTHg3ht3a1dSjGceNaxA,excellent,gas,grey,clean,automatic,pickup,8 cylinders,4wd,FINANCE: $739 B/W+Tax *OAC!,,
"2024 Ford F-150 LARIAT SuperCrew Pickup: NO ACCIDENTS, 1-OWNER",61899,"43,865",1,https://www.craigslist.org/view/d/surrey-east-2024-ford-150-lariat/uiYBEG2Kzj4YbnQKaL8hrV,excellent,gas,grey,clean,automatic,pickup,6 cylinders,4wd,FINANCE: $445 B/W+Tax *OAC!,,
"2025 Mitsubishi Outlander SE PHEV SUV: PANO ROOF, CLEAN CARFAX",46999,"15,962",1,https://www.craigslist.org/view/d/surrey-east-2025-mitsubishi-outlander/9HUHEzY9NCtB6vX4pJFsFN,excellent,hybrid,grey,clean,automatic,SUV,4 cylinders,4wd,FINANCE: $337 B/W+Tax *OAC!,,
"2024 Ram 3500 Laramie 4x4 Mega Cab: DIESEL, CLEAN CARFAX",79999,"37,000",1,https://www.craigslist.org/view/d/surrey-east-2024-ram-3500-laramie-4x4/wyjCka2gAeLKZiWYBXppjc,excellent,diesel,black,clean,automatic,pickup,6 cylinders,4wd,FINANCE: $574 B/W+Tax *OAC!,,
"2023 Kia Sportage X-Line Limited AWD SUV: 1-OWNER, LOCAL",27995,1,1,https://www.craigslist.org/view/d/surrey-east-2023-kia-sportage-line/g4ifKLBs3riSe6skT84ejd,excellent,gas,grey,clean,automatic,SUV,4 cylinders,4wd,FINANCE: $226 B/W+Tax *OAC!,,
"2023 Chevrolet Malibu 1LT FWD Sedan: LOCAL, FULLY-LOADED!",17999,"84,952",1,https://www.craigslist.org/view/d/surrey-east-2023-chevrolet-malibu-1lt/uFwaPD4Ys4UFq331H2UUFq,excellent,gas,silver,clean,automatic,sedan,4 cylinders,fwd,FINANCE: $146 B/W+Tax *OAC!,,
"2023 Ford F-150 Lightning XLT Pickup: LOCAL, NO ACCIDENTS",55999,"66,802",1,https://www.craigslist.org/view/d/surrey-east-2023-ford-150-lightning-xlt/svvzpWoEZcTo5twaCgXzYm,excellent,electric,black,clean,automatic,pickup,,4wd,NO/BAD/NEW CREDIT: ALL WELCOME!,,
2022 Chevrolet Colorado ZR2 Duramax Diesel,54991,"30,998",1,https://www.craigslist.org/view/d/surrey-south-2022-chevrolet-colorado/iLTjtRhgdNY88bg3et1EM2,like new,diesel,white,clean,automatic,pickup,4 cylinders,4wd,Call Nathan 604 330 2043,,
"2024 Ford F-150 XLT 4WD SuperCrew 5.5' box: LOW KMS, NO ACCIDENTS",51899,"49,372",1,https://www.craigslist.org/view/d/surrey-east-2024-ford-150-xlt-4wd/bCQivo7kMFvuD5cjP247iZ,excellent,gas,white,clean,automatic,pickup,6 cylinders,4wd,FINANCE: $373 B/W+Tax *OAC!,,
"2025 Ford Super Duty F-350 SRW Platinum: FX4 OFF-ROAD PKG, LOW KMS",104999,"16,834",1,https://www.craigslist.org/view/d/surrey-east-2025-ford-super-duty-350/qrBqrzX6JHaZgPV2AgHP42,excellent,diesel,black,clean,automatic,pickup,8 cylinders,4wd,FINANCE: $754 B/W+Tax *OAC!,,
"2026 Ram 3500 Big Horn 4×4 Crew Cab: 1-OWNER, NO ACCIDENTS!",78999,"16,468",1,https://www.craigslist.org/view/d/surrey-east-2026-ram-3500-big-horn-44/htAWYev1dh19bYL4TB6AAD,excellent,gas,black,clean,automatic,pickup,6 cylinders,4wd,FINANCE: $514 B/W+Tax *OAC!,,
"2024 GMC Sierra 1500 Denali 4WD Crew Cab 147"": DIESEL, LOCAL TRUCK",65099,"45,448",1,https://www.craigslist.org/view/d/surrey-east-2024-gmc-sierra-1500-denali/hG4xB4c5eSz2o4gcorkpr9,excellent,diesel,black,clean,automatic,pickup,6 cylinders,4wd,FINANCE: $467 B/W+Tax *OAC!,,
"2022 Ford Explorer Limited AWD SUV: LOCAL, NO ACCIDENTS",31999,"82,000",1,https://www.craigslist.org/view/d/surrey-east-2022-ford-explorer-limited/2M2PzMwwGVAPSW4KrE9MPw,excellent,gas,black,clean,automatic,SUV,4 cylinders,4wd,FINANCE: $298 B/W+Tax *OAC!,,
"2021 BMW 5 Series 530i xDrive Sedan: LOCAL, NO ACCIDENTS",33499,"89,777",1,https://www.craigslist.org/view/d/surrey-east-2021-bmw-series-530i-xdrive/fRspgZfvpLL2zj7pgjJv5Y,excellent,gas,black,clean,automatic,sedan,4 cylinders,4wd,FINANCE: $313 B/W+Tax *OAC!,,
"2025 Ford Super Duty F-350 SRW Platinum: 1-OWNER, NO ACCIDENTS",103999,"39,864",1,https://www.craigslist.org/view/d/surrey-east-2025-ford-super-duty-350/qrsaeAQvG2BQRh1C7EdB42,excellent,gas,black,clean,automatic,pickup,8 cylinders,4wd,FINANCE: $747 B/W+Tax *OAC!,,
"2024 Ford F-150 Lariat SuperCrew 4x4 Pickup: LOCAL, NO ACCIDENTS",66899,"19,063",1,https://www.craigslist.org/view/d/surrey-east-2024-ford-150-lariat/86GETS5QswFseTNdJ3ZrWT,excellent,gas,grey,clean,automatic,pickup,6 cylinders,4wd,FINANCE: $480 B/W+Tax *OAC!,,
"2023 Ford Bronco Raptor 4x4 SUV: 37"" TIRES, 1-OWNER, LOW LOW KMS!",92999,"13,680",1,https://www.craigslist.org/view/d/surrey-east-2023-ford-bronco-raptor-4x4/xi9zDaBT8QhXWgzwwL8LNg,excellent,gas,black,clean,automatic,SUV,6 cylinders,4wd,FINANCE: $668 B/W+Tax *OAC!,,
"2025 Kia Seltos EX AWD SUV: LOCAL, 1-OWNER, 13K KMS ONLY!",29999,"13,572",1,https://www.craigslist.org/view/d/surrey-east-2025-kia-seltos-ex-awd-suv/7CfqFP7kDhMDFvX7GTVmhm,excellent,gas,blue,clean,automatic,SUV,4 cylinders,4wd,NO/BAD/NEW CREDIT: ALL WELCOME!,,
"2025 Ford F-150 Lightning XLT Pickup: NO ACCIDENTS, ONLY 43K KMS!",58699,"43,468",1,https://www.craigslist.org/view/d/surrey-east-2025-ford-150-lightning-xlt/c64wKZG4bvDKEYnJRBrMPt,excellent,electric,blue,clean,automatic,pickup,,4wd,FINANCE: $421 B/W+Tax *OAC!,,
"2023 Ford F-150 Lightning LARIAT Pickup: NO ACCIDENTS, 515 KM RANGE!",65699,"91,291",1,https://www.craigslist.org/view/d/surrey-east-2023-ford-150-lightning/v7vBYz7WG5SxDbGyCTj1fp,excellent,electric,white,clean,automatic,pickup,,4wd,FINANCE: $531 B/W+Tax *OAC!,,
2017 HINO 338 CAB AND CHASSIS (26-106),36800,"307,665",1,https://www.craigslist.org/view/d/surrey-2017-hino-338-cab-and-chassis/8Xvr9ANU29ZNYvVKfUFPo3,,diesel,,clean,automatic,,,,delta/surrey/langley,,
2024 Toyota GR Corolla Circuit Edition | Flame Blue | Front End PPF,57500,"11,256",1,https://www.craigslist.org/view/d/langley-2024-toyota-gr-corolla-circuit/6BLL7a66eweTb9uxSMARnU,excellent,gas,blue,clean,manual,hatchback,3 cylinders,4wd,Call or Text Austin @DealerShift,JTNABAAE5RA011383,
2024 Mitsubishi Eclipse Cross SE/SEL/GT SUV: NO ACCIDENTS! LOW KMS,25197,"55,253",1,https://www.craigslist.org/view/d/surrey-east-2024-mitsubishi-eclipse/t15XWUDjz63RxpwszEsSaC,excellent,gas,blue,clean,automatic,SUV,4 cylinders,4wd,LANGLEY | $217+ Bi-Weekly Financing OAC,,
"2025 Mitsubishi Outlander SEL AWD SUV: 1-OWNER, NO ACCIDENTS",35672,"22,872",1,https://www.craigslist.org/view/d/surrey-east-2025-mitsubishi-outlander/5bQzHCbAGRBmovvN4MsGf6,excellent,gas,white,clean,automatic,SUV,4 cylinders,4wd,LANGLEY | $294+ Bi-Weekly Financing OAC,,
2025 Mitsubishi Eclipse Cross ES S-AWC SUV • NO ACCIDENTS • Low KMs,25379,"21,512",1,https://www.craigslist.org/view/d/surrey-east-2025-mitsubishi-eclipse/rKw3V9NPwNBy2nZ5WSibdV,excellent,gas,blue,clean,automatic,SUV,4 cylinders,4wd,LANGLEY | $224+ Bi-Weekly Financing OAC,,
2022 Chevrolet Colorado ZR2 CrewCab 2.8 Diesel | No Accidents,54991,"30,000",1,https://www.craigslist.org/view/d/surrey-2022-chevrolet-colorado-zr2/bSipMzmfg7wgxDCqAxFbkt,excellent,diesel,,clean,automatic,pickup,,4wd,delta/surrey/langley,,
2019 HINO 338 (26-093),44800,"303,000",1,https://www.craigslist.org/view/d/surrey-2019-hino/gMGwbM9xCGUoPXZtHFEgLu,,diesel,,clean,automatic,,,,Surrey,,
"2025 Mitsubishi Outlander PHEV SUV: 21K KMS ONLY, CLEAN CARFAX",42671,"21,036",1,https://www.craigslist.org/view/d/surrey-east-2025-mitsubishi-outlander/hVHZJMhbcpq7NwzzAcccvN,excellent,hybrid,grey,clean,automatic,SUV,4 cylinders,4wd,LANGLEY | $350+ Bi-Weekly Financing OAC,,
"2017 Honda CR-V AWD EX  SUV: MOONROOF, NO ACCIDENTS!",20721,"115,147",1,https://www.craigslist.org/view/d/surrey-east-2017-honda-cr-awd-ex-suv/3wyKQLQ9sqaitKWXwMkvzp,excellent,gas,silver,clean,automatic,SUV,4 cylinders,4wd,LANGLEY | $189+ Bi-Weekly Financing OAC,,
"2023 Hyundai Palisade Urban AWD SUV: 8-PASSENGER, LOCAL",36672,"65,003",1,https://www.craigslist.org/view/d/surrey-east-2023-hyundai-palisade-urban/bwctyKAngB6MCSG7HFH7Wa,excellent,gas,grey,clean,automatic,SUV,6 cylinders,4wd,LANGLEY | $322+ Bi-Weekly Financing OAC,,
"2016 Ford Explorer 4WD Sport SUV: ACCIDENT-FREE, LOCAL",18497,"74,443",1,https://www.craigslist.org/view/d/surrey-east-2016-ford-explorer-4wd/fQBrTLSqH75v9GbzcbseDs,excellent,gas,black,clean,automatic,SUV,6 cylinders,4wd,TOP DOLLAR$$$ FOR ALL TRADES!,,
"2020 Honda Civic Touring Sedan: LOCAL, TOP TRIM/FULL LOAD!",21999,"131,877",1,https://www.craigslist.org/view/d/surrey-east-2020-honda-civic-touring/kekY1V8uNp6u4S9WFXokf1,excellent,gas,black,clean,automatic,sedan,4 cylinders,fwd,LANGLEY | $182+ Bi-Weekly Financing OAC,,
"2023 Dodge Challenger Scat Pack 392 Widebody Coupe: HEMI V8, LOW KM",66872,"3,800",1,https://www.craigslist.org/view/d/surrey-east-2023-dodge-challenger-scat/xx2RNvEh57mCXhd2DnkVyV,excellent,gas,blue,clean,automatic,coupe,8 cylinders,rwd,LANGLEY | $531+ Bi-Weekly Financing OAC,,
"2024 Lincoln Corsair Reserve AWD SUV: NO ACCIDENTS, LOW KMS",39499,"13,351",1,https://www.craigslist.org/view/d/surrey-east-2024-lincoln-corsair/kyJ24KAeiND5Jrqm3189wL,excellent,gas,black,clean,automatic,SUV,4 cylinders,4wd,LANGLEY | $329+ Bi-Weekly Financing OAC,,
"2023 Kia Telluride AWD SUV: LOCAL, 1-OWNER, LOW KMS",39999,"43,489",1,https://www.craigslist.org/view/d/surrey-east-2023-kia-telluride-awd-suv/twYHMud36VgNfRgPABHGWe,excellent,gas,black,clean,automatic,SUV,6 cylinders,4wd,LANGLEY | $350+ Bi-Weekly Financing OAC,,
"2024 Kia Forte EX Sedan: LOCAL, 1-OWNER, NO ACCIDENTS",18672,"42,800",1,https://www.craigslist.org/view/d/surrey-east-2024-kia-forte-ex-sedan/cDac5xoDyJYzRJMK9RHw8U,excellent,gas,black,clean,automatic,sedan,4 cylinders,fwd,LANGLEY | $168+ Bi-Weekly Financing OAC,,
"2021 Toyota RAV4 Hybrid XLE AWD SUV: NO ACCIDENTS, LOCAL",35999,"72,496",1,https://www.craigslist.org/view/d/surrey-east-2021-toyota-rav4-hybrid-xle/iRgYHDxeH3EfvLjZqaGKJ3,excellent,hybrid,white,clean,automatic,SUV,4 cylinders,4wd,LANGLEY | $280+ Bi-Weekly Financing OAC,,
2020 Toyota Corolla SE 5-Door CVT Hatchback  • LOCAL • NO ACCIDENTS,22797,"71,649",1,https://www.craigslist.org/view/d/surrey-east-2020-toyota-corolla-se-door/gg7RgLeZiHc2fCe6Y221rh,excellent,gas,blue,clean,automatic,hatchback,4 cylinders,fwd,LANGLEY | $174+ Bi-Weekly Financing OAC,,
2023 Ford Mustang Mach-E AWD SUV • LOW 14K KMS • LOCAL,42999,"14,700",1,https://www.craigslist.org/view/d/surrey-east-2023-ford-mustang-mach-awd/8ek88iyk1Z7W5R4VtYGDJZ,excellent,electric,black,clean,automatic,SUV,,4wd,LANGLEY | $314+ Bi-Weekly Financing OAC,,
2019 Porsche Cayenne S AWD AWD SUV • LOCAL • TOP CONDITION!,40872,"116,685",1,https://www.craigslist.org/view/d/surrey-east-2019-porsche-cayenne-awd/7oXReUusXzfP9FmpN8qFZm,excellent,gas,black,clean,automatic,SUV,6 cylinders,4wd,LANGLEY | $321+ Bi-Weekly Financing OAC,,
2022 Toyota Highlander XSE AWD SUV • LOW KMS • BC VEHICLE,43999,"71,934",1,https://www.craigslist.org/view/d/surrey-east-2022-toyota-highlander-xse/1Kwej2UEY2rQXo7c833QKM,excellent,gas,grey,clean,automatic,SUV,6 cylinders,4wd,LANGLEY | $329+ Bi-Weekly Financing OAC,,
"2025 Mazda CX-30 GX AWD SUV • LOW LOW KMS, LOCAL | CLEAN CARFAX",29779,"16,561",1,https://www.craigslist.org/view/d/surrey-east-2025-mazda-cx-30-gx-awd-suv/rDGA9gDvCE4c3gVp8Pcnzt,excellent,gas,grey,clean,automatic,SUV,4 cylinders,4wd,LANGLEY | $245+ Bi-Weekly Financing OAC,,
2016 Honda CR-V EX-L | AWD | 1 OWNER | SMALL CLAIM CARFAX,22572,"51,680",1,https://www.craigslist.org/view/d/surrey-east-2016-honda-cr-ex-awd-owner/mxEkv3kpDSup6acKtefgh7,excellent,gas,brown,clean,automatic,SUV,4 cylinders,4wd,ALL CREDIT TYPES WELCOME!💠NO DOWN REQUIRED!,,
2019 Hino 195 (26-036),38800,203,1,https://www.craigslist.org/view/d/surrey-2019-hino/vNzq7Xs62jHYESEisgqhiy,,diesel,,clean,automatic,,,,Surrey,,
"2022 Ford Edge SEL AWD SUV: LOCAL, LOW KMS, NO ACCIDENTS",23998,"72,006",1,https://www.craigslist.org/view/d/abbotsford-southwest-2022-ford-edge-sel/cddhtViStJbzCi6zRowNt6,excellent,gas,silver,clean,automatic,SUV,4 cylinders,4wd,From $92+ /Weekly OAC💠NO DOWN REQUIRED!,,
"2025 Ram 1500 Limited Longhorn 4x4 Crew Cab 5'7"" Box: LOCAL, LOW KMS",74998,"27,206",1,https://www.craigslist.org/view/d/abbotsford-southwest-2025-ram-1500/5RFzsBFfoCcmmFpyvkMfor,excellent,gas,black,clean,automatic,pickup,6 cylinders,4wd,From $259+ /Weekly OAC💠NO DOWN REQUIRED!,,
2024 GMC Canyon AT4X Crew Cab Short Box 4WD Pickup: ACCIDENT-FREE!,63995,"6,962",1,https://www.craigslist.org/view/d/abbotsford-southwest-2024-gmc-canyon/mwWLWntw6T4GHojXT13EbP,excellent,gas,green,clean,automatic,pickup,4 cylinders,4wd,From $221+ /Weekly OAC💠NO DOWN REQUIRED!,,
2026 Jeep Cherokee Limited SUV • ULTRA LOW KMS • No Accidents!,51995,"9,815",1,https://www.craigslist.org/view/d/abbotsford-southwest-2026-jeep-cherokee/3LYVimBqHiURwZXbSNFb4B,excellent,gas,black,clean,automatic,SUV,4 cylinders,4wd,From $180+ /Weekly OAC💠NO DOWN REQUIRED!,,
2020 Toyota Highlander Hybrid Limited SUV • NO ACCIDENTS • MINT,44997,"97,665",1,https://www.craigslist.org/view/d/abbotsford-southwest-2020-toyota/6jBAJNYto9mFG7ZHqRwxCZ,excellent,hybrid,white,clean,automatic,SUV,4 cylinders,4wd,From $227+ /Weekly OAC💠NO DOWN REQUIRED!,,
2024 Mitsubishi RVR ES FWD SUV • LOW KMS • BC VEHICLE,22998,"44,830",1,https://www.craigslist.org/view/d/abbotsford-southwest-2024-mitsubishi/84Asu1ryr36iUrC18xjy6y,excellent,gas,grey,clean,automatic,SUV,4 cylinders,4wd,From $79+ /Weekly OAC💠NO DOWN REQUIRED!,,
2019 Jeep Wrangler Unlimited Sport Sahara • NO ACCIDENTS • 1-OWNER,30998,"117,707",1,https://www.craigslist.org/view/d/abbotsford-southwest-2019-jeep-wrangler/hz7uh1dSp8E2yXaZD9sENQ,excellent,gas,green,clean,automatic,SUV,6 cylinders,4wd,From $156+ /Weekly OAC💠NO DOWN REQUIRED!,,
2025 Mitsubishi Eclipse Cross ES S-AWC • ULTRA LOW KMS • No Accidents,26998,"17,192",1,https://www.craigslist.org/view/d/abbotsford-southwest-2025-mitsubishi/3W78qfPhrERTN5mgkrx8U7,excellent,gas,blue,clean,automatic,SUV,4 cylinders,4wd,From $93+ /Weekly OAC💠NO DOWN REQUIRED!,,
*SOLD* 2020 Mercedes-Benz GLE 450 4MATIC | Low KM | Loaded |,47000,"58,896",1,https://www.craigslist.org/view/d/langley-sold-2020-mercedes-benz-gle-450/ci3Wxa1Mjuiynn9uVUuyAA,excellent,gas,white,clean,automatic,SUV,6 cylinders,4wd,Call or Text Austin @DealerShift,4JGFB5KB9LA280950,
2017 Lexus LX 570 | Only 46K kms | Locally Owned | 5.7L V8,83500,"46,724",1,https://www.craigslist.org/view/d/langley-2017-lexus-lx-570-only-46k-kms/4upB46FZdQjUZkP9ZgBvfj,,gas,,clean,automatic,SUV,8 cylinders,4wd,Call or Text Austin @DealerShift,JTJHY7AX6H4235830,
*SOLD* 2016 Toyota Tundra 4WD Double Cab TRD Off-Road | Local |,37000,"163,048",1,https://www.craigslist.org/view/d/langley-sold-2016-toyota-tundra-4wd/kXp7AJbwLwH7UU1p2kpfgs,excellent,gas,black,clean,automatic,pickup,8 cylinders,4wd,Call or Text Austin @DealerShift,5TFUY5F12GX547327,
SOLD | 2018 Jeep Wrangler Unlimited Sahara 4x4 | Accident Free,32000,"68,450",1,https://www.craigslist.org/view/d/langley-sold-jeep-wrangler-unlimited/weWMkdEDVkPv2w5Ly5aA7F,,gas,,clean,automatic,SUV,6 cylinders,4wd,Call or Text Austin @DealerShift,1C4BJWEG4JL802856,
2018 Mazda CX-5 GT AWD | One Owner | Locally Owned,25000,"83,236",1,https://www.craigslist.org/view/d/langley-2018-mazda-cx-gt-awd-one-owner/2H8vikgApdseE2umt39MGY,,gas,,clean,automatic,SUV,4 cylinders,4wd,Call or Text Austin @DealerShift,JM3KFBDM5J0353276,
2019 Mercedes-Benz GLC300 4MATIC LOCAL BC VEHICLE. NO ACCIDENT. LOW KI,26800,"54,385",1,https://www.craigslist.org/view/d/richmond-2019-mercedes-benz-glc300/fKcJQNwXB5ANcC6rwEDqKL,excellent,gas,white,clean,automatic,SUV,4 cylinders,4wd,richmond,WDC0G4KB2KV120240,
"2020 Honda CRV/CR-V Touring AWD Local BC Car Ext. Warranty 83,000 KM",31800,"83,000",1,https://www.craigslist.org/view/d/richmond-2020-honda-crv-cr-touring-awd/97Heqx1RkakQRGe1oyLcLS,excellent,gas,grey,clean,automatic,SUV,4 cylinders,4wd,Richmond,2HKRW2H98LH212043,
"2021 Mercedes Benz GLC300 4MATIC Local BC Car No Accident 41,000 KM",37800,"41,000",1,https://www.craigslist.org/view/d/richmond-2021-mercedes-benz-glc300/fUP2Eyfs1qC4XPUk12hNYd,like new,gas,white,clean,automatic,SUV,4 cylinders,4wd,Richmond,W1N0G8EBXMV278023,
"2021 Mercedes Benz GLC300 4MATIC Local BC Car No Accident 41,000 KM",37800,"41,000",1,https://www.craigslist.org/view/d/richmond-2021-mercedes-benz-glc300/np85rF6rnmB2svur6UoPNn,like new,gas,white,clean,automatic,SUV,4 cylinders,4wd,Richmond,W1N0G8EBXMV278023,
2018 BMW X5 xDrive 35i. LOCAL BC VEHICLE. 7 SEATER. LOW KILOMETRES.,27800,"66,941",1,https://www.craigslist.org/view/d/richmond-2018-bmw-x5-xdrive-35i-local/xjjygbQKdpueDd9amiMh7x,excellent,gas,grey,clean,automatic,SUV,6 cylinders,4wd,richmond,5UXKR0C57J0X84599,
2023 Tesla  Model Y Long Range. LOCAL BC VEHICLE. ONE OWNER. NO ACCIDE,34999,"174,068",1,https://www.craigslist.org/view/d/richmond-2023-tesla-model-long-range/hbLV7QeNi1i4TNBQ3rMg3r,excellent,electric,black,clean,automatic,SUV,other,4wd,richmond,LRWYGDEEXPC228457,
2018 Audi S5 3.0 TFSI quattro Technik tiptronic,29800,"108,376",1,https://www.craigslist.org/view/d/richmond-2018-audi-s5-30-tfsi-quattro/mMSQEonQNicmjxErb6HQHu,excellent,gas,black,clean,automatic,hatchback,6 cylinders,4wd,richmond,WAUC4CF55JA085013,
2019 Mercedes-Benz GLS-Class GLS 550 4MATIC. LOCAL BC VEHICLE. NO ACCI,32800,"128,500",1,https://www.craigslist.org/view/d/richmond-2019-mercedes-benz-gls-class/sRaapXz4nbacDPVZu59o7j,excellent,gas,black,clean,automatic,SUV,8 cylinders,4wd,richmond,4JGDF7DE5KB222857,
2016 Audi Q5 Quattro 4dr 2.0T Technik. BC LOCAL CAR.,14999,"128,403",1,https://www.craigslist.org/view/d/richmond-2016-audi-q5-quattro-4dr-20t/aZfJpoohEvm6Yes8UwSCQU,good,gas,white,clean,automatic,SUV,4 cylinders,4wd,richmond,WA1V2AFP1GA101606,
2020 Infiniti QX60 PURE. SERVICE DONE. LOW KILOMETRES.,23800,"78,635",1,https://www.craigslist.org/view/d/richmond-2020-infiniti-qx60-pure/dWPGiy22z5HhZ8mewpGWLx,good,gas,black,clean,automatic,SUV,6 cylinders,4wd,richmond,5N1DL0MM8LC509032,
2018 BMW X5 xDrive35i 4dr LOCAL BC VEHICLE. ONE OWNER. SECOND SET OF T,20999,"121,639",1,https://www.craigslist.org/view/d/richmond-2018-bmw-x5-xdrive35i-4dr/e7mmj4nHbLRu9CLwEqDPx5,excellent,gas,blue,clean,automatic,SUV,6 cylinders,4wd,richmond,5UXKR0C50J0Y01467,
2018 BMW 5-Series 530i xDrive. LOCAL BC VEHICLE. M SPORT PACKAGE. LOW,29999,"43,487",1,https://www.craigslist.org/view/d/richmond-2018-bmw-series-530i-xdrive/vcLsKxkzt9Jpkgy13L2HGw,excellent,gas,silver,clean,automatic,sedan,4 cylinders,4wd,richmond,WBAJA7C56JWA71722,
2015 Volkswagen Tiguan 4-Motion,14800,"69,414",1,https://www.craigslist.org/view/d/richmond-2015-volkswagen-tiguan-motion/jK1hQpGLQxgwyKhGT8owt4,excellent,gas,blue,clean,automatic,SUV,4 cylinders,4wd,richmond,WVGJV7AX0FW593399,
2019 BMW M2 Competition Coupe,61800,"56,710",1,https://www.craigslist.org/view/d/richmond-2019-bmw-m2-competition-coupe/nexMWEgqMEqZfwk47LhX28,excellent,gas,green,clean,automatic,coupe,6 cylinders,4wd,richmond,WBS2U7C57K7D08057,
2011 Jeep Wrangler Unlimited 4dr 4x4,15800,"184,048",1,https://www.craigslist.org/view/d/richmond-2011-jeep-wrangler-unlimited/jVQtnALtYZLUz6gJp8Wtyr,good,gas,red,clean,automatic,SUV,6 cylinders,4wd,richmond,1J4BA5H15BL572922,
2022 BMW X5 xDrive40i 4dr All-Wheel Drive Sports Activity Vehicle Auto,50800,"37,155",1,https://www.craigslist.org/view/d/richmond-2022-bmw-x5-xdrive40i-4dr-all/cGehogba5x5sa1kFK4NmUb,excellent,gas,black,clean,automatic,SUV,6 cylinders,4wd,richmond,5UXCR6C0XN9L95498,
2015 Toyota Venza XLE V6 4dr All-wheel Drive Automatic,23800,"60,814",1,https://www.craigslist.org/view/d/richmond-2015-toyota-venza-xle-v6-4dr/eoEhJUyci6K3ThM26sjhvu,excellent,gas,grey,clean,automatic,SUV,6 cylinders,4wd,richmond,4T3BK3BBXFU112957,
2020 Mercedes-Benz E-Class AMG E 63 S 4MATIC+ Sedan,96800,"46,571",1,https://www.craigslist.org/view/d/richmond-2020-mercedes-benz-class-amg/2yj7nk4Mq3roT8pFYDDNYE,excellent,gas,blue,clean,automatic,sedan,8 cylinders,4wd,richmond,W1KZF8KB2LA808616,
2016 Porsche Cayenne GTS,39999,"54,244",1,https://www.craigslist.org/view/d/richmond-2016-porsche-cayenne-gts/4fAUNK2GYs17vArFyoBtS2,excellent,gas,red,clean,automatic,SUV,6 cylinders,4wd,richmond,WP1AD2A25GLA80004,
2019 Mercedes-Benz A-Class A 250. LOCAL BC VEHICLE. AMG PACKAGE. LOW K,26800,"36,066",1,https://www.craigslist.org/view/d/richmond-2019-mercedes-benz-class-250/gCgt1ygQhmbBCrMHWMbQmr,excellent,gas,white,clean,automatic,coupe,4 cylinders,4wd,richmond,WDD3F4GB4KJ098706,
2012 Land Rover Range Rover Sport 4WD 4dr HSE LUX,17800,"130,020",1,https://www.craigslist.org/view/d/richmond-2012-land-rover-range-rover/eLpkBN9zZprmiYvgJmE1Yy,excellent,gas,black,clean,automatic,SUV,8 cylinders,4wd,richmond,SALSK2D48CA754508,
2020 Porsche Taycan 4S. FULLY LOADED. LOW KILOMETRES. SPORT CHRONO PAC,73800,"36,806",1,https://www.craigslist.org/view/d/richmond-2020-porsche-taycan-4s-fully/nSkFMTUoEKMkZEpwpZbjdL,excellent,electric,silver,clean,automatic,sedan,other,4wd,richmond,WP0AB2Y12LSA52202,
2015 GMC Yukon Denali. FULL SERVICE RECORD. 7 SEATER. FULLY OPTIONED,19999,"210,319",1,https://www.craigslist.org/view/d/richmond-2015-gmc-yukon-denali-full/7usxpbHjuS2C3BZr4ZNrd9,good,gas,black,clean,automatic,SUV,8 cylinders,4wd,richmond,1GKS2CKJ4FR607862,
2021 Tesla Model 3 Standard Range Plus,32800,"33,100",1,https://www.craigslist.org/view/d/richmond-2021-tesla-model-standard/rX6QfT8G4oxoAsncgw8YkH,excellent,electric,white,clean,automatic,sedan,,rwd,richmond,5YJ3E1EA0MF084818,
2015 Lexus LX 570 LOCAL BC VEHICLE. 7 SEATER. LOW KILOMETRES.,49999,"132,900",1,https://www.craigslist.org/view/d/richmond-2015-lexus-lx-570-local-bc/rutUR8CViXkKmmSj6pctdj,excellent,gas,white,clean,automatic,SUV,8 cylinders,4wd,richmond,JTJHY7AX3F4174885,
2014 Mercedes-Benz GLK-Class GLK350 4-MATIC,14800,"137,243",1,https://www.craigslist.org/view/d/richmond-2014-mercedes-benz-glk-class/3XcEEsv4wqeGG2eLtCDp5i,good,gas,grey,clean,automatic,SUV,6 cylinders,4wd,richmond,WDCGG8JB8EG309006,
2019 Mercedes-Benz CLS-Class CLS 450 4MATIC 4dr Sedan AWD. LOCAL BC VE,37800,"82,828",1,https://www.craigslist.org/view/d/richmond-2019-mercedes-benz-cls-class/k7upkHPgAXro7bnwv4TCpr,excellent,gas,white,clean,automatic,sedan,6 cylinders,4wd,richmond,WDD2J5KB5KA031801,
2020 Cadillac XT6 Sport. 7 SEATER,27999,"121,643",1,https://www.craigslist.org/view/d/richmond-2020-cadillac-xt6-sport-seater/fWnfVuNv4L5AWifervd9ns,excellent,gas,white,clean,automatic,SUV,6 cylinders,4wd,richmond,1GYKPGRS4LZ225341,
2019 BMW 4-Series 440i xDrive. LOCAL BC VEHICLE. LOW KILOMETRES. FULLY,36800,"79,861",1,https://www.craigslist.org/view/d/richmond-2019-bmw-series-440i-xdrive/4jFj3M2QBHRC1HRnrHwPBy,excellent,gas,grey,clean,automatic,coupe,6 cylinders,4wd,richmond,WBA4W9C59KAF94287,
2017 BMW 2-Series 2dr Conv 230i xDrive AWD,26800,"47,860",1,https://www.craigslist.org/view/d/richmond-2017-bmw-series-2dr-conv-230i/dLVUQT9fgFx6S4DN8okRQr,excellent,gas,grey,clean,automatic,convertible,4 cylinders,4wd,richmond,WBA2M9C32H7A47816,
2014 BMW X5 xDrive35i 4dr All-wheel Drive Sports Activity Vehicle Auto,13800,"150,835",1,https://www.craigslist.org/view/d/richmond-2014-bmw-x5-xdrive35i-4dr-all/iyBTacjRwfHQJe5MszU2Bj,good,gas,grey,clean,automatic,SUV,6 cylinders,4wd,richmond,5UXKR0C54E0K43323,
2021 Volkswagen Tiguan United 4MOTION. LOW KILOMETRES.,17800,"121,329",1,https://www.craigslist.org/view/d/richmond-2021-volkswagen-tiguan-united/vgtCFqqmoQL32NPnqjguac,good,gas,blue,clean,automatic,SUV,4 cylinders,4wd,richmond,3VV2B7AX1MM038607,
2014 BMW X5 xDrive35i 4dr All-wheel Drive Sports Activity Vehicle Auto,14800,"150,835",1,https://www.craigslist.org/view/d/richmond-2014-bmw-x5-xdrive35i-4dr-all/23ubxoam7dBS3sYiBqJpfa,good,gas,grey,clean,automatic,SUV,6 cylinders,4wd,richmond,5UXKR0C54E0K43323,
"2006 Porsche 911 carrera s | bc local | one owner | no claim over $1,4",64950,"4,269",1,https://www.craigslist.org/view/d/richmond-2006-porsche-911-carrera-bc/cApcNi2944XdLNtVrS2Ath,like new,gas,grey,clean,automatic,coupe,6 cylinders,rwd,Richmond,,
"2022 Porsche 911 GT3 PDK Local BC Car No Accident LOW 1,400 KM ONLY",339000,"1,400",1,https://www.craigslist.org/view/d/richmond-2022-porsche-911-gt3-pdk-local/5AykxkiVQaU38sMDn2Fjs3,like new,gas,white,clean,automatic,coupe,6 cylinders,rwd,Richmond,WP0AC2A97NS269953,
2020 Chevrolet Equinox LT,19881,"113,108",1,https://www.craigslist.org/view/d/richmond-2020-chevrolet-equinox-lt/gY3cf8bauqUatbm2LgQCaU,excellent,gas,silver,clean,automatic,SUV,,,richmond,,
2026 Kia Seltos SX--MANAGER DEMO SALE,33995,"15,101",1,https://www.craigslist.org/view/d/richmond-2026-kia-seltos-sx-manager/o6gDGkbREdz219g9MAhVeo,excellent,gas,black,clean,automatic,SUV,,,richmond,,
2024 Ford Bronco Sport Big Bend,27488,"50,384",1,https://www.craigslist.org/view/d/richmond-2024-ford-bronco-sport-big-bend/2NibV6iufpQKgMzSV9KGrm,excellent,gas,black,clean,automatic,SUV,,,richmond,,
"2023 Honda HRV/HR-V EX-L w./ Navigation AWD A/T Local Car 30,000 KM",31800,"30,000",1,https://www.craigslist.org/view/d/richmond-2023-honda-hrv-hr-ex-w/wjg2BwoT4wppyNZ6M3PRWY,excellent,gas,white,clean,automatic,SUV,4 cylinders,4wd,Richmond,3CZRZ2H75PM108478,
"2022 Porsche 911 GT3 PDK Local BC Car No Accident LOW 1,400 KM ONLY",339000,"1,400",1,https://www.craigslist.org/view/d/richmond-2022-porsche-911-gt3-pdk-local/bxVHkwnQ8ksJ4gLUAUKp7i,like new,gas,white,clean,automatic,coupe,6 cylinders,rwd,Richmond,WP0AC2A97NS269953,
"2023 Honda HRV/HR-V EX-L w./ Navigation AWD A/T Local Car 30,000 KM",31800,"30,000",1,https://www.craigslist.org/view/d/richmond-2023-honda-hrv-hr-ex-w/oTG6EnBKV7vi57qipcTm9P,excellent,gas,white,clean,automatic,SUV,4 cylinders,4wd,Richmond,3CZRZ2H75PM108478,
"2015 Porsche Panamera 4S Executive PDK Local Car No Accident 61,000 KM",53800,"61,000",1,https://www.craigslist.org/view/d/richmond-2015-porsche-panamera-4s/344zpdvybm5Vc6qm27eZ2A,excellent,gas,black,clean,automatic,sedan,6 cylinders,4wd,Richmond,WP0BB2A74FL060137,
BMW E30,28800,"141,000",1,https://www.craigslist.org/view/d/richmond-south-bmw-e30/p79rzQBb5nMvpADzscNcaU,excellent,gas,black,clean,automatic,coupe,6 cylinders,rwd,Richmond South,,
2015 Jeep Cherokee Limited 4WD | NO ACCIDENT | CLEAN TITLE | LOW KM,15995,"95,448",1,https://www.craigslist.org/view/d/richmond-2015-jeep-cherokee-limited-4wd/wcqriiKo8nZuJkiKhaTKYh,excellent,gas,black,clean,automatic,SUV,6 cylinders,4wd,Richmond,1C4PJMDS9FW704055,
2015 Mercedes-Benz e400 coupe 4matic | bc local | clean title,24500,"58,640",1,https://www.craigslist.org/view/d/richmond-2015-mercedes-benz-e400-coupe/sPnzyd5CnUZEznCH7vR5Kh,like new,gas,grey,clean,automatic,coupe,6 cylinders,4wd,Richmond,,
2020 Mercedes-Benz s560 4matic | bc local,69950,"52,000",1,https://www.craigslist.org/view/d/richmond-2020-mercedes-benz-s560-4matic/p1EtBy1D13VTjic6KKUhYx,like new,gas,black,clean,automatic,sedan,8 cylinders,4wd,Richmond,,
2011 Toyota RAV4 4WD | CLEAN TITLE | BC LOCAL | NAVIGATION,14500,"129,518",1,https://www.craigslist.org/view/d/richmond-2011-toyota-rav4-4wd-clean/sEnVtcQgyQ4aH4SaZKE1Nj,excellent,gas,grey,clean,automatic,SUV,4 cylinders,4wd,Richmond,2T3BF4DV5BW160474,
2011’ Mercedes Benz G550 only 85000Km,62500,"85,000",1,https://www.craigslist.org/view/d/richmond-northeast-2011-mercedes-benz/gfV9jiD2qxUngp6bXuCrJr,excellent,gas,silver,clean,automatic,,,,Richmond,,
2022 Volvo S60 B5 AWD Inscription,34905,"56,431",1,https://www.craigslist.org/view/d/north-vancouver-2022-volvo-s60-b5-awd/di2AUSrNw3igwWRaZ5xBMi,new,gas,black,clean,automatic,sedan,4 cylinders,4wd,North Vancouver,,
2016 Volvo XC60 T6 Drive-E Premier,19905,"108,050",1,https://www.craigslist.org/view/d/north-vancouver-southwest-2016-volvo/tSLDDtvxXdUytFLzmZHjcy,excellent,gas,blue,clean,automatic,SUV,5 cylinders,4wd,North Shore,,
2021 Volvo V60 CC T5,37905,"29,300",1,https://www.craigslist.org/view/d/north-vancouver-southwest-2021-volvo/8nDzp8nK2gNqkFxytAQtdo,excellent,gas,white,clean,automatic,wagon,4 cylinders,4wd,North Vancouver,,
Kiki-778 892 0869-2026 RAM 3500 Big Horn Crew Cab Diesel No Acdt Local,79990,"6,413",1,https://www.craigslist.org/view/d/north-vancouver-kiki-ram-3500-big-horn/ajPrKPkSvumRtaYyU3yvc8,like new,diesel,black,clean,automatic,pickup,6 cylinders,4wd,North Vancouver,3C63R3HLXTG244149,
Kiki-778 892 0869-2025 Honda CRV Hybrid Touring Pkg No Accdt 1 Owner!,44990,"25,821",1,https://www.craigslist.org/view/d/north-vancouver-kiki-honda-crv-hybrid/eXUKrSnGkwQxWDiFQDJbUc,like new,hybrid,blue,clean,automatic,SUV,4 cylinders,4wd,North Vancouver,2HKRS6H99SH206625,
Kiki-778 892 0869-2023 Lexus UX250H Premium Pkg No Accdt Local Hybrid!,35990,"66,830",1,https://www.craigslist.org/view/d/north-vancouver-kiki-lexus-ux250h/aAZqS42QikyntCw1aWJRSF,like new,hybrid,white,clean,automatic,wagon,4 cylinders,4wd,North Vancouver,JTHP9JBH4P2069901,
2019 Volvo XC60 T6 Momentum - Loaded!,29905,"45,600",1,https://www.craigslist.org/view/d/north-vancouver-southwest-2019-volvo/kuKaS5xsH135J6DrcYyJhx,good,gas,white,clean,automatic,SUV,4 cylinders,4wd,North Vancouver,,
Kiki-778 892 0869-2021 Toyota RAV4 Prime XSE No Accdt 1 Owner No Wait!,43990,"58,577",1,https://www.craigslist.org/view/d/north-vancouver-kiki-toyota-rav4-prime/v795odXQZq8BqNL2LVxJKN,like new,hybrid,silver,clean,automatic,SUV,4 cylinders,4wd,North Vancouver,JTMGB3FVXMD070343,
Kiki-778 892 0869-2020 Toyota Corolla Sedan LE Low KM No Accdt Local,23990,"30,606",1,https://www.craigslist.org/view/d/north-vancouver-kiki-toyota-corolla/wiYWw9KbYdBsetXqd99KMU,like new,gas,blue,clean,automatic,sedan,4 cylinders,4wd,North Vancouver,5YFBPRBE6LP124821,
Kiki-778 892 0869- 2013 Lexus ES300H Technology Pkg Low KM Japan Built,23990,"94,021",1,https://www.craigslist.org/view/d/north-vancouver-kiki-lexus-es300h/tVh6wzLUxTiLJU3MFF6ei7,like new,hybrid,white,clean,automatic,sedan,4 cylinders,4wd,North Vancouver,JTHBW1GG7D2031612,
2025 Volvo EX30 Twin Motor Plus AWD,44905,"5,400",1,https://www.craigslist.org/view/d/north-vancouver-southwest-2025-volvo/iVjpvEtUKeku1BqD3uedbs,excellent,electric,blue,clean,automatic,SUV,,4wd,North Vancouver,,
LCPO 2024 Lexus IS300 Premium,42990,"46,107",1,https://www.craigslist.org/view/d/west-vancouver-lcpo-2024-lexus-is300/9D3YT3Cp4MavFEtNyvdQ32,,gas,,clean,automatic,,6 cylinders,4wd,CALL/TEXT KIRA @ 604-754-0354,,
2019 Infiniti QX50 Autograph,25990,"8,652",1,https://www.craigslist.org/view/d/west-vancouver-2019-infiniti-qx50/uXFAfiJXnJsEe59jjxbuJQ,like new,gas,,clean,automatic,,4 cylinders,4wd,CALL/TEXT KIRA @ 604-754-0354,,
2017 Cadillac XT5 Premium Luxury,17990,"127,293",1,https://www.craigslist.org/view/d/west-vancouver-2017-cadillac-xt5/pnVgSEVwo9oehUgxGaYRBs,like new,gas,,clean,automatic,,6 cylinders,4wd,CALL/TEXT KIRA @ 604-754-0354,,
2018 Lexus NX300 Premium,27990,"50,550",1,https://www.craigslist.org/view/d/west-vancouver-2018-lexus-nx300-premium/oAdQaifKabEUa2bDkqgwsr,like new,gas,,clean,automatic,,4 cylinders,4wd,CALL/TEXT KIRA @ 604-754-0354,,
